step,time_s,true_x,true_y,true_z,true_vx,true_vy,true_vz,est_x,est_y,est_z,cmd_fx,cmd_fy,cmd_fz,range_m,dv_step,att_qw,att_qx,att_qy,att_qz,att_err_deg,att_aligned,mission_mode,fault_code,imu_ax,imu_ay,imu_az
0,1.000,-0.0000,199.9998,0.0000,-0.000000,-0.000334,0.000000,-0.0345,200.8344,0.2745,0.0000,-0.1670,0.0000,200.0000,0.000334,1.000000,0.000000,0.000000,0.000000,0.0000,1,0,0,0.004993,0.004508,-0.001133
1,2.000,-0.0000,199.9994,0.0000,-0.000001,-0.000583,0.000000,-0.0934,200.6656,-0.0662,0.0000,-0.1242,0.0000,199.9998,0.000248,1.000000,0.000000,0.000000,0.000000,0.0000,1,0,0,0.006437,0.001442,-0.001779
2,3.000,-0.0000,199.9988,0.0000,-0.000003,-0.000583,0.000000,-0.1509,200.4798,0.2880,0.0000,0.0000,0.0000,199.9994,0.000000,1.000000,0.000000,0.000000,0.000000,0.0000,1,0,0,0.000439,-0.016550,-0.000191
3,4.000,-0.0000,199.9982,0.0000,-0.000004,-0.000584,0.000000,-0.1118,200.3007,0.0787,0.0000,0.0000,0.0000,199.9988,0.000000,1.000000,0.000000,0.000000,0.000000,0.0000,1,0,0,-0.004340,0.001532,0.018966
4,5.000,-0.0000,199.9976,0.0000,-0.000005,-0.000584,0.000000,-0.1528,200.1823,0.1703,0.0000,0.0000,0.0000,199.9982,0.000000,1.000000,0.000000,0.000000,0.000000,0.0000,1,0,0,0.016866,-0.004986,0.009755
5,6.000,-0.0000,199.9972,0.0000,-0.000006,-0.000273,0.000000,-0.1114,199.2933,0.0123,0.0000,0.1560,0.0000,199.9976,0.000312,1.000000,0.000000,0.000000,0.000000,0.0000,1,0,0,-0.012001,-0.000305,-0.011782
6,7.000,-0.0000,199.9970,0.0000,-0.000007,-0.000066,0.000000,-0.0444,199.5191,-0.0019,0.0000,0.1032,0.0000,199.9972,0.000206,1.000000,0.000000,0.000000,0.000000,0.0000,1,0,0,0.000144,0.010512,0.003132
7,8.000,-0.0000,199.9970,0.0000,-0.000007,-0.000067,0.000000,-0.0961,199.8979,-0.0533,0.0000,0.0000,0.0000,199.9970,0.000000,1.000000,0.000000,0.000000,0.000000,0.0000,1,0,0,0.012095,0.001902,-0.005452
8,9.000,-0.0000,199.9969,0.0000,-0.000007,-0.000067,0.000000,-0.0423,199.8241,-0.0702,0.0000,0.0000,0.0000,199.9970,0.000000,1.000000,0.000000,0.000000,0.000000,0.0000,1,0,0,0.021935,0.020433,-0.016422
9,10.000,-0.0000,199.9968,0.0000,-0.000007,-0.000068,0.000000,-0.0366,200.1073,-0.0773,0.0000,0.0000,0.0000,199.9969,0.000000,1.000000,0.000000,0.000000,0.000000,0.0000,1,0,0,0.006190,0.013006,0.002480
10,11.000,-0.0001,199.9968,0.0000,-0.000007,-0.000068,0.000000,-0.1581,199.9620,0.0690,0.0000,0.0000,0.0000,199.9968,0.000000,1.000000,0.000000,0.000000,0.000000,0.0000,1,0,0,0.010210,-0.001162,0.007374
11,12.000,-0.0001,199.9967,0.0000,-0.000007,-0.000068,0.000000,-0.0904,199.8679,-0.0737,0.0000,0.0000,0.0000,199.9968,0.000000,1.000000,0.000000,0.000000,0.000000,0.0000,1,0,0,-0.005684,-0.011703,0.015275
12,13.000,-0.0001,199.9966,0.0000,-0.000008,-0.000069,0.000000,-0.0451,199.9178,-0.0376,0.0000,0.0000,0.0000,199.9967,0.000000,1.000000,0.000000,0.000000,0.000000,0.0000,1,0,0,0.010201,0.020032,-0.003860
13,14.000,-0.0001,199.9966,0.0000,-0.000008,-0.000069,0.000000,-0.0418,199.8521,-0.0053,0.0000,0.0000,0.0000,199.9966,0.000000,1.000000,0.000000,0.000000,0.000000,0.0000,1,0,0,-0.008011,-0.000357,-0.000257
14,15.000,-0.0001,199.9965,0.0000,-0.000008,-0.000069,0.000000,0.0665,200.0018,0.0432,0.0000,0.0000,0.0000,199.9966,0.000000,1.000000,0.000000,0.000000,0.000000,0.0000,1,0,0,0.007407,0.002940,0.019276
15,16.000,-0.0001,199.9964,0.0000,-0.000008,-0.000070,0.000000,-0.0077,199.9964,0.0851,0.0000,0.0000,0.0000,199.9965,0.000000,1.000000,0.000000,0.000000,0.000000,0.0000,1,0,0,0.000853,0.000146,0.003494
16,17.000,-0.0001,199.9963,0.0000,-0.000008,-0.000070,0.000000,0.0590,200.0072,-0.0088,0.0000,0.0000,0.0000,199.9964,0.000000,1.000000,0.000000,0.000000,0.000000,0.0000,1,0,0,0.007567,0.017571,0.007371
17,18.000,-0.0001,199.9963,0.0000,-0.000008,-0.000070,0.000000,0.0755,200.0722,-0.0120,0.0000,0.0000,0.0000,199.9963,0.000000,1.000000,0.000000,0.000000,0.000000,0.0000,1,0,0,-0.006277,0.001519,-0.006239
18,19.000,-0.0001,199.9962,0.0000,-0.000009,-0.000071,0.000000,0.0878,200.2128,-0.0153,0.0000,0.0000,0.0000,199.9963,0.000000,1.000000,0.000000,0.000000,0.000000,0.0000,1,0,0,-0.002734,0.012511,-0.002153
19,20.000,-0.0001,199.9836,0.0000,-0.000034,-0.025068,0.000000,0.1038,200.1249,-0.0630,0.0000,-12.4984,0.0000,199.9962,0.024997,1.000000,0.000000,0.000000,0.000000,0.0000,1,0,0,0.001109,-0.023893,-0.026898
20,21.000,-0.0002,199.9467,0.0000,-0.000115,-0.048815,0.000000,0.0254,200.1920,-0.0648,0.0000,-11.8735,0.0000,199.9836,0.023747,1.000000,0.000000,0.000000,0.000000,0.0000,1,0,0,0.007368,-0.007614,0.029290
21,22.000,-0.0004,199.8866,0.0000,-0.000249,-0.071375,0.000000,0.0835,200.1301,-0.0097,0.0000,-11.2798,0.0000,199.9467,0.022560,1.000000,0.000000,0.000000,0.000000,0.0000,1,0,0,0.018775,-0.023751,-0.004423
22,23.000,-0.0007,199.8045,0.0000,-0.000433,-0.092807,0.000000,0.0731,199.9994,-0.0223,0.0000,-10.7158,0.0000,199.8866,0.021432,1.000000,0.000000,0.000000,0.000000,0.0000,1,0,0,0.015218,-0.018688,-0.002249
23,24.000,-0.0013,199.7015,0.0000,-0.000664,-0.113167,0.000000,0.0537,199.7403,-0.0114,0.0000,-10.1800,0.0000,199.8045,0.020361,1.000000,0.000000,0.000000,0.000000,0.0000,1,0,0,-0.000415,-0.034961,0.014991
24,25.000,-0.0021,199.5787,0.0000,-0.000940,-0.132509,0.000000,0.0609,199.5807,-0.0126,0.0000,-9.6710,0.0000,199.7015,0.019343,1.000000,0.000000,0.000000,0.000000,0.0000,1,0,0,-0.013744,-0.026294,-0.010923
25,26.000,-0.0032,199.4370,0.0000,-0.001259,-0.150883,0.000000,-0.0022,199.3633,0.0142,0.0000,-9.1875,0.0000,199.5787,0.018376,1.000000,0.000000,0.000000,0.000000,0.0000,1,0,0,0.011675,-0.035571,0.010826
26,27.000,-0.0046,199.2774,0.0000,-0.001619,-0.168337,0.000000,-0.0096,199.1477,0.0203,0.0000,-8.7281,0.0000,199.4370,0.017457,1.000000,0.000000,0.000000,0.000000,0.0000,1,0,0,0.006697,-0.005774,-0.018856
27,28.000,-0.0064,199.1007,0.0000,-0.002017,-0.184918,0.000000,-0.0130,198.7928,0.0399,0.0000,-8.2917,0.0000,199.2774,0.016585,1.000000,0.000000,0.000000,0.000000,0.0000,1,0,0,-0.003899,-0.008769,-0.017092
28,29.000,-0.0086,198.9080,0.0000,-0.002452,-0.200669,0.000000,0.0296,198.6137,0.0704,0.0000,-7.8772,0.0000,199.1007,0.015756,1.000000,0.000000,0.000000,0.000000,0.0000,1,0,0,-0.004596,-0.012272,-0.003437
29,30.000,-0.0113,198.6998,0.0000,-0.002922,-0.215632,0.000000,-0.0328,198.3524,0.0531,0.0000,-7.4834,0.0000,198.9080,0.014968,1.000000,0.000000,0.000000,0.000000,0.0000,1,0,0,0.002801,-0.023267,-0.000245
30,31.000,-0.0145,198.4771,0.0000,-0.003426,-0.229845,0.000000,-0.0758,198.0604,0.0221,0.0000,-7.1094,0.0000,198.6998,0.014220,1.000000,0.000000,0.000000,0.000000,0.0000,1,0,0,-0.014774,-0.026256,-0.011333
31,32.000,-0.0181,198.2405,0.0000,-0.003746,-0.243347,0.000000,-0.1144,197.8386,0.0003,0.1072,-6.7540,0.0000,198.4771,0.013511,1.000000,0.000000,0.000000,0.000000,0.0000,1,0,0,0.010224,0.005679,0.016397
32,33.000,-0.0220,197.9907,0.0000,-0.004082,-0.256173,0.000000,-0.0965,197.6410,0.0069,0.1143,-6.4165,0.0000,198.2405,0.012836,1.000000,0.000000,0.000000,0.000000,0.0000,1,0,0,0.002808,-0.018852,-0.007105
33,34.000,-0.0262,197.7284,0.0000,-0.004427,-0.268357,0.000000,-0.0961,197.3334,0.0200,0.1240,-6.0958,0.0000,197.9907,0.012196,1.000000,0.000000,0.000000,0.000000,0.0000,1,0,0,-0.024864,0.002820,0.012571
34,35.000,-0.0308,197.4543,0.0000,-0.004786,-0.279931,0.000000,-0.0633,197.0682,-0.0111,0.1305,-5.7912,0.0000,197.7284,0.011587,1.000000,0.000000,0.000000,0.000000,0.0000,1,0,0,-0.017288,-0.022648,0.010654
35,36.000,-0.0358,197.1689,0.0000,-0.005146,-0.290925,0.000000,-0.0784,196.8057,-0.0055,0.1428,-5.5019,0.0000,197.4543,0.011009,1.000000,0.000000,0.000000,0.000000,0.0000,1,0,0,-0.010307,-0.005076,-0.019916
36,37.000,-0.0411,196.8727,0.0000,-0.005518,-0.301369,0.000000,-0.0402,196.5686,0.0235,0.1493,-5.2270,0.0000,197.1689,0.010460,1.000000,0.000000,0.000000,0.000000,0.0000,1,0,0,0.001964,-0.023020,0.006298
37,38.000,-0.0468,196.5664,0.0000,-0.005889,-0.311289,0.000000,-0.0485,196.3764,0.0676,0.1608,-4.9659,0.0000,196.8727,0.009938,1.000000,0.000000,0.000000,0.000000,0.0000,1,0,0,-0.010574,-0.014304,0.000945
38,39.000,-0.0529,196.2504,0.0000,-0.006275,-0.320713,0.000000,0.0173,196.0377,0.0892,0.1651,-4.7179,0.0000,196.5664,0.009443,1.000000,0.000000,0.000000,0.000000,0.0000,1,0,0,-0.001799,0.004445,0.013413
39,40.000,-0.0594,195.9252,0.0000,-0.006651,-0.329665,0.000000,-0.0236,195.8089,0.0933,0.1801,-4.4823,0.0000,196.2504,0.008973,1.000000,0.000000,0.000000,0.000000,0.0000,1,0,0,-0.006590,-0.001787,0.007511
40,41.000,-0.0662,195.5913,0.0000,-0.007019,-0.338168,0.000000,-0.0510,195.5127,0.0933,0.1938,-4.2585,0.0000,195.9252,0.008527,1.000000,0.000000,0.000000,0.000000,0.0000,1,0,0,-0.003645,-0.011893,0.008450
41,42.000,-0.0734,195.2491,0.0000,-0.007388,-0.346245,0.000000,-0.0327,195.2281,0.0792,0.2028,-4.0459,0.0000,195.5913,0.008103,1.000000,0.000000,0.000000,0.000000,0.0000,1,0,0,-0.010332,-0.005501,-0.017223
42,43.000,-0.0810,194.8990,0.0000,-0.007750,-0.353917,0.000000,-0.0495,194.8352,0.0325,0.2154,-3.8440,0.0000,195.2491,0.007701,1.000000,0.000000,0.000000,0.000000,0.0000,1,0,0,0.008999,0.005949,0.006936
43,44.000,-0.0889,194.5414,0.0000,-0.008099,-0.361205,0.000000,-0.0903,194.5435,0.0174,0.2303,-3.6522,0.0000,194.8990,0.007320,1.000000,0.000000,0.000000,0.000000,0.0000,1,0,0,-0.003530,0.002813,-0.024441
44,45.000,-0.0972,194.1768,0.0000,-0.008436,-0.368128,0.000000,-0.1301,194.1911,0.0107,0.2444,-3.4700,0.0000,194.5415,0.006958,1.000000,0.000000,0.000000,0.000000,0.0000,1,0,0,-0.002875,-0.008318,-0.010203
45,46.000,-0.1058,193.8054,0.0000,-0.008760,-0.374704,0.000000,-0.1708,193.8768,-0.0482,0.2588,-3.2969,0.0000,194.1768,0.006615,1.000000,0.000000,0.000000,0.000000,0.0000,1,0,0,-0.004112,0.006150,0.001210
46,47.000,-0.1147,193.4275,0.0000,-0.009081,-0.380950,0.000000,-0.1593,193.4518,0.0173,0.2673,-3.1325,0.0000,193.8054,0.006289,1.000000,0.000000,0.000000,0.000000,0.0000,1,0,0,0.000572,-0.004449,-0.020643
47,48.000,-0.1239,193.0436,0.0000,-0.009396,-0.386883,0.000000,-0.1696,193.1090,-0.0102,0.2775,-2.9764,0.0000,193.4276,0.005980,1.000000,0.000000,0.000000,0.000000,0.0000,1,0,0,0.002175,-0.011533,0.000886
48,49.000,-0.1335,192.6539,0.0000,-0.009697,-0.392519,0.000000,-0.2106,192.7191,-0.0326,0.2912,-2.8280,0.0000,193.0437,0.005687,1.000000,0.000000,0.000000,0.000000,0.0000,1,0,0,0.002621,-0.011996,0.010476
49,50.000,-0.1433,192.2587,0.0000,-0.009988,-0.397872,0.000000,-0.2300,192.3440,-0.0308,0.3022,-2.6871,0.0000,192.6540,0.005409,1.000000,0.000000,0.000000,0.000000,0.0000,1,0,0,0.021940,0.002515,0.007329
50,51.000,-0.1534,191.8583,0.0000,-0.010269,-0.402957,0.000000,-0.2544,191.9996,-0.0173,0.3130,-2.5533,0.0000,192.2588,0.005146,1.000000,0.000000,0.000000,0.000000,0.0000,1,0,0,-0.005211,-0.009053,-0.001244
51,52.000,-0.1639,191.4529,0.0000,-0.010556,-0.407787,0.000000,-0.2011,191.5715,-0.0126,0.3159,-2.4262,0.0000,191.8584,0.004894,1.000000,0.000000,0.000000,0.000000,0.0000,1,0,0,0.005462,0.009193,0.019211
52,53.000,-0.1745,191.0428,0.0000,-0.010834,-0.412375,0.000000,-0.2144,191.0720,-0.0905,0.3259,-2.3054,0.0000,191.4530,0.004658,1.000000,0.000000,0.000000,0.000000,0.0000,1,0,0,0.009249,0.001736,-0.008325
53,54.000,-0.1855,190.6283,0.0000,-0.011113,-0.416733,0.000000,-0.1753,190.7074,-0.0919,0.3300,-2.1908,0.0000,191.0429,0.004432,1.000000,0.000000,0.000000,0.000000,0.0000,1,0,0,-0.009974,-0.019042,0.003962
54,55.000,-0.1968,190.2095,0.0000,-0.011384,-0.420872,0.000000,-0.1869,190.3694,-0.0426,0.3390,-2.0818,0.0000,190.6284,0.004219,1.000000,0.000000,0.000000,0.000000,0.0000,1,0,0,0.021452,-0.007359,-0.024902
55,56.000,-0.2083,189.7867,0.0000,-0.011650,-0.424804,0.000000,-0.1761,189.9524,0.0275,0.3465,-1.9783,0.0000,190.2096,0.004018,1.000000,0.000000,0.000000,0.000000,0.0000,1,0,0,0.002702,0.011049,-0.006563
56,57.000,-0.2201,189.3600,0.0000,-0.011904,-0.428538,0.000000,-0.1992,189.5408,0.0234,0.3565,-1.8801,0.0000,189.7868,0.003828,1.000000,0.000000,0.000000,0.000000,0.0000,1,0,0,0.011953,-0.019075,-0.014033
57,58.000,-0.2321,188.9297,0.0000,-0.012158,-0.432085,0.000000,-0.1714,189.1688,0.0280,0.3609,-1.7867,0.0000,189.3601,0.003646,1.000000,0.000000,0.000000,0.000000,0.0000,1,0,0,-0.011551,0.000337,0.004802
58,59.000,-0.2444,188.4959,0.0000,-0.012402,-0.435454,0.000000,-0.1792,188.8567,-0.0149,0.3696,-1.6980,0.0000,188.9298,0.003476,1.000000,0.000000,0.000000,0.000000,0.0000,1,0,0,-0.003850,-0.008060,0.002549
59,60.000,-0.2569,188.0588,0.0000,-0.012629,-0.438654,0.000000,-0.2309,188.3547,-0.0543,0.3822,-1.6138,0.0000,188.4961,0.003318,1.000000,0.000000,0.000000,0.000000,0.0000,1,0,0,0.006732,-0.005891,-0.018126
60,61.000,-0.2696,187.6187,0.0000,-0.012857,-0.441694,0.000000,-0.1894,187.7756,0.0100,0.3848,-1.5338,0.0000,188.0590,0.003163,1.000000,0.000000,0.000000,0.000000,0.0000,1,0,0,-0.013774,-0.003509,0.000962
61,62.000,-0.2826,187.1755,0.0000,-0.013074,-0.444581,0.000000,-0.2152,187.3286,0.0052,0.3941,-1.4578,0.0000,187.6189,0.003021,1.000000,0.000000,0.000000,0.000000,0.0000,1,0,0,0.013219,0.011659,0.006838
62,63.000,-0.2958,186.7296,0.0000,-0.013277,-0.447323,0.000000,-0.2476,186.9278,-0.0059,0.4040,-1.3856,0.0000,187.1757,0.002887,1.000000,0.000000,0.000000,0.000000,0.0000,1,0,0,0.004991,0.000545,-0.003109
63,64.000,-0.3091,186.2810,0.0000,-0.013473,-0.449928,0.000000,-0.2548,186.4519,0.0181,0.4108,-1.3171,0.0000,186.7298,0.002760,1.000000,0.000000,0.000000,0.000000,0.0000,1,0,0,-0.011629,-0.006281,-0.013718
64,65.000,-0.3227,185.8298,0.0000,-0.013652,-0.452402,0.000000,-0.2993,185.9541,-0.0112,0.4220,-1.2519,0.0000,186.2812,0.002643,1.000000,0.000000,0.000000,0.000000,0.0000,1,0,0,0.002232,-0.004582,-0.005080
65,66.000,-0.3364,185.3762,0.0000,-0.013824,-0.454752,0.000000,-0.3091,185.5016,0.0106,0.4284,-1.1901,0.0000,185.8301,0.002530,1.000000,0.000000,0.000000,0.000000,0.0000,1,0,0,0.020102,0.004859,0.013601
66,67.000,-0.3503,184.9203,0.0000,-0.013985,-0.456984,0.000000,-0.3366,185.1419,-0.0172,0.4365,-1.1314,0.0000,185.3765,0.002426,1.000000,0.000000,0.000000,0.000000,0.0000,1,0,0,-0.011948,-0.008845,0.002941
67,68.000,-0.3644,184.4623,0.0000,-0.014123,-0.459104,0.000000,-0.4177,184.6473,-0.0158,0.4504,-1.0755,0.0000,184.9207,0.002333,1.000000,0.000000,0.000000,0.000000,0.0000,1,0,0,0.014895,-0.007359,-0.006177
68,69.000,-0.3786,184.0022,0.0000,-0.014247,-0.461117,0.000000,-0.4689,184.1515,0.0019,0.4602,-1.0225,0.0000,184.4627,0.002243,1.000000,0.000000,0.000000,0.000000,0.0000,1,0,0,-0.006162,-0.006258,0.005961
69,70.000,-0.3929,183.5401,0.0000,-0.014372,-0.463030,0.000000,-0.4455,183.7659,0.0359,0.4616,-0.9722,0.0000,184.0026,0.002153,1.000000,0.000000,0.000000,0.000000,0.0000,1,0,0,0.009923,0.006244,0.001007
70,71.000,-0.4073,183.0762,0.0000,-0.014497,-0.464847,0.000000,-0.4284,183.2665,0.1011,0.4637,-0.9244,0.0000,183.5405,0.002069,1.000000,0.000000,0.000000,0.000000,0.0000,1,0,0,0.002030,0.002596,-0.003002
71,72.000,-0.4219,182.6105,0.0000,-0.014609,-0.466572,0.000000,-0.4680,182.7492,0.1107,0.4723,-0.8790,0.0000,183.0766,0.001996,1.000000,0.000000,0.000000,0.000000,0.0000,1,0,0,-0.007534,-0.005530,-0.000609
72,73.000,-0.4365,182.1431,0.0000,-0.014714,-0.468211,0.000000,-0.4860,182.1653,0.0836,0.4777,-0.8358,0.0000,182.6110,0.001926,1.000000,0.000000,0.000000,0.000000,0.0000,1,0,0,-0.015790,0.004204,-0.001506
73,74.000,-0.4513,181.6741,0.0000,-0.014810,-0.469768,0.000000,-0.5181,181.6929,0.0919,0.4843,-0.7948,0.0000,182.1436,0.001862,1.000000,0.000000,0.000000,0.000000,0.0000,1,0,0,0.003980,0.003562,-0.023740
74,75.000,-0.4662,181.2036,0.0000,-0.014906,-0.471247,0.000000,-0.5061,181.3084,0.0752,0.4858,-0.7559,0.0000,181.6747,0.001798,1.000000,0.000000,0.000000,0.000000,0.0000,1,0,0,0.004131,-0.006717,-0.010429
75,76.000,-0.4811,180.7316,0.0000,-0.015002,-0.472651,0.000000,-0.4936,180.7601,0.1179,0.4875,-0.7190,0.0000,181.2042,0.001738,1.000000,0.000000,0.000000,0.000000,0.0000,1,0,0,-0.002224,0.001356,0.016496
76,77.000,-0.4962,180.2583,0.0000,-0.015082,-0.473985,0.000000,-0.5526,180.2260,0.1118,0.4971,-0.6838,0.0000,180.7323,0.001691,1.000000,0.000000,0.000000,0.000000,0.0000,1,0,0,-0.019364,0.000635,0.010973
77,78.000,-0.5113,179.7837,0.0000,-0.015158,-0.475253,0.000000,-0.5574,179.7526,0.0423,0.5008,-0.6505,0.0000,180.2590,0.001642,1.000000,0.000000,0.000000,0.000000,0.0000,1,0,0,-0.012629,-0.003786,-0.000050
78,79.000,-0.5265,179.3078,0.0000,-0.015233,-0.476456,0.000000,-0.5551,179.1749,0.0489,0.5024,-0.6188,0.0000,179.7844,0.001595,1.000000,0.000000,0.000000,0.000000,0.0000,1,0,0,-0.006760,-0.018135,0.009321
79,80.000,-0.5417,178.8308,0.0000,-0.015300,-0.477600,0.000000,-0.5786,178.6617,0.0843,0.5078,-0.5887,0.0000,179.3086,0.001555,1.000000,0.000000,0.000000,0.000000,0.0000,1,0,0,0.001887,0.001047,-0.002987
80,81.000,-0.5571,178.3527,0.0000,-0.015366,-0.478686,0.000000,-0.5777,178.2462,0.0497,0.5097,-0.5602,0.0000,178.8316,0.001515,1.000000,0.000000,0.000000,0.000000,0.0000,1,0,0,0.012946,-0.011137,0.001196
81,82.000,-0.5725,177.8735,0.0000,-0.015427,-0.479717,0.000000,-0.5908,177.7947,-0.0054,0.5135,-0.5330,0.0000,178.3535,0.001481,1.000000,0.000000,0.000000,0.000000,0.0000,1,0,0,0.011416,-0.003421,-0.000973
82,83.000,-0.5879,177.3933,0.0000,-0.015478,-0.480697,0.000000,-0.6221,177.2864,-0.0211,0.5195,-0.5072,0.0000,177.8744,0.001452,1.000000,0.000000,0.000000,0.000000,0.0000,1,0,0,-0.000787,0.016322,0.003580
83,84.000,-0.6034,176.9121,0.0000,-0.015536,-0.481628,0.000000,-0.5856,176.7504,-0.0253,0.5171,-0.4827,0.0000,177.3942,0.001415,1.000000,0.000000,0.000000,0.000000,0.0000,1,0,0,0.002014,-0.008573,-0.006198
84,85.000,-0.6190,176.4300,0.0000,-0.015594,-0.482512,0.000000,-0.5771,176.2670,-0.0000,0.5182,-0.4595,0.0000,176.9131,0.001385,1.000000,0.000000,0.000000,0.000000,0.0000,1,0,0,-0.012985,-0.015852,-0.005185
85,86.000,-0.6346,175.9471,0.0000,-0.015645,-0.483352,0.000000,-0.5999,175.7318,0.0209,0.5228,-0.4374,0.0000,176.4311,0.001364,1.000000,0.000000,0.000000,0.000000,0.0000,1,0,0,0.002008,0.007828,0.000217
86,87.000,-0.6503,175.4633,0.0000,-0.015696,-0.484149,0.000000,-0.5949,175.2244,-0.0065,0.5238,-0.4164,0.0000,175.9482,0.001339,1.000000,0.000000,0.000000,0.000000,0.0000,1,0,0,-0.003929,0.001669,-0.007102
87,88.000,-0.6660,174.9788,0.0000,-0.015736,-0.484907,0.000000,-0.6356,174.6815,0.0193,0.5302,-0.3964,0.0000,175.4646,0.001324,1.000000,0.000000,0.000000,0.000000,0.0000,1,0,0,0.005708,0.015316,0.011926
88,89.000,-0.6817,174.4936,0.0000,-0.015763,-0.485627,0.000000,-0.6788,174.2600,0.0479,0.5373,-0.3775,0.0000,174.9801,0.001314,1.000000,0.000000,0.000000,0.000000,0.0000,1,0,0,-0.009216,-0.006616,-0.007090
89,90.000,-0.6975,174.0076,0.0000,-0.015778,-0.486310,0.000000,-0.7315,173.8773,0.0149,0.5445,-0.3595,0.0000,174.4949,0.001305,1.000000,0.000000,0.000000,0.000000,0.0000,1,0,0,-0.000314,0.008453,-0.004958
90,91.000,-0.7133,173.5209,0.0000,-0.015789,-0.486959,0.000000,-0.7471,173.4474,0.0069,0.5469,-0.3424,0.0000,174.0090,0.001291,1.000000,0.000000,0.000000,0.000000,0.0000,1,0,0,0.005302,0.008706,0.002221
91,92.000,-0.7291,173.0337,0.0000,-0.015790,-0.487576,0.000000,-0.7889,172.9908,-0.0172,0.5528,-0.3261,0.0000,173.5224,0.001284,1.000000,0.000000,0.000000,0.000000,0.0000,1,0,0,-0.001507,-0.000986,0.011087
92,93.000,-0.7449,172.5458,0.0000,-0.015801,-0.488162,0.000000,-0.7527,172.5338,-0.0759,0.5488,-0.3107,0.0000,173.0352,0.001262,1.000000,0.000000,0.000000,0.000000,0.0000,1,0,0,-0.011377,0.015817,0.002392
93,94.000,-0.7607,172.0574,0.0000,-0.015805,-0.488719,0.000000,-0.7796,172.0955,-0.0425,0.5527,-0.2961,0.0000,172.5474,0.001254,1.000000,0.000000,0.000000,0.000000,0.0000,1,0,0,0.006169,0.013832,-0.003137
94,95.000,-0.7765,171.5684,0.0000,-0.015803,-0.489248,0.000000,-0.8071,171.6278,-0.0757,0.5564,-0.2821,0.0000,172.0591,0.001248,1.000000,0.000000,0.000000,0.000000,0.0000,1,0,0,0.011602,-0.013741,-0.006008
95,96.000,-0.7923,171.0789,0.0000,-0.015798,-0.489750,0.000000,-0.8229,171.1419,-0.0318,0.5588,-0.2689,0.0000,171.5701,0.001241,1.000000,0.000000,0.000000,0.000000,0.0000,1,0,0,0.013491,-0.015319,0.006821
96,97.000,-0.8081,170.5889,0.0000,-0.015800,-0.490227,0.000000,-0.7963,170.6448,-0.0160,0.5556,-0.2564,0.0000,171.0807,0.001224,1.000000,0.000000,0.000000,0.000000,0.0000,1,0,0,-0.003475,-0.005979,0.005128
97,98.000,-0.8239,170.0984,0.0000,-0.015797,-0.490681,0.000000,-0.8162,170.1994,-0.0500,0.5586,-0.2444,0.0000,170.5908,0.001220,1.000000,0.000000,0.000000,0.000000,0.0000,1,0,0,0.008633,-0.023023,-0.001881
98,99.000,-0.8397,169.6075,0.0000,-0.015787,-0.491111,0.000000,-0.8463,169.6385,-0.0136,0.5627,-0.2331,0.0000,170.1004,0.001218,1.000000,0.000000,0.000000,0.000000,0.0000,1,0,0,-0.001637,-0.022211,-0.001023
99,100.000,-0.8555,169.1162,0.0000,-0.015775,-0.491520,0.000000,-0.8617,169.0798,-0.0500,0.5643,-0.2223,0.0000,169.6096,0.001213,1.000000,0.000000,0.000000,0.000000,0.0000,1,0,0,-0.005119,0.001798,-0.003319
100,101.000,-0.8712,168.6245,0.0000,-0.015762,-0.491909,0.000000,-0.8610,168.5391,-0.0644,0.5651,-0.2121,0.0000,169.1184,0.001207,1.000000,0.000000,0.000000,0.000000,0.0000,1,0,0,-0.017255,-0.008519,-0.002245
101,102.000,-0.8870,168.1324,0.0000,-0.015738,-0.492278,0.000000,-0.9094,167.9900,-0.0611,0.5711,-0.2023,0.0000,168.6268,0.001212,1.000000,0.000000,0.000000,0.000000,0.0000,1,0,0,0.001757,0.012302,0.002173
102,103.000,-0.9027,167.6400,0.0000,-0.015714,-0.492629,0.000000,-0.9177,167.5752,-0.0623,0.5715,-0.1931,0.0000,168.1348,0.001207,1.000000,0.000000,0.000000,0.000000,0.0000,1,0,0,-0.012504,0.014709,-0.010728
103,104.000,-0.9184,167.1472,0.0000,-0.015704,-0.492963,0.000000,-0.8691,167.0479,-0.0332,0.5651,-0.1844,0.0000,167.6424,0.001189,1.000000,0.000000,0.000000,0.000000,0.0000,1,0,0,0.009109,-0.006517,0.001231
104,105.000,-0.9341,166.6541,0.0000,-0.015691,-0.493279,0.000000,-0.8825,166.5380,-0.0396,0.5670,-0.1760,0.0000,167.1497,0.001188,1.000000,0.000000,0.000000,0.000000,0.0000,1,0,0,0.004271,0.015102,-0.005580
105,106.000,-0.9498,166.1606,0.0000,-0.015673,-0.493580,0.000000,-0.8978,166.0270,-0.0371,0.5698,-0.1681,0.0000,166.6567,0.001188,1.000000,0.000000,0.000000,0.000000,0.0000,1,0,0,0.014030,-0.027245,-0.010876
106,107.000,-0.9655,165.6669,0.0000,-0.015663,-0.493866,0.000000,-0.8777,165.4691,-0.0700,0.5664,-0.1606,0.0000,166.1633,0.001178,1.000000,0.000000,0.000000,0.000000,0.0000,1,0,0,0.006999,-0.003328,-0.006028
107,108.000,-0.9811,165.1729,0.0000,-0.015646,-0.494138,0.000000,-0.8986,164.9213,-0.0186,0.5696,-0.1534,0.0000,165.6697,0.001180,1.000000,0.000000,0.000000,0.000000,0.0000,1,0,0,0.006141,0.022474,0.021127
108,109.000,-0.9968,164.6786,0.0000,-0.015627,-0.494396,0.000000,-0.9163,164.3936,-0.0682,0.5717,-0.1466,0.0000,165.1758,0.001181,1.000000,0.000000,0.000000,0.000000,0.0000,1,0,0,0.005991,0.002119,0.002415
109,110.000,-1.0124,164.1841,0.0000,-0.015600,-0.494641,0.000000,-0.9449,163.9290,-0.0981,0.5754,-0.1402,0.0000,164.6816,0.001185,1.000000,0.000000,0.000000,0.000000,0.0000,1,0,0,0.008319,-0.006289,-0.003734
110,111.000,-1.0279,163.6894,0.0000,-0.015562,-0.494874,0.000000,-0.9951,163.4311,-0.1041,0.5816,-0.1340,0.0000,164.1872,0.001194,1.000000,0.000000,0.000000,0.000000,0.0000,1,0,0,-0.001273,0.013288,-0.009266
111,112.000,-1.0435,163.1944,0.0000,-0.015514,-0.495096,0.000000,-1.0351,162.9757,-0.0874,0.5866,-0.1281,0.0000,163.6926,0.001201,1.000000,0.000000,0.000000,0.000000,0.0000,1,0,0,0.005663,0.013803,0.001683
112,113.000,-1.0590,162.6992,0.0000,-0.015470,-0.495306,0.000000,-1.0328,162.4512,-0.0483,0.5853,-0.1226,0.0000,163.1977,0.001196,1.000000,0.000000,0.000000,0.000000,0.0000,1,0,0,-0.007962,0.002401,-0.000747
113,114.000,-1.0744,162.2038,0.0000,-0.015423,-0.495506,0.000000,-1.0497,161.8962,-0.0459,0.5863,-0.1174,0.0000,162.7026,0.001196,1.000000,0.000000,0.000000,0.000000,0.0000,1,0,0,0.016875,-0.006916,0.002582
114,115.000,-1.0898,161.7082,0.0000,-0.015361,-0.495696,0.000000,-1.1119,161.4626,-0.0257,0.5945,-0.1123,0.0000,162.2073,0.001210,1.000000,0.000000,0.000000,0.000000,0.0000,1,0,0,-0.012552,-0.010648,0.005795
115,116.000,-1.1052,161.2124,0.0000,-0.015308,-0.495876,0.000000,-1.0918,161.0180,-0.0290,0.5905,-0.1076,0.0000,161.7118,0.001201,1.000000,0.000000,0.000000,0.000000,0.0000,1,0,0,-0.018182,0.003197,-0.000337
116,117.000,-1.1204,160.7164,0.0000,-0.015250,-0.496048,0.000000,-1.1207,160.6236,-0.0109,0.5932,-0.1030,0.0000,161.2162,0.001204,1.000000,0.000000,0.000000,0.000000,0.0000,1,0,0,-0.007019,-0.000085,-0.022946
117,118.000,-1.1356,160.2204,0.0000,-0.015191,-0.496014,0.000000,-1.1333,160.1808,0.0185,0.5936,0.0000,0.0000,160.7203,0.001188,1.000000,0.000000,0.000000,0.000000,0.0000,1,0,0,0.000828,0.003900,0.001782
118,119.000,-1.1508,159.7244,0.0000,-0.015135,-0.495979,0.000000,-1.1258,159.7342,-0.0007,0.5918,0.0000,0.0000,160.2244,0.001184,1.000000,0.000000,0.000000,0.000000,0.0000,1,0,0,-0.004964,0.000712,-0.009141
119,120.000,-1.1659,159.2283,0.0000,-0.015077,-0.496146,0.000000,-1.1473,159.2681,0.0248,0.5934,-0.1004,0.0000,159.7285,0.001204,1.000000,0.000000,0.000000,0.000000,0.0000,1,0,0,0.012435,0.004935,-0.002371
120,121.000,-1.1810,158.7322,0.0000,-0.015014,-0.496112,0.000000,-1.1726,158.8605,0.0320,0.5957,0.0000,0.0000,159.2326,0.001192,1.000000,0.000000,0.000000,0.000000,0.0000,1,0,0,0.011462,0.016754,0.008707
121,122.000,-1.1959,158.2361,0.0000,-0.014949,-0.496079,0.000000,-1.1873,158.3542,0.0309,0.5969,0.0000,0.0000,158.7366,0.001194,1.000000,0.000000,0.000000,0.000000,0.0000,1,0,0,-0.015306,0.021767,0.002338
122,123.000,-1.2109,157.7400,0.0000,-0.014880,-0.496045,0.000000,-1.2129,157.8332,0.0406,0.5986,0.0000,0.0000,158.2406,0.001197,1.000000,0.000000,0.000000,0.000000,0.0000,1,0,0,0.004880,0.005558,0.011200
123,124.000,-1.2257,157.2440,0.0000,-0.014787,-0.496011,0.000000,-1.3057,157.2638,0.0411,0.6109,0.0000,0.0000,157.7447,0.001222,1.000000,0.000000,0.000000,0.000000,0.0000,1,0,0,-0.005037,-0.001641,0.004800
124,125.000,-1.2404,156.7480,0.0000,-0.014701,-0.495978,0.000000,-1.2955,156.7847,-0.0046,0.6073,0.0000,0.0000,157.2488,0.001215,1.000000,0.000000,0.000000,0.000000,0.0000,1,0,0,0.008313,0.001313,0.021675
125,126.000,-1.2551,156.2520,0.0000,-0.014634,-0.496146,0.000000,-1.2388,156.2272,-0.0181,0.5980,-0.1004,0.0000,156.7529,0.001213,1.000000,0.000000,0.000000,0.000000,0.0000,1,0,0,0.003679,-0.001927,-0.000998
126,127.000,-1.2697,155.7558,0.0000,-0.014579,-0.496113,0.000000,-1.2069,155.6662,-0.0235,0.5919,0.0000,0.0000,156.2570,0.001184,1.000000,0.000000,0.000000,0.000000,0.0000,1,0,0,-0.001120,-0.009096,0.019455
127,128.000,-1.2843,155.2597,0.0000,-0.014523,-0.496080,0.000000,-1.2154,155.2146,0.0257,0.5924,0.0000,0.0000,155.7610,0.001185,1.000000,0.000000,0.000000,0.000000,0.0000,1,0,0,0.007781,-0.002396,-0.005602
128,129.000,-1.2988,154.7637,0.0000,-0.014461,-0.496047,0.000000,-1.2437,154.7861,0.0475,0.5955,0.0000,0.0000,155.2650,0.001191,1.000000,0.000000,0.000000,0.000000,0.0000,1,0,0,0.012102,0.009338,-0.006925
129,130.000,-1.3132,154.2676,0.0000,-0.014391,-0.496015,0.000000,-1.2796,154.3005,0.0048,0.5996,0.0000,0.0000,154.7691,0.001199,1.000000,0.000000,0.000000,0.000000,0.0000,1,0,0,-0.005273,-0.002399,-0.026143
130,131.000,-1.3275,153.7716,0.0000,-0.014308,-0.495983,0.000000,-1.3361,153.9833,0.0259,0.6059,0.0000,0.0000,154.2732,0.001212,1.000000,0.000000,0.000000,0.000000,0.0000,1,0,0,-0.012001,0.009971,-0.009344
131,132.000,-1.3418,153.2757,0.0000,-0.014206,-0.495950,0.000000,-1.4126,153.5246,0.0701,0.6155,0.0000,0.0000,153.7774,0.001231,1.000000,0.000000,0.000000,0.000000,0.0000,1,0,0,0.015506,-0.018747,0.002791
132,133.000,-1.3559,152.7796,0.0000,-0.014094,-0.496120,0.000000,-1.4596,152.9612,0.0559,0.6202,-0.1007,0.0000,153.2815,0.001257,1.000000,0.000000,0.000000,0.000000,0.0000,1,0,0,-0.005341,-0.019053,-0.012213
133,134.000,-1.3700,152.2835,0.0000,-0.013981,-0.496088,0.000000,-1.4815,152.4403,0.1099,0.6214,0.0000,0.0000,152.7856,0.001243,1.000000,0.000000,0.000000,0.000000,0.0000,1,0,0,-0.004991,0.009455,-0.014181
134,135.000,-1.3839,151.7875,0.0000,-0.013874,-0.496057,0.000000,-1.4696,151.9131,0.0428,0.6179,0.0000,0.0000,152.2897,0.001236,1.000000,0.000000,0.000000,0.000000,0.0000,1,0,0,-0.012531,0.012546,0.007301
135,136.000,-1.3977,151.2914,0.0000,-0.013772,-0.496026,0.000000,-1.4745,151.4297,0.0316,0.6158,0.0000,0.0000,151.7938,0.001232,1.000000,0.000000,0.000000,0.000000,0.0000,1,0,0,0.020952,-0.002291,0.022540
136,137.000,-1.4114,150.7954,0.0000,-0.013670,-0.495995,0.000000,-1.4811,150.8035,0.0314,0.6156,0.0000,0.0000,151.2979,0.001231,1.000000,0.000000,0.000000,0.000000,0.0000,1,0,0,-0.000475,-0.018489,-0.001808
137,138.000,-1.4251,150.2994,0.0000,-0.013582,-0.495964,0.000000,-1.4487,150.3252,-0.0081,0.6086,0.0000,0.0000,150.8020,0.001218,1.000000,0.000000,0.000000,0.000000,0.0000,1,0,0,0.003314,-0.009067,-0.007506
138,139.000,-1.4386,149.8034,0.0000,-0.013508,-0.496134,0.000000,-1.4104,149.7767,-0.0229,0.6014,-0.1004,0.0000,150.3062,0.001220,1.000000,0.000000,0.000000,0.000000,0.0000,1,0,0,-0.024196,-0.009839,-0.005736
139,140.000,-1.4521,149.3073,0.0000,-0.013428,-0.496104,0.000000,-1.4415,149.3235,0.0144,0.6048,0.0000,0.0000,149.8103,0.001210,1.000000,0.000000,0.000000,0.000000,0.0000,1,0,0,0.000416,0.013495,0.014984
140,141.000,-1.4655,148.8112,0.0000,-0.013347,-0.496074,0.000000,-1.4577,148.8685,-0.0315,0.6056,0.0000,0.0000,149.3143,0.001211,1.000000,0.000000,0.000000,0.000000,0.0000,1,0,0,0.012097,0.013331,0.010428
141,142.000,-1.4788,148.3151,0.0000,-0.013250,-0.496044,0.000000,-1.5155,148.3272,0.0252,0.6131,0.0000,0.0000,148.8184,0.001227,1.000000,0.000000,0.000000,0.000000,0.0000,1,0,0,-0.017348,-0.021034,0.004616
142,143.000,-1.4920,147.8191,0.0000,-0.013169,-0.496014,0.000000,-1.4734,147.7435,0.0549,0.6052,0.0000,0.0000,148.3225,0.001211,1.000000,0.000000,0.000000,0.000000,0.0000,1,0,0,0.023347,-0.003470,0.005262
143,144.000,-1.5051,147.3231,0.0000,-0.013104,-0.495984,0.000000,-1.4292,147.2780,0.0337,0.5974,0.0000,0.0000,147.8266,0.001195,1.000000,0.000000,0.000000,0.000000,0.0000,1,0,0,0.008615,0.009773,0.002014
144,145.000,-1.5182,146.8271,0.0000,-0.013024,-0.495955,0.000000,-1.4832,146.7198,0.0252,0.6050,0.0000,0.0000,147.3308,0.001210,1.000000,0.000000,0.000000,0.000000,0.0000,1,0,0,0.002662,-0.004267,0.000673
145,146.000,-1.5311,146.3311,0.0000,-0.012920,-0.496126,0.000000,-1.5734,146.2652,-0.0070,0.6169,-0.1003,0.0000,146.8350,0.001250,1.000000,0.000000,0.000000,0.000000,0.0000,1,0,0,0.011228,-0.013073,-0.008869
146,147.000,-1.5440,145.8350,0.0000,-0.012828,-0.496097,0.000000,-1.5445,145.7107,-0.0234,0.6110,0.0000,0.0000,146.3391,0.001222,1.000000,0.000000,0.000000,0.000000,0.0000,1,0,0,0.001562,-0.010389,0.003196
147,148.000,-1.5568,145.3389,0.0000,-0.012728,-0.496068,0.000000,-1.5815,145.2532,-0.0113,0.6150,0.0000,0.0000,145.8431,0.001230,1.000000,0.000000,0.000000,0.000000,0.0000,1,0,0,0.004343,0.003867,0.006064
148,149.000,-1.5695,144.8428,0.0000,-0.012639,-0.496040,0.000000,-1.5557,144.7430,-0.0607,0.6092,0.0000,0.0000,145.3472,0.001219,1.000000,0.000000,0.000000,0.000000,0.0000,1,0,0,-0.001690,0.008366,0.002295
149,150.000,-1.5821,144.3468,0.0000,-0.012559,-0.496011,0.000000,-1.5354,144.2141,-0.0818,0.6053,0.0000,0.0000,144.8513,0.001211,1.000000,0.000000,0.000000,0.000000,0.0000,1,0,0,0.004964,-0.008725,-0.001443
150,151.000,-1.5946,143.8508,0.0000,-0.012482,-0.495983,0.000000,-1.5301,143.7812,-0.0462,0.6032,0.0000,0.0000,144.3555,0.001207,1.000000,0.000000,0.000000,0.000000,0.0000,1,0,0,-0.002319,0.008287,-0.002746
151,152.000,-1.6071,143.3548,0.0000,-0.012413,-0.495955,0.000000,-1.5114,143.2430,-0.0639,0.5997,0.0000,0.0000,143.8596,0.001200,1.000000,0.000000,0.000000,0.000000,0.0000,1,0,0,-0.011464,0.014654,0.006566
152,153.000,-1.6194,142.8588,0.0000,-0.012328,-0.496128,0.000000,-1.5674,142.7430,-0.0750,0.6074,-0.1003,0.0000,143.3638,0.001232,1.000000,0.000000,0.000000,0.000000,0.0000,1,0,0,-0.011578,0.002786,0.013199
153,154.000,-1.6317,142.3627,0.0000,-0.012249,-0.496100,0.000000,-1.5599,142.3256,-0.0669,0.6044,0.0000,0.0000,142.8680,0.001209,1.000000,0.000000,0.000000,0.000000,0.0000,1,0,0,0.010362,0.004978,0.000659
154,155.000,-1.6439,141.8666,0.0000,-0.012161,-0.496072,0.000000,-1.5949,141.8123,-0.1188,0.6090,0.0000,0.0000,142.3720,0.001218,1.000000,0.000000,0.000000,0.000000,0.0000,1,0,0,-0.006119,-0.008639,-0.004643
155,156.000,-1.6560,141.3705,0.0000,-0.012069,-0.496045,0.000000,-1.6182,141.3768,-0.0558,0.6114,0.0000,0.0000,141.8761,0.001223,1.000000,0.000000,0.000000,0.000000,0.0000,1,0,0,0.004193,0.002435,-0.003103
156,157.000,-1.6681,140.8745,0.0000,-0.011980,-0.496018,0.000000,-1.6145,140.8954,0.0050,0.6098,0.0000,0.0000,141.3802,0.001220,1.000000,0.000000,0.000000,0.000000,0.0000,1,0,0,-0.005234,-0.006681,0.001937
157,158.000,-1.6800,140.3785,0.0000,-0.011890,-0.495991,0.000000,-1.6219,140.3556,0.0017,0.6097,0.0000,0.0000,140.8844,0.001220,1.000000,0.000000,0.000000,0.000000,0.0000,1,0,0,0.018203,-0.018948,0.008771
158,159.000,-1.6918,139.8825,0.0000,-0.011799,-0.495964,0.000000,-1.6362,139.8493,-0.0325,0.6106,0.0000,0.0000,140.3885,0.001222,1.000000,0.000000,0.000000,0.000000,0.0000,1,0,0,0.003686,0.001584,0.021553
159,160.000,-1.7036,139.3866,0.0000,-0.011684,-0.495938,0.000000,-1.7137,139.3709,-0.0306,0.6229,0.0000,0.0000,139.8927,0.001246,1.000000,0.000000,0.000000,0.000000,0.0000,1,0,0,-0.006517,-0.002162,0.017561
160,161.000,-1.7152,138.8905,0.0000,-0.011568,-0.496112,0.000000,-1.7305,138.8997,-0.0361,0.6233,-0.1002,0.0000,139.3970,0.001263,1.000000,0.000000,0.000000,0.000000,0.0000,1,0,0,-0.010761,-0.006027,-0.011707
161,162.000,-1.7267,138.3944,0.0000,-0.011458,-0.496086,0.000000,-1.7214,138.3856,-0.0265,0.6201,0.0000,0.0000,138.9011,0.001240,1.000000,0.000000,0.000000,0.000000,0.0000,1,0,0,0.005502,-0.006210,0.005180
162,163.000,-1.7381,137.8984,0.0000,-0.011351,-0.496060,0.000000,-1.7222,137.8236,-0.0225,0.6186,0.0000,0.0000,138.4052,0.001238,1.000000,0.000000,0.000000,0.000000,0.0000,1,0,0,0.000886,0.000425,-0.004593
163,164.000,-1.7494,137.4023,0.0000,-0.011235,-0.496035,0.000000,-1.7549,137.2765,0.0093,0.6234,0.0000,0.0000,137.9093,0.001247,1.000000,0.000000,0.000000,0.000000,0.0000,1,0,0,-0.009460,0.000811,-0.005567
164,165.000,-1.7606,136.9063,0.0000,-0.011112,-0.496010,0.000000,-1.7870,136.7163,0.0151,0.6268,0.0000,0.0000,137.4135,0.001254,1.000000,0.000000,0.000000,0.000000,0.0000,1,0,0,-0.005790,-0.000418,0.004092
165,166.000,-1.7716,136.4103,0.0000,-0.010987,-0.495985,0.000000,-1.8031,136.2349,0.0244,0.6281,0.0000,0.0000,136.9176,0.001256,1.000000,0.000000,0.000000,0.000000,0.0000,1,0,0,-0.006274,-0.000226,0.000915
166,167.000,-1.7826,135.9143,0.0000,-0.010861,-0.495960,0.000000,-1.8184,135.8016,0.0199,0.6283,0.0000,0.0000,136.4218,0.001257,1.000000,0.000000,0.000000,0.000000,0.0000,1,0,0,-0.019911,0.000780,0.001422
167,168.000,-1.7934,135.4184,0.0000,-0.010742,-0.495936,0.000000,-1.8070,135.2474,-0.0247,0.6247,0.0000,0.0000,135.9260,0.001250,1.000000,0.000000,0.000000,0.000000,0.0000,1,0,0,-0.011064,0.005401,-0.028673
168,169.000,-1.8040,134.9225,0.0000,-0.010633,-0.495912,0.000000,-1.7885,134.8088,-0.0590,0.6199,0.0000,0.0000,135.4303,0.001240,1.000000,0.000000,0.000000,0.000000,0.0000,1,0,0,-0.000135,0.006667,0.002743
169,170.000,-1.8146,134.4265,0.0000,-0.010507,-0.496088,0.000000,-1.8439,134.2599,-0.0353,0.6282,-0.1003,0.0000,134.9345,0.001273,1.000000,0.000000,0.000000,0.000000,0.0000,1,0,0,0.011764,0.012151,-0.002483
170,171.000,-1.8251,133.9304,0.0000,-0.010373,-0.496065,0.000000,-1.8751,133.7762,-0.0303,0.6323,0.0000,0.0000,134.4387,0.001265,1.000000,0.000000,0.000000,0.000000,0.0000,1,0,0,-0.006582,0.011005,0.007749
171,172.000,-1.8354,133.4343,0.0000,-0.010251,-0.496042,0.000000,-1.8625,133.3925,-0.0379,0.6266,0.0000,0.0000,133.9428,0.001253,1.000000,0.000000,0.000000,0.000000,0.0000,1,0,0,-0.010747,-0.005610,0.000926
172,173.000,-1.8456,132.9383,0.0000,-0.010132,-0.496019,0.000000,-1.8655,132.8629,-0.0361,0.6251,0.0000,0.0000,133.4470,0.001251,1.000000,0.000000,0.000000,0.000000,0.0000,1,0,0,-0.010804,-0.009006,0.001153
173,174.000,-1.8556,132.4423,0.0000,-0.010000,-0.495996,0.000000,-1.9060,132.3915,0.0096,0.6314,0.0000,0.0000,132.9511,0.001263,1.000000,0.000000,0.000000,0.000000,0.0000,1,0,0,0.005419,-0.004754,-0.007583
174,175.000,-1.8656,131.9463,0.0000,-0.009864,-0.495973,0.000000,-1.9272,131.9438,0.0134,0.6336,0.0000,0.0000,132.4553,0.001268,1.000000,0.000000,0.000000,0.000000,0.0000,1,0,0,-0.008189,0.007632,0.016654
175,176.000,-1.8754,131.4503,0.0000,-0.009726,-0.495951,0.000000,-1.9456,131.4549,0.0372,0.6341,0.0000,0.0000,131.9595,0.001269,1.000000,0.000000,0.000000,0.000000,0.0000,1,0,0,0.019867,-0.011623,0.001656
176,177.000,-1.8850,130.9544,0.0000,-0.009570,-0.495930,0.000000,-2.0028,130.9739,0.0536,0.6435,0.0000,0.0000,131.4637,0.001287,1.000000,0.000000,0.000000,0.000000,0.0000,1,0,0,0.002359,-0.000540,0.007756
177,178.000,-1.8945,130.4585,0.0000,-0.009438,-0.495908,0.000000,-1.9490,130.4829,0.0735,0.6312,0.0000,0.0000,130.9680,0.001263,1.000000,0.000000,0.000000,0.000000,0.0000,1,0,0,0.003717,0.012468,-0.017302
178,179.000,-1.9039,129.9626,0.0000,-0.009322,-0.495887,0.000000,-1.9204,129.9011,0.0414,0.6235,0.0000,0.0000,130.4722,0.001247,1.000000,0.000000,0.000000,0.000000,0.0000,1,0,0,-0.016291,-0.004193,-0.007588
179,180.000,-1.9131,129.4666,0.0000,-0.009197,-0.496067,0.000000,-1.9486,129.4083,0.0219,0.6279,-0.1003,0.0000,129.9765,0.001272,1.000000,0.000000,0.000000,0.000000,0.0000,1,0,0,0.002940,0.002993,-0.002662
180,181.000,-1.9223,128.9706,0.0000,-0.009072,-0.496046,0.000000,-1.9566,128.9757,0.0452,0.6285,0.0000,0.0000,129.4807,0.001257,1.000000,0.000000,0.000000,0.000000,0.0000,1,0,0,-0.001305,-0.000517,0.006807
181,182.000,-1.9313,128.4745,0.0000,-0.008961,-0.496026,0.000000,-1.9251,128.4129,0.0477,0.6208,0.0000,0.0000,128.9849,0.001242,1.000000,0.000000,0.000000,0.000000,0.0000,1,0,0,-0.005966,-0.007883,0.020635
182,183.000,-1.9402,127.9785,0.0000,-0.008859,-0.496006,0.000000,-1.9032,127.8663,0.0705,0.6165,0.0000,0.0000,128.4890,0.001233,1.000000,0.000000,0.000000,0.000000,0.0000,1,0,0,-0.006566,0.001390,0.005599
183,184.000,-1.9490,127.4825,0.0000,-0.008756,-0.495986,0.000000,-1.9117,127.3644,0.0145,0.6172,0.0000,0.0000,127.9932,0.001235,1.000000,0.000000,0.000000,0.000000,0.0000,1,0,0,0.008585,0.007106,0.004272
184,185.000,-1.9577,126.9865,0.0000,-0.008645,-0.495966,0.000000,-1.9360,126.8202,0.0267,0.6212,0.0000,0.0000,127.4974,0.001243,1.000000,0.000000,0.000000,0.000000,0.0000,1,0,0,-0.012202,0.000028,0.006747
185,186.000,-1.9663,126.4906,0.0000,-0.008537,-0.495947,0.000000,-1.9358,126.3844,0.0217,0.6199,0.0000,0.0000,127.0016,0.001240,1.000000,0.000000,0.000000,0.000000,0.0000,1,0,0,0.011833,0.000859,-0.007485
186,187.000,-1.9748,125.9946,0.0000,-0.008437,-0.495928,0.000000,-1.9162,125.9092,0.0082,0.6152,0.0000,0.0000,126.5059,0.001231,1.000000,0.000000,0.000000,0.000000,0.0000,1,0,0,0.006913,-0.004369,-0.025718
187,188.000,-1.9832,125.4987,0.0000,-0.008328,-0.495909,0.000000,-1.9471,125.4674,-0.0113,0.6202,0.0000,0.0000,126.0101,0.001241,1.000000,0.000000,0.000000,0.000000,0.0000,1,0,0,-0.006354,-0.006191,0.010591
188,189.000,-1.9914,125.0028,0.0000,-0.008204,-0.495890,0.000000,-1.9886,124.9851,-0.0008,0.6276,0.0000,0.0000,125.5144,0.001255,1.000000,0.000000,0.000000,0.000000,0.0000,1,0,0,-0.000999,0.008563,0.015315
189,190.000,-1.9996,124.5069,0.0000,-0.008107,-0.495872,0.000000,-1.9282,124.4849,-0.0226,0.6143,0.0000,0.0000,125.0187,0.001229,1.000000,0.000000,0.000000,0.000000,0.0000,1,0,0,0.025340,0.002917,-0.001318
190,191.000,-2.0077,124.0110,0.0000,-0.008006,-0.496054,0.000000,-1.9380,123.9262,-0.0030,0.6161,-0.1002,0.0000,124.5230,0.001249,1.000000,0.000000,0.000000,0.000000,0.0000,1,0,0,0.015981,-0.023470,0.001622
191,192.000,-2.0156,123.5149,0.0000,-0.007916,-0.496036,0.000000,-1.9067,123.4515,-0.0268,0.6106,0.0000,0.0000,124.0272,0.001222,1.000000,0.000000,0.000000,0.000000,0.0000,1,0,0,-0.012196,0.011054,0.004416
192,193.000,-2.0235,123.0189,0.0000,-0.007804,-0.496018,0.000000,-1.9647,122.9450,-0.0530,0.6218,0.0000,0.0000,123.5314,0.001244,1.000000,0.000000,0.000000,0.000000,0.0000,1,0,0,-0.008832,-0.024292,0.006646
193,194.000,-2.0312,122.5229,0.0000,-0.007689,-0.496001,0.000000,-1.9768,122.5251,0.0046,0.6237,0.0000,0.0000,123.0355,0.001248,1.000000,0.000000,0.000000,0.000000,0.0000,1,0,0,-0.014813,0.000398,0.008430
194,195.000,-2.0388,122.0269,0.0000,-0.007560,-0.495984,0.000000,-2.0145,121.9909,-0.0330,0.6299,0.0000,0.0000,122.5397,0.001260,1.000000,0.000000,0.000000,0.000000,0.0000,1,0,0,-0.017071,0.004563,0.008834
195,196.000,-2.0463,121.5309,0.0000,-0.007436,-0.495967,0.000000,-2.0100,121.5391,-0.0523,0.6278,0.0000,0.0000,122.0439,0.001256,1.000000,0.000000,0.000000,0.000000,0.0000,1,0,0,-0.003121,-0.005958,-0.020960
196,197.000,-2.0537,121.0350,0.0000,-0.007303,-0.495950,0.000000,-2.0378,121.0694,-0.0293,0.6326,0.0000,0.0000,121.5482,0.001266,1.000000,0.000000,0.000000,0.000000,0.0000,1,0,0,0.004272,-0.004501,-0.009158
197,198.000,-2.0609,120.5390,0.0000,-0.007145,-0.495934,0.000000,-2.0938,120.5176,-0.0208,0.6444,0.0000,0.0000,121.0524,0.001289,1.000000,0.000000,0.000000,0.000000,0.0000,1,0,0,-0.008281,-0.014277,-0.015626
198,199.000,-2.0680,120.0431,0.0000,-0.007000,-0.495918,0.000000,-2.0762,120.0418,-0.0496,0.6385,0.0000,0.0000,120.5566,0.001277,1.000000,0.000000,0.000000,0.000000,0.0000,1,0,0,0.003907,-0.009834,0.004681
199,200.000,-2.0749,119.5472,0.0000,-0.006843,-0.495902,0.000000,-2.1063,119.6047,-0.0308,0.6441,0.0000,0.0000,120.0609,0.001289,1.000000,0.000000,0.000000,0.000000,0.0000,1,0,0,-0.000773,-0.002097,-0.002382
200,201.000,-2.0817,119.0513,0.0000,-0.006688,-0.495887,0.000000,-2.1142,119.0837,-0.0228,0.6432,0.0000,0.0000,119.5652,0.001287,1.000000,0.000000,0.000000,0.000000,0.0000,1,0,0,-0.006388,0.005502,-0.003860
201,202.000,-2.0883,118.5554,0.0000,-0.006522,-0.495872,0.000000,-2.1445,118.6160,-0.0201,0.6490,0.0000,0.0000,119.0695,0.001298,1.000000,0.000000,0.000000,0.000000,0.0000,1,0,0,-0.010019,0.009456,0.010568
202,203.000,-2.0947,118.0596,0.0000,-0.006360,-0.495858,0.000000,-2.1415,118.1130,-0.0143,0.6466,0.0000,0.0000,118.5738,0.001294,1.000000,0.000000,0.000000,0.000000,0.0000,1,0,0,0.006644,-0.009349,-0.004349
203,204.000,-2.1010,117.5637,0.0000,-0.006209,-0.495843,0.000000,-2.1209,117.5884,0.0077,0.6414,0.0000,0.0000,118.0781,0.001283,1.000000,0.000000,0.000000,0.000000,0.0000,1,0,0,-0.006484,0.001491,-0.004858
204,205.000,-2.1072,117.0679,0.0000,-0.006057,-0.495830,0.000000,-2.1278,117.0514,0.0010,0.6419,0.0000,0.0000,117.5825,0.001284,1.000000,0.000000,0.000000,0.000000,0.0000,1,0,0,-0.010194,0.019992,0.006100
205,206.000,-2.1131,116.5720,0.0000,-0.005881,-0.495816,0.000000,-2.1864,116.4949,0.0261,0.6534,0.0000,0.0000,117.0868,0.001307,1.000000,0.000000,0.000000,0.000000,0.0000,1,0,0,0.003336,-0.007811,-0.007427
206,207.000,-2.1189,116.0762,0.0000,-0.005715,-0.495803,0.000000,-2.1709,116.0079,-0.0094,0.6487,0.0000,0.0000,116.5912,0.001298,1.000000,0.000000,0.000000,0.000000,0.0000,1,0,0,0.008792,-0.003508,-0.014075
207,208.000,-2.1246,115.5804,0.0000,-0.005556,-0.495790,0.000000,-2.1561,115.5068,0.0066,0.6453,0.0000,0.0000,116.0956,0.001291,1.000000,0.000000,0.000000,0.000000,0.0000,1,0,0,0.005882,0.011905,-0.002496
208,209.000,-2.1300,115.0846,0.0000,-0.005413,-0.495978,0.000000,-2.1304,115.0298,-0.0092,0.6373,-0.1000,0.0000,115.6000,0.001291,1.000000,0.000000,0.000000,0.000000,0.0000,1,0,0,-0.003917,-0.000070,0.010119
209,210.000,-2.1354,114.5886,0.0000,-0.005264,-0.495966,0.000000,-2.1505,114.5959,0.0154,0.6406,0.0000,0.0000,115.1043,0.001282,1.000000,0.000000,0.000000,0.000000,0.0000,1,0,0,0.011910,0.006279,0.000694
210,211.000,-2.1406,114.0926,0.0000,-0.005103,-0.495954,0.000000,-2.1752,114.0773,0.0060,0.6466,0.0000,0.0000,114.6085,0.001294,1.000000,0.000000,0.000000,0.000000,0.0000,1,0,0,0.012128,0.003487,0.005263
211,212.000,-2.1456,113.5967,0.0000,-0.004948,-0.495943,0.000000,-2.1643,113.5810,-0.0181,0.6431,0.0000,0.0000,114.1127,0.001287,1.000000,0.000000,0.000000,0.000000,0.0000,1,0,0,0.027640,0.006825,-0.006142
212,213.000,-2.1505,113.1007,0.0000,-0.004793,-0.495932,0.000000,-2.1729,113.0993,-0.0195,0.6436,0.0000,0.0000,113.6169,0.001288,1.000000,0.000000,0.000000,0.000000,0.0000,1,0,0,-0.001647,-0.015389,-0.004556
213,214.000,-2.1552,112.6048,0.0000,-0.004647,-0.495922,0.000000,-2.1520,112.6184,0.0181,0.6387,0.0000,0.0000,113.1212,0.001278,1.000000,0.000000,0.000000,0.000000,0.0000,1,0,0,0.014458,0.010045,0.010620
214,215.000,-2.1598,112.1089,0.0000,-0.004514,-0.495911,0.000000,-2.1298,112.1225,0.0225,0.6326,0.0000,0.0000,112.6254,0.001265,1.000000,0.000000,0.000000,0.000000,0.0000,1,0,0,-0.005832,0.012770,-0.004263
215,216.000,-2.1642,111.6130,0.0000,-0.004379,-0.495901,0.000000,-2.1313,111.6211,0.0649,0.6335,0.0000,0.0000,112.1297,0.001267,1.000000,0.000000,0.000000,0.000000,0.0000,1,0,0,-0.010701,-0.008717,-0.008181
216,217.000,-2.1685,111.1171,0.0000,-0.004218,-0.495892,0.000000,-2.1809,111.0413,0.0544,0.6467,0.0000,0.0000,111.6340,0.001294,1.000000,0.000000,0.000000,0.000000,0.0000,1,0,0,0.015547,0.008654,-0.002994
217,218.000,-2.1726,110.6212,0.0000,-0.004032,-0.495882,0.000000,-2.2362,110.5281,0.0785,0.6589,0.0000,0.0000,111.1382,0.001318,1.000000,0.000000,0.000000,0.000000,0.0000,1,0,0,0.017320,-0.003647,0.005364
218,219.000,-2.1766,110.1253,0.0000,-0.003855,-0.495873,0.000000,-2.2180,110.0465,0.0059,0.6542,0.0000,0.0000,110.6425,0.001309,1.000000,0.000000,0.000000,0.000000,0.0000,1,0,0,0.007968,0.028366,0.005707
219,220.000,-2.1804,109.6295,0.0000,-0.003697,-0.495865,0.000000,-2.1855,109.5509,0.0067,0.6447,0.0000,0.0000,110.1468,0.001290,1.000000,0.000000,0.000000,0.000000,0.0000,1,0,0,0.009734,-0.004691,0.021527
220,221.000,-2.1840,109.1336,0.0000,-0.003558,-0.495857,0.000000,-2.1529,109.1349,-0.0248,0.6358,0.0000,0.0000,109.6511,0.001272,1.000000,0.000000,0.000000,0.000000,0.0000,1,0,0,0.005083,-0.001792,-0.005524
221,222.000,-2.1875,108.6377,0.0000,-0.003421,-0.495849,0.000000,-2.1473,108.6807,-0.0311,0.6344,0.0000,0.0000,109.1554,0.001269,1.000000,0.000000,0.000000,0.000000,0.0000,1,0,0,-0.011678,-0.008030,-0.006351
222,223.000,-2.1908,108.1419,0.0000,-0.003271,-0.495841,0.000000,-2.1691,108.1527,-0.0021,0.6407,0.0000,0.0000,108.6598,0.001282,1.000000,0.000000,0.000000,0.000000,0.0000,1,0,0,-0.014422,-0.003921,-0.011398
223,224.000,-2.1940,107.6461,0.0000,-0.003119,-0.495834,0.000000,-2.1716,107.6960,-0.0050,0.6421,0.0000,0.0000,108.1641,0.001285,1.000000,0.000000,0.000000,0.000000,0.0000,1,0,0,-0.003923,0.011257,-0.006165
224,225.000,-2.1970,107.1502,0.0000,-0.002950,-0.495827,0.000000,-2.2039,107.1830,0.0156,0.6500,0.0000,0.0000,107.6684,0.001300,1.000000,0.000000,0.000000,0.000000,0.0000,1,0,0,0.020507,0.012565,0.034637
225,226.000,-2.1999,106.6544,0.0000,-0.002773,-0.495821,0.000000,-2.2208,106.7143,-0.0047,0.6543,0.0000,0.0000,107.1727,0.001309,1.000000,0.000000,0.000000,0.000000,0.0000,1,0,0,-0.002792,-0.008564,0.006912
226,227.000,-2.2026,106.1586,0.0000,-0.002614,-0.495815,0.000000,-2.1883,106.1473,-0.0250,0.6458,0.0000,0.0000,106.6771,0.001292,1.000000,0.000000,0.000000,0.000000,0.0000,1,0,0,-0.012604,-0.005372,0.002511
227,228.000,-2.2051,105.6628,0.0000,-0.002431,-0.495809,0.000000,-2.2288,105.6422,-0.0514,0.6574,0.0000,0.0000,106.1814,0.001315,1.000000,0.000000,0.000000,0.000000,0.0000,1,0,0,-0.001338,-0.004271,-0.012790
228,229.000,-2.2075,105.1670,0.0000,-0.002258,-0.495804,0.000000,-2.2119,105.1279,-0.0430,0.6523,0.0000,0.0000,105.6858,0.001305,1.000000,0.000000,0.000000,0.000000,0.0000,1,0,0,-0.011135,0.014170,-0.003542
229,230.000,-2.2096,104.6712,0.0000,-0.002078,-0.495799,0.000000,-2.2199,104.6104,-0.0118,0.6555,0.0000,0.0000,105.1901,0.001312,1.000000,0.000000,0.000000,0.000000,0.0000,1,0,0,-0.007189,-0.004863,0.001430
230,231.000,-2.2116,104.1754,0.0000,-0.001883,-0.495795,0.000000,-2.2494,104.1231,-0.0060,0.6635,0.0000,0.0000,104.6945,0.001328,1.000000,0.000000,0.000000,0.000000,0.0000,1,0,0,0.007627,0.010073,0.000621
231,232.000,-2.2134,103.6796,0.0000,-0.001703,-0.495791,0.000000,-2.2243,103.6371,-0.0227,0.6557,0.0000,0.0000,104.1988,0.001312,1.000000,0.000000,0.000000,0.000000,0.0000,1,0,0,0.003830,-0.015240,0.007856
232,233.000,-2.2150,103.1838,0.0000,-0.001519,-0.495787,0.000000,-2.2305,103.1338,-0.0337,0.6578,0.0000,0.0000,103.7032,0.001316,1.000000,0.000000,0.000000,0.000000,0.0000,1,0,0,0.007687,-0.009756,-0.013760
233,234.000,-2.2164,102.6880,0.0000,-0.001322,-0.495784,0.000000,-2.2446,102.5791,0.0098,0.6648,0.0000,0.0000,103.2076,0.001330,1.000000,0.000000,0.000000,0.000000,0.0000,1,0,0,-0.006534,-0.001455,-0.000069
234,235.000,-2.2177,102.1922,0.0000,-0.001145,-0.495781,0.000000,-2.2095,102.0671,-0.0137,0.6543,0.0000,0.0000,102.7119,0.001309,1.000000,0.000000,0.000000,0.000000,0.0000,1,0,0,-0.010899,-0.012156,-0.012586
235,236.000,-2.2187,101.6964,0.0000,-0.000964,-0.495779,0.000000,-2.2131,101.5521,-0.0136,0.6562,0.0000,0.0000,102.2163,0.001313,1.000000,0.000000,0.000000,0.000000,0.0000,1,0,0,-0.006828,-0.005269,0.009844
236,237.000,-2.2196,101.2007,0.0000,-0.000779,-0.495777,0.000000,-2.2228,101.1169,-0.0454,0.6585,0.0000,0.0000,101.7206,0.001317,1.000000,0.000000,0.000000,0.000000,0.0000,1,0,0,0.007646,-0.011810,-0.010175
237,238.000,-2.2203,100.7049,0.0000,-0.000588,-0.495775,0.000000,-2.2252,100.5852,-0.0263,0.6614,0.0000,0.0000,101.2250,0.001323,1.000000,0.000000,0.000000,0.000000,0.0000,1,0,0,0.004291,0.009428,-0.010608
238,239.000,-2.2208,100.2091,0.0000,-0.000420,-0.495774,0.000000,-2.1892,100.1606,-0.0249,0.6498,0.0000,0.0000,100.7294,0.001300,1.000000,0.000000,0.000000,0.000000,0.0000,1,0,0,0.022034,0.009016,-0.009777
239,240.000,-2.2211,99.7133,0.0000,-0.000238,-0.495773,0.000000,-2.2101,99.6234,-0.0061,0.6567,0.0000,0.0000,100.2337,0.001314,1.000000,0.000000,0.000000,0.000000,0.0000,1,0,0,-0.002072,0.002361,0.012970
240,241.000,-2.2213,99.2176,0.0000,-0.000055,-0.495773,0.000000,-2.2226,99.1743,0.0269,0.6575,0.0000,0.0000,99.7381,0.001315,1.000000,0.000000,0.000000,0.000000,0.0000,1,0,0,0.019633,-0.009572,0.001360
241,242.000,-2.2212,98.7218,0.0000,0.000114,-0.495773,0.000000,-2.2125,98.6751,0.0099,0.6500,0.0000,0.0000,99.2424,0.001300,1.000000,0.000000,0.000000,0.000000,0.0000,1,0,0,-0.001999,0.008430,0.015497
242,243.000,-2.2210,98.2262,0.0000,0.000276,-0.495323,0.000000,-2.2167,98.1727,-0.0169,0.6470,0.2253,0.0000,98.7468,0.001371,1.000000,0.000000,0.000000,0.000000,0.0000,1,0,0,0.014848,0.004003,0.002656
243,244.000,-2.2207,97.7312,0.0000,0.000426,-0.494665,0.000000,-2.2118,97.7116,-0.0102,0.6399,0.3293,0.0000,98.2514,0.001440,1.000000,0.000000,0.000000,0.000000,0.0000,1,0,0,-0.001436,-0.013508,-0.009175
244,245.000,-2.2202,97.2370,0.0000,0.000557,-0.493791,0.000000,-2.1886,97.2150,-0.0116,0.6296,0.4375,0.0000,97.7565,0.001534,1.000000,0.000000,0.000000,0.000000,0.0000,1,0,0,0.000484,-0.000919,-0.002275
245,246.000,-2.2196,96.7438,0.0000,0.000688,-0.492722,0.000000,-2.2048,96.7402,-0.0145,0.6288,0.5348,0.0000,97.2624,0.001651,1.000000,0.000000,0.000000,0.000000,0.0000,1,0,0,-0.004804,0.009438,-0.001621
246,247.000,-2.2188,96.2517,0.0000,0.000810,-0.491467,0.000000,-2.1957,96.2596,-0.0300,0.6226,0.6284,0.0000,96.7692,0.001770,1.000000,0.000000,0.000000,0.000000,0.0000,1,0,0,-0.015647,-0.005585,0.006410
247,248.000,-2.2180,95.7609,0.0000,0.000928,-0.490028,0.000000,-2.1919,95.7689,0.0452,0.6192,0.7199,0.0000,96.2772,0.001900,1.000000,0.000000,0.000000,0.000000,0.0000,1,0,0,-0.004601,0.010059,-0.004370
248,249.000,-2.2170,95.2717,0.0000,0.001051,-0.488413,0.000000,-2.2081,95.2739,0.1052,0.6201,0.8085,0.0000,95.7866,0.002039,1.000000,0.000000,0.000000,0.000000,0.0000,1,0,0,0.015980,0.002089,-0.001149
249,250.000,-2.2159,94.7842,0.0000,0.001160,-0.486636,0.000000,-2.1966,94.7919,0.0664,0.6115,0.8896,0.0000,95.2975,0.002160,1.000000,0.000000,0.000000,0.000000,0.0000,1,0,0,0.000211,-0.011224,-0.007568
250,251.000,-2.2147,94.2985,0.0000,0.001259,-0.484703,0.000000,-2.1759,94.3037,0.0844,0.6040,0.9676,0.0000,94.8101,0.002282,1.000000,0.000000,0.000000,0.000000,0.0000,1,0,0,-0.004727,0.009554,-0.004536
251,252.000,-2.2134,93.8149,0.0000,0.001328,-0.482612,0.000000,-2.1294,93.7945,0.0684,0.5864,1.0463,0.0000,94.3245,0.002400,1.000000,0.000000,0.000000,0.000000,0.0000,1,0,0,-0.011839,0.006608,-0.014995
252,253.000,-2.2120,93.3334,0.0000,0.001422,-0.480366,0.000000,-2.1743,93.2714,0.0564,0.5970,1.1245,0.0000,93.8410,0.002547,1.000000,0.000000,0.000000,0.000000,0.0000,1,0,0,-0.013567,-0.003109,0.020827
253,254.000,-2.2105,92.8542,0.0000,0.001509,-0.477986,0.000000,-2.1634,92.7877,0.0544,0.5905,1.1912,0.0000,93.3596,0.002660,1.000000,0.000000,0.000000,0.000000,0.0000,1,0,0,-0.006362,0.005320,-0.000764
254,255.000,-2.2090,92.3774,0.0000,0.001613,-0.475494,0.000000,-2.1922,92.3242,0.0807,0.5968,1.2476,0.0000,92.8805,0.002767,1.000000,0.000000,0.000000,0.000000,0.0000,1,0,0,0.017745,-0.008602,-0.002094
255,256.000,-2.2073,91.9032,0.0000,0.001713,-0.472912,0.000000,-2.1776,91.8981,0.0936,0.5913,1.2924,0.0000,92.4039,0.002844,1.000000,0.000000,0.000000,0.000000,0.0000,1,0,0,0.008464,-0.003211,0.001445
256,257.000,-2.2055,91.4317,0.0000,0.001825,-0.470214,0.000000,-2.1989,91.4132,0.0650,0.5948,1.3505,0.0000,91.9297,0.002952,1.000000,0.000000,0.000000,0.000000,0.0000,1,0,0,0.006283,-0.012875,-0.005099
257,258.000,-2.2037,90.9629,0.0000,0.001935,-0.467433,0.000000,-2.1973,90.9781,0.0135,0.5905,1.3922,0.0000,91.4583,0.003025,1.000000,0.000000,0.000000,0.000000,0.0000,1,0,0,0.002381,0.006449,0.009284
258,259.000,-2.2017,90.4969,0.0000,0.002057,-0.464547,0.000000,-2.2203,90.4885,-0.0497,0.5929,1.4449,0.0000,90.9895,0.003125,1.000000,0.000000,0.000000,0.000000,0.0000,1,0,0,-0.006828,0.013553,-0.015186
259,260.000,-2.1995,90.0338,0.0000,0.002199,-0.461575,0.000000,-2.2509,90.0337,-0.0373,0.5998,1.4880,0.0000,90.5236,0.003210,1.000000,0.000000,0.000000,0.000000,0.0000,1,0,0,0.004709,0.015580,-0.000750
260,261.000,-2.1973,89.5738,0.0000,0.002328,-0.458507,0.000000,-2.2355,89.5461,-0.0295,0.5901,1.5359,0.0000,90.0607,0.003292,1.000000,0.000000,0.000000,0.000000,0.0000,1,0,0,0.003132,0.015001,0.005015
261,262.000,-2.1949,89.1168,0.0000,0.002431,-0.455354,0.000000,-2.1923,89.0723,-0.0130,0.5738,1.5785,0.0000,89.6007,0.003360,1.000000,0.000000,0.000000,0.000000,0.0000,1,0,0,-0.006749,-0.017361,0.009847
262,263.000,-2.1924,88.6631,0.0000,0.002524,-0.452143,0.000000,-2.1767,88.6432,-0.0000,0.5648,1.6076,0.0000,89.1439,0.003409,1.000000,0.000000,0.000000,0.000000,0.0000,1,0,0,0.014594,0.009839,0.004179
263,264.000,-2.1898,88.2126,0.0000,0.002608,-0.448860,0.000000,-2.1505,88.1794,-0.0091,0.5565,1.6439,0.0000,88.6902,0.003472,1.000000,0.000000,0.000000,0.000000,0.0000,1,0,0,-0.007439,-0.006673,-0.007543
264,265.000,-2.1872,87.7654,0.0000,0.002693,-0.445497,0.000000,-2.1511,87.6988,-0.0094,0.5537,1.6841,0.0000,88.2398,0.003547,1.000000,0.000000,0.000000,0.000000,0.0000,1,0,0,-0.005425,0.022045,-0.013774
265,266.000,-2.1845,87.3216,0.0000,0.002791,-0.442116,0.000000,-2.1668,87.3255,-0.0052,0.5561,1.6931,0.0000,87.7927,0.003565,1.000000,0.000000,0.000000,0.000000,0.0000,1,0,0,0.000908,-0.009740,-0.002339
266,267.000,-2.1816,86.8812,0.0000,0.002896,-0.438680,0.000000,-2.1738,86.8810,-0.0070,0.5555,1.7204,0.0000,87.3489,0.003617,1.000000,0.000000,0.000000,0.000000,0.0000,1,0,0,0.001098,-0.006447,-0.002371
267,268.000,-2.1787,86.4443,0.0000,0.003003,-0.435209,0.000000,-2.1779,86.4730,0.0203,0.5531,1.7387,0.0000,86.9086,0.003650,1.000000,0.000000,0.000000,0.000000,0.0000,1,0,0,0.010266,-0.005915,-0.011424
268,269.000,-2.1756,86.0108,0.0000,0.003109,-0.431707,0.000000,-2.1679,86.0683,0.0206,0.5481,1.7536,0.0000,86.4717,0.003676,1.000000,0.000000,0.000000,0.000000,0.0000,1,0,0,0.022999,-0.002433,-0.016543
269,270.000,-2.1724,85.5809,0.0000,0.003211,-0.428162,0.000000,-2.1623,85.6297,0.0073,0.5425,1.7756,0.0000,86.0383,0.003715,1.000000,0.000000,0.000000,0.000000,0.0000,1,0,0,-0.018210,-0.006198,0.007830
270,271.000,-2.1692,85.1545,0.0000,0.003322,-0.424573,0.000000,-2.1732,85.1928,0.0047,0.5430,1.7977,0.0000,85.6084,0.003757,1.000000,0.000000,0.000000,0.000000,0.0000,1,0,0,-0.005161,-0.006328,0.002387
271,272.000,-2.1658,84.7318,0.0000,0.003417,-0.420899,0.000000,-2.1468,84.6691,0.0133,0.5306,1.8400,0.0000,85.1821,0.003831,1.000000,0.000000,0.000000,0.000000,0.0000,1,0,0,0.010201,0.009705,0.006309
272,273.000,-2.1623,84.3127,0.0000,0.003523,-0.417249,0.000000,-2.1579,84.3529,0.0046,0.5320,1.8283,0.0000,84.7594,0.003810,1.000000,0.000000,0.000000,0.000000,0.0000,1,0,0,0.017670,0.014793,0.004864
273,274.000,-2.1588,83.8973,0.0000,0.003630,-0.413576,0.000000,-2.1558,83.9434,0.0011,0.5283,1.8401,0.0000,84.3404,0.003830,1.000000,0.000000,0.000000,0.000000,0.0000,1,0,0,0.002901,-0.005472,-0.007315
274,275.000,-2.1551,83.4856,0.0000,0.003739,-0.409871,0.000000,-2.1541,83.5147,0.0235,0.5255,1.8556,0.0000,83.9250,0.003859,1.000000,0.000000,0.000000,0.000000,0.0000,1,0,0,0.006203,-0.010669,0.003784
275,276.000,-2.1513,83.0775,0.0000,0.003858,-0.406146,0.000000,-2.1664,83.1074,-0.0028,0.5256,1.8661,0.0000,83.5134,0.003879,1.000000,0.000000,0.000000,0.000000,0.0000,1,0,0,0.002043,0.007139,-0.008755
276,277.000,-2.1474,82.6733,0.0000,0.003973,-0.402401,0.000000,-2.1570,82.6968,-0.0026,0.5201,1.8762,0.0000,83.1054,0.003895,1.000000,0.000000,0.000000,0.000000,0.0000,1,0,0,-0.009063,0.029787,-0.000234
277,278.000,-2.1433,82.2728,0.0000,0.004074,-0.398604,0.000000,-2.1328,82.2221,0.0202,0.5085,1.9026,0.0000,82.7012,0.003940,1.000000,0.000000,0.000000,0.000000,0.0000,1,0,0,-0.010266,0.001567,0.005097
278,279.000,-2.1392,81.8761,0.0000,0.004180,-0.394780,0.000000,-2.1351,81.7891,-0.0185,0.5064,1.9159,0.0000,82.3007,0.003965,1.000000,0.000000,0.000000,0.000000,0.0000,1,0,0,0.000090,0.012113,0.005698
279,280.000,-2.1350,81.4832,0.0000,0.004299,-0.390971,0.000000,-2.1514,81.4446,-0.0157,0.5089,1.9084,0.0000,81.9040,0.003952,1.000000,0.000000,0.000000,0.000000,0.0000,1,0,0,0.000817,0.004718,-0.012975
280,281.000,-2.1306,81.0941,0.0000,0.004395,-0.387140,0.000000,-2.1085,81.0218,0.0072,0.4934,1.9200,0.0000,81.5112,0.003966,1.000000,0.000000,0.000000,0.000000,0.0000,1,0,0,0.004921,0.004889,0.000829
281,282.000,-2.1262,80.7089,0.0000,0.004479,-0.383321,0.000000,-2.0827,80.6681,0.0346,0.4824,1.9137,0.0000,81.1221,0.003949,1.000000,0.000000,0.000000,0.000000,0.0000,1,0,0,-0.002557,-0.003431,-0.011554
282,283.000,-2.1217,80.3275,0.0000,0.004578,-0.379505,0.000000,-2.1059,80.2922,0.0255,0.4859,1.9124,0.0000,80.7369,0.003948,1.000000,0.000000,0.000000,0.000000,0.0000,1,0,0,0.014825,-0.012679,0.007335
283,284.000,-2.1170,79.9499,0.0000,0.004668,-0.375676,0.000000,-2.0818,79.8888,0.0258,0.4768,1.9190,0.0000,80.3555,0.003956,1.000000,0.000000,0.000000,0.000000,0.0000,1,0,0,0.017981,0.003458,-0.009551
284,285.000,-2.1123,79.5761,0.0000,0.004766,-0.371844,0.000000,-2.0916,79.5046,0.0173,0.4767,1.9206,0.0000,79.9779,0.003959,1.000000,0.000000,0.000000,0.000000,0.0000,1,0,0,0.010098,0.004668,-0.007836
285,286.000,-2.1075,79.2062,0.0000,0.004886,-0.368032,0.000000,-2.1218,79.1617,0.0233,0.4832,1.9108,0.0000,79.6042,0.003943,1.000000,0.000000,0.000000,0.000000,0.0000,1,0,0,0.006823,0.004430,0.004533
286,287.000,-2.1026,78.8401,0.0000,0.005010,-0.364217,0.000000,-2.1257,78.7782,0.0300,0.4813,1.9127,0.0000,79.2342,0.003946,1.000000,0.000000,0.000000,0.000000,0.0000,1,0,0,0.002947,0.010704,-0.024831
287,288.000,-2.0975,78.4778,0.0000,0.005127,-0.360401,0.000000,-2.1134,78.4033,0.0086,0.4730,1.9129,0.0000,78.8681,0.003943,1.000000,0.000000,0.000000,0.000000,0.0000,1,0,0,-0.005081,-0.000312,-0.003268
288,289.000,-2.0923,78.1193,0.0000,0.005241,-0.356614,0.000000,-2.1026,78.0825,-0.0020,0.4672,1.8988,0.0000,78.5058,0.003912,1.000000,0.000000,0.000000,0.000000,0.0000,1,0,0,-0.001435,0.001071,0.021997
289,290.000,-2.0870,77.7645,0.0000,0.005345,-0.352827,0.000000,-2.0856,77.7076,-0.0122,0.4578,1.8987,0.0000,78.1473,0.003908,1.000000,0.000000,0.000000,0.000000,0.0000,1,0,0,-0.021144,0.009306,-0.012744
290,291.000,-2.0816,77.4136,0.0000,0.005450,-0.349059,0.000000,-2.0795,77.3665,-0.0509,0.4543,1.8895,0.0000,77.7926,0.003888,1.000000,0.000000,0.000000,0.000000,0.0000,1,0,0,-0.004564,0.014934,-0.009817
291,292.000,-2.0761,77.0664,0.0000,0.005537,-0.345311,0.000000,-2.0471,77.0353,-0.0200,0.4412,1.8790,0.0000,77.4416,0.003862,1.000000,0.000000,0.000000,0.000000,0.0000,1,0,0,0.000974,-0.001632,0.013373
292,293.000,-2.0706,76.7230,0.0000,0.005610,-0.341611,0.000000,-2.0154,76.7570,-0.0311,0.4300,1.8557,0.0000,77.0944,0.003811,1.000000,0.000000,0.000000,0.000000,0.0000,1,0,0,-0.002897,0.009336,-0.006657
293,294.000,-2.0649,76.3832,0.0000,0.005703,-0.337921,0.000000,-2.0451,76.4088,0.0004,0.4351,1.8510,0.0000,76.7509,0.003804,1.000000,0.000000,0.000000,0.000000,0.0000,1,0,0,0.000550,0.002268,0.010078
294,295.000,-2.0592,76.0471,0.0000,0.005774,-0.334269,0.000000,-2.0022,76.1203,-0.0299,0.4205,1.8319,0.0000,76.4111,0.003761,1.000000,0.000000,0.000000,0.000000,0.0000,1,0,0,0.013390,0.008205,-0.010133
295,296.000,-2.0534,75.7147,0.0000,0.005825,-0.330622,0.000000,-1.9624,75.7711,0.0161,0.4064,1.8292,0.0000,76.0750,0.003749,1.000000,0.000000,0.000000,0.000000,0.0000,1,0,0,0.022243,-0.008383,-0.001298
296,297.000,-2.0475,75.3859,0.0000,0.005882,-0.326974,0.000000,-1.9656,75.4051,-0.0059,0.4050,1.8299,0.0000,75.7425,0.003750,1.000000,0.000000,0.000000,0.000000,0.0000,1,0,0,0.020555,0.013724,0.006547
297,298.000,-2.0416,75.0607,0.0000,0.005953,-0.323309,0.000000,-1.9747,75.0150,-0.0334,0.4079,1.8385,0.0000,75.4137,0.003768,1.000000,0.000000,0.000000,0.000000,0.0000,1,0,0,-0.002418,0.012088,0.000148
298,299.000,-2.0356,74.7392,0.0000,0.006030,-0.319680,0.000000,-1.9844,74.7195,-0.0176,0.4067,1.8206,0.0000,75.0885,0.003732,1.000000,0.000000,0.000000,0.000000,0.0000,1,0,0,0.001620,0.012883,-0.006487
299,300.000,-2.0295,74.4213,0.0000,0.006136,-0.316081,0.000000,-2.0258,74.4214,-0.0189,0.4173,1.8055,0.0000,74.7669,0.003708,1.000000,0.000000,0.000000,0.000000,0.0000,1,0,0,-0.001323,-0.001157,-0.003509
300,301.000,-2.0233,74.1070,0.0000,0.006239,-0.312518,0.000000,-2.0132,74.1346,0.0261,0.4114,1.7878,0.0000,74.4490,0.003670,1.000000,0.000000,0.000000,0.000000,0.0000,1,0,0,-0.005620,0.002814,-0.001179
301,302.000,-2.0171,73.7963,0.0000,0.006327,-0.308987,0.000000,-1.9857,73.8462,-0.0043,0.4001,1.7719,0.0000,74.1347,0.003634,1.000000,0.000000,0.000000,0.000000,0.0000,1,0,0,0.017708,0.014747,-0.007447
302,303.000,-2.0107,73.4891,0.0000,0.006441,-0.305461,0.000000,-2.0218,73.4995,-0.0178,0.4090,1.7698,0.0000,73.8238,0.003634,1.000000,0.000000,0.000000,0.000000,0.0000,1,0,0,-0.003198,-0.013103,0.000374
303,304.000,-2.0042,73.1853,0.0000,0.006546,-0.301971,0.000000,-2.0063,73.2287,-0.0280,0.4005,1.7516,0.0000,73.5166,0.003595,1.000000,0.000000,0.000000,0.000000,0.0000,1,0,0,-0.015596,-0.010808,-0.004027
304,305.000,-1.9976,72.8851,0.0000,0.006639,-0.298512,0.000000,-1.9818,72.9453,-0.0356,0.3907,1.7363,0.0000,73.2128,0.003561,1.000000,0.000000,0.000000,0.000000,0.0000,1,0,0,0.008739,0.009894,-0.003227
305,306.000,-1.9909,72.5883,0.0000,0.006734,-0.295060,0.000000,-1.9857,72.6194,-0.0060,0.3879,1.7328,0.0000,72.9125,0.003553,1.000000,0.000000,0.000000,0.000000,0.0000,1,0,0,-0.003076,0.001501,-0.008336
306,307.000,-1.9841,72.2950,0.0000,0.006832,-0.291634,0.000000,-1.9812,72.3236,0.0114,0.3851,1.7198,0.0000,72.6156,0.003526,1.000000,0.000000,0.000000,0.000000,0.0000,1,0,0,-0.006956,0.019638,-0.004294
307,308.000,-1.9772,72.0050,0.0000,0.006944,-0.288224,0.000000,-2.0075,72.0205,0.0099,0.3887,1.7122,0.0000,72.3222,0.003513,1.000000,0.000000,0.000000,0.000000,0.0000,1,0,0,0.012662,0.002165,0.003626
308,309.000,-1.9702,71.7185,0.0000,0.007061,-0.284875,0.000000,-2.0124,71.8028,0.0076,0.3869,1.6817,0.0000,72.0322,0.003453,1.000000,0.000000,0.000000,0.000000,0.0000,1,0,0,0.002751,0.008295,0.005948
309,310.000,-1.9631,71.4353,0.0000,0.007171,-0.281537,0.000000,-1.9984,71.4906,0.0108,0.3797,1.6767,0.0000,71.7456,0.003440,1.000000,0.000000,0.000000,0.000000,0.0000,1,0,0,-0.010760,0.001544,0.000718
310,311.000,-1.9559,71.1554,0.0000,0.007253,-0.278198,0.000000,-1.9493,71.1604,0.0264,0.3620,1.6767,0.0000,71.4623,0.003432,1.000000,0.000000,0.000000,0.000000,0.0000,1,0,0,-0.007698,0.006651,0.001969
311,312.000,-1.9486,70.8789,0.0000,0.007349,-0.274883,0.000000,-1.9660,70.8740,0.0020,0.3649,1.6653,0.0000,71.1823,0.003411,1.000000,0.000000,0.000000,0.000000,0.0000,1,0,0,0.012454,-0.009241,-0.011352
312,313.000,-1.9412,70.6056,0.0000,0.007449,-0.271610,0.000000,-1.9683,70.6313,0.0054,0.3635,1.6442,0.0000,70.9057,0.003369,1.000000,0.000000,0.000000,0.000000,0.0000,1,0,0,0.005764,0.016630,0.000651
313,314.000,-1.9337,70.3357,0.0000,0.007548,-0.268354,0.000000,-1.9640,70.3400,0.0250,0.3593,1.6355,0.0000,70.6323,0.003350,1.000000,0.000000,0.000000,0.000000,0.0000,1,0,0,0.010839,0.011341,-0.014793
314,315.000,-1.9261,70.0689,0.0000,0.007643,-0.265112,0.000000,-1.9568,70.0427,0.0259,0.3536,1.6293,0.0000,70.3622,0.003336,1.000000,0.000000,0.000000,0.000000,0.0000,1,0,0,0.033616,-0.012653,-0.003576
315,316.000,-1.9184,69.8054,0.0000,0.007719,-0.261893,0.000000,-1.9216,69.7719,0.0043,0.3404,1.6172,0.0000,70.0954,0.003307,1.000000,0.000000,0.000000,0.000000,0.0000,1,0,0,-0.008210,-0.001772,0.005311
316,317.000,-1.9107,69.5451,0.0000,0.007789,-0.258684,0.000000,-1.9045,69.4699,0.0227,0.3336,1.6127,0.0000,69.8318,0.003295,1.000000,0.000000,0.000000,0.000000,0.0000,1,0,0,0.014709,0.019939,0.001440
317,318.000,-1.9029,69.2880,0.0000,0.007856,-0.255532,0.000000,-1.8957,69.2655,0.0347,0.3282,1.5842,0.0000,69.5714,0.003237,1.000000,0.000000,0.000000,0.000000,0.0000,1,0,0,0.026726,-0.004491,0.004154
318,319.000,-1.8950,69.0341,0.0000,0.007919,-0.252407,0.000000,-1.8825,69.0089,0.0437,0.3229,1.5707,0.0000,69.3141,0.003209,1.000000,0.000000,0.000000,0.000000,0.0000,1,0,0,-0.006457,0.006822,-0.002553
319,320.000,-1.8870,68.7832,0.0000,0.007978,-0.249308,0.000000,-1.8712,68.7492,0.0386,0.3174,1.5582,0.0000,69.0601,0.003182,1.000000,0.000000,0.000000,0.000000,0.0000,1,0,0,0.005199,0.005236,0.011975
320,321.000,-1.8790,68.5354,0.0000,0.008036,-0.246208,0.000000,-1.8653,68.4429,0.0271,0.3136,1.5580,0.0000,68.8091,0.003180,1.000000,0.000000,0.000000,0.000000,0.0000,1,0,0,0.002154,0.001938,0.004825
321,322.000,-1.8709,68.2908,0.0000,0.008101,-0.243150,0.000000,-1.8675,68.2164,0.0403,0.3135,1.5379,0.0000,68.5612,0.003140,1.000000,0.000000,0.000000,0.000000,0.0000,1,0,0,0.006253,0.011882,0.005587
322,323.000,-1.8628,68.0491,0.0000,0.008170,-0.240119,0.000000,-1.8713,67.9723,0.0087,0.3118,1.5238,0.0000,68.3164,0.003112,1.000000,0.000000,0.000000,0.000000,0.0000,1,0,0,0.004224,0.015672,-0.000956
323,324.000,-1.8546,67.8105,0.0000,0.008235,-0.237103,0.000000,-1.8607,67.6992,0.0217,0.3064,1.5165,0.0000,68.0746,0.003096,1.000000,0.000000,0.000000,0.000000,0.0000,1,0,0,0.009876,-0.000153,-0.001340
324,325.000,-1.8463,67.5749,0.0000,0.008325,-0.234105,0.000000,-1.8961,67.4374,0.0252,0.3157,1.5077,0.0000,67.8359,0.003082,1.000000,0.000000,0.000000,0.000000,0.0000,1,0,0,-0.011144,0.008041,-0.011542
325,326.000,-1.8380,67.3423,0.0000,0.008403,-0.231147,0.000000,-1.8783,67.2202,0.0424,0.3064,1.4880,0.0000,67.6001,0.003040,1.000000,0.000000,0.000000,0.000000,0.0000,1,0,0,0.009171,0.021802,0.002582
326,327.000,-1.8295,67.1126,0.0000,0.008473,-0.228228,0.000000,-1.8536,67.0016,0.0258,0.2989,1.4682,0.0000,67.3674,0.002998,1.000000,0.000000,0.000000,0.000000,0.0000,1,0,0,0.002809,0.002296,0.003784
327,328.000,-1.8210,66.8858,0.0000,0.008527,-0.225327,0.000000,-1.8247,66.7488,0.0427,0.2873,1.4599,0.0000,67.1375,0.002977,1.000000,0.000000,0.000000,0.000000,0.0000,1,0,0,-0.000664,0.021338,0.006028
328,329.000,-1.8125,66.6619,0.0000,0.008597,-0.222472,0.000000,-1.8443,66.5556,0.0682,0.2923,1.4366,0.0000,66.9106,0.002933,1.000000,0.000000,0.000000,0.000000,0.0000,1,0,0,-0.014153,-0.006061,-0.018949
329,330.000,-1.8038,66.4409,0.0000,0.008652,-0.219664,0.000000,-1.8176,66.3685,0.0240,0.2817,1.4128,0.0000,66.6866,0.002883,1.000000,0.000000,0.000000,0.000000,0.0000,1,0,0,-0.022478,0.019027,-0.003864
330,331.000,-1.7952,66.2226,0.0000,0.008707,-0.216872,0.000000,-1.8094,66.1158,0.0079,0.2781,1.4056,0.0000,66.4653,0.002867,1.000000,0.000000,0.000000,0.000000,0.0000,1,0,0,-0.010784,0.002450,0.019030
331,332.000,-1.7864,66.0071,0.0000,0.008755,-0.214130,0.000000,-1.7965,65.9455,0.0140,0.2718,1.3799,0.0000,66.2469,0.002814,1.000000,0.000000,0.000000,0.000000,0.0000,1,0,0,-0.008928,0.010292,-0.008690
332,333.000,-1.7776,65.7943,0.0000,0.008812,-0.211417,0.000000,-1.8059,65.7279,0.0271,0.2731,1.3660,0.0000,66.0313,0.002787,1.000000,0.000000,0.000000,0.000000,0.0000,1,0,0,-0.013962,-0.014085,0.000940
333,334.000,-1.7688,65.5842,0.0000,0.008855,-0.208737,0.000000,-1.7735,65.5229,0.0076,0.2630,1.3496,0.0000,65.8183,0.002751,1.000000,0.000000,0.000000,0.000000,0.0000,1,0,0,0.003012,0.015972,0.002390
334,335.000,-1.7599,65.3768,0.0000,0.008877,-0.206098,0.000000,-1.7348,65.3424,-0.0059,0.2496,1.3289,0.0000,65.6081,0.002706,1.000000,0.000000,0.000000,0.000000,0.0000,1,0,0,-0.017826,0.010687,0.010882
335,336.000,-1.7511,65.1720,0.0000,0.008903,-0.203526,0.000000,-1.7340,65.2136,0.0121,0.2485,1.2953,0.0000,65.4005,0.002639,1.000000,0.000000,0.000000,0.000000,0.0000,1,0,0,0.019173,0.009430,0.019149
336,337.000,-1.7421,64.9698,0.0000,0.008940,-0.200974,0.000000,-1.7435,64.9986,0.0246,0.2507,1.2856,0.0000,65.1955,0.002621,1.000000,0.000000,0.000000,0.000000,0.0000,1,0,0,-0.012703,-0.005985,0.004219
337,338.000,-1.7332,64.7700,0.0000,0.008975,-0.198449,0.000000,-1.7369,64.8011,0.0434,0.2473,1.2720,0.0000,64.9931,0.002593,1.000000,0.000000,0.000000,0.000000,0.0000,1,0,0,-0.002413,-0.000934,0.005365
338,339.000,-1.7242,64.5728,0.0000,0.009010,-0.195950,0.000000,-1.7266,64.6034,0.0709,0.2443,1.2592,0.0000,64.7932,0.002567,1.000000,0.000000,0.000000,0.000000,0.0000,1,0,0,0.016352,0.012005,0.006736
339,340.000,-1.7152,64.3781,0.0000,0.009043,-0.193476,0.000000,-1.7200,64.4084,0.0661,0.2408,1.2467,0.0000,64.5959,0.002541,1.000000,0.000000,0.000000,0.000000,0.0000,1,0,0,0.001919,-0.005330,-0.001146
340,341.000,-1.7061,64.1859,0.0000,0.009085,-0.191028,0.000000,-1.7241,64.2148,0.0362,0.2418,1.2338,0.0000,64.4010,0.002516,1.000000,0.000000,0.000000,0.000000,0.0000,1,0,0,-0.016345,0.001637,-0.013195
341,342.000,-1.6970,63.9961,0.0000,0.009111,-0.188609,0.000000,-1.6960,64.0270,0.0046,0.2319,1.2192,0.0000,64.2085,0.002483,1.000000,0.000000,0.000000,0.000000,0.0000,1,0,0,-0.019779,-0.020045,-0.006527
342,343.000,-1.6879,63.8086,0.0000,0.009132,-0.186210,0.000000,-1.6787,63.8297,0.0016,0.2260,1.2093,0.0000,64.0186,0.002462,1.000000,0.000000,0.000000,0.000000,0.0000,1,0,0,-0.004654,0.008354,-0.001696
343,344.000,-1.6787,63.6236,0.0000,0.009143,-0.183841,0.000000,-1.6529,63.6492,-0.0213,0.2186,1.1941,0.0000,63.8310,0.002429,1.000000,0.000000,0.000000,0.000000,0.0000,1,0,0,-0.000896,-0.009543,0.007819
344,345.000,-1.6696,63.4410,0.0000,0.009153,-0.181488,0.000000,-1.6410,63.4467,-0.0370,0.2150,1.1867,0.0000,63.6458,0.002413,1.000000,0.000000,0.000000,0.000000,0.0000,1,0,0,0.011134,-0.000244,-0.014918
345,346.000,-1.6604,63.2606,0.0000,0.009164,-0.179177,0.000000,-1.6411,63.2971,-0.0477,0.2132,1.1654,0.0000,63.4629,0.002371,1.000000,0.000000,0.000000,0.000000,0.0000,1,0,0,-0.009888,-0.002968,0.001495
346,347.000,-1.6513,63.0826,0.0000,0.009166,-0.176906,0.000000,-1.6184,63.1485,-0.0356,0.2059,1.1451,0.0000,63.2824,0.002328,1.000000,0.000000,0.000000,0.000000,0.0000,1,0,0,-0.009843,0.013225,-0.009404
347,348.000,-1.6421,62.9068,0.0000,0.009148,-0.174687,0.000000,-1.5696,63.0301,-0.0192,0.1932,1.1195,0.0000,63.1042,0.002273,1.000000,0.000000,0.000000,0.000000,0.0000,1,0,0,-0.003195,0.015847,-0.000648
348,349.000,-1.6330,62.7332,0.0000,0.009139,-0.172479,0.000000,-1.5770,62.8290,-0.0324,0.1954,1.1141,0.0000,62.9282,0.002263,1.000000,0.000000,0.000000,0.000000,0.0000,1,0,0,0.005088,0.003491,0.009421
349,350.000,-1.6238,62.5618,0.0000,0.009143,-0.170262,0.000000,-1.5901,62.5970,-0.0489,0.1996,1.1182,0.0000,62.7545,0.002273,1.000000,0.000000,0.000000,0.000000,0.0000,1,0,0,-0.007896,-0.006533,-0.001707
350,351.000,-1.6147,62.3927,0.0000,0.009149,-0.168086,0.000000,-1.5842,62.4595,-0.0505,0.1978,1.0976,0.0000,62.5829,0.002232,1.000000,0.000000,0.000000,0.000000,0.0000,1,0,0,-0.009796,0.002474,-0.013174
351,352.000,-1.6055,62.2257,0.0000,0.009172,-0.165923,0.000000,-1.6060,62.2680,-0.0442,0.2038,1.0916,0.0000,62.4135,0.002222,1.000000,0.000000,0.000000,0.000000,0.0000,1,0,0,0.004789,0.006139,0.003868
352,353.000,-1.5963,62.0608,0.0000,0.009191,-0.163798,0.000000,-1.5908,62.1294,-0.0350,0.1993,1.0723,0.0000,62.2464,0.002182,1.000000,0.000000,0.000000,0.000000,0.0000,1,0,0,-0.005638,0.002820,-0.008393
353,354.000,-1.5871,61.8980,0.0000,0.009219,-0.161699,0.000000,-1.6034,61.9713,-0.0656,0.2017,1.0594,0.0000,62.0813,0.002158,1.000000,0.000000,0.000000,0.000000,0.0000,1,0,0,0.001833,0.005346,-0.005095
354,355.000,-1.5779,61.7374,0.0000,0.009241,-0.159607,0.000000,-1.5888,61.7784,-0.0200,0.1963,1.0560,0.0000,61.9184,0.002149,1.000000,0.000000,0.000000,0.000000,0.0000,1,0,0,0.006399,0.002443,0.001410
355,356.000,-1.5687,61.5788,0.0000,0.009277,-0.157570,0.000000,-1.6044,61.6817,-0.0210,0.2008,1.0286,0.0000,61.7576,0.002097,1.000000,0.000000,0.000000,0.000000,0.0000,1,0,0,-0.016552,0.005226,-0.007988
356,357.000,-1.5593,61.4222,0.0000,0.009331,-0.155542,0.000000,-1.6299,61.4989,0.0083,0.2075,1.0242,0.0000,61.5988,0.002091,1.000000,0.000000,0.000000,0.000000,0.0000,1,0,0,-0.006058,-0.000240,-0.018597
357,358.000,-1.5500,61.2677,0.0000,0.009386,-0.153496,0.000000,-1.6292,61.2588,-0.0258,0.2053,1.0329,0.0000,61.4420,0.002107,1.000000,0.000000,0.000000,0.000000,0.0000,1,0,0,0.000244,-0.007778,0.011326
358,359.000,-1.5406,61.1153,0.0000,0.009411,-0.151459,0.000000,-1.5744,61.0716,-0.0165,0.1883,1.0291,0.0000,61.2873,0.002093,1.000000,0.000000,0.000000,0.000000,0.0000,1,0,0,-0.015691,0.012730,0.015615
359,360.000,-1.5312,60.9648,0.0000,0.009421,-0.149473,0.000000,-1.5488,60.9746,-0.0320,0.1786,1.0031,0.0000,61.1347,0.002039,1.000000,0.000000,0.000000,0.000000,0.0000,1,0,0,0.005964,0.002218,0.001390
360,361.000,-1.5218,60.8163,0.0000,0.009425,-0.147530,0.000000,-1.5329,60.8604,0.0011,0.1730,0.9818,0.0000,60.9840,0.001995,1.000000,0.000000,0.000000,0.000000,0.0000,1,0,0,-0.001977,0.005189,0.002634
361,362.000,-1.5123,60.6697,0.0000,0.009438,-0.145602,0.000000,-1.5377,60.7010,0.0110,0.1756,0.9743,0.0000,60.8353,0.001981,1.000000,0.000000,0.000000,0.000000,0.0000,1,0,0,-0.000043,-0.009412,0.001446
362,363.000,-1.5029,60.5251,0.0000,0.009455,-0.143708,0.000000,-1.5357,60.5794,0.0091,0.1756,0.9571,0.0000,60.6886,0.001947,1.000000,0.000000,0.000000,0.000000,0.0000,1,0,0,-0.002109,0.013229,-0.002074
363,364.000,-1.4934,60.3823,0.0000,0.009472,-0.141851,0.000000,-1.5330,60.4637,0.0019,0.1732,0.9390,0.0000,60.5437,0.001911,1.000000,0.000000,0.000000,0.000000,0.0000,1,0,0,-0.018912,-0.003998,0.001949
364,365.000,-1.4839,60.2414,0.0000,0.009469,-0.139994,0.000000,-1.4932,60.2823,0.0027,0.1610,0.9384,0.0000,60.4007,0.001905,1.000000,0.000000,0.000000,0.000000,0.0000,1,0,0,0.006378,-0.013823,0.011710
365,366.000,-1.4745,60.1023,0.0000,0.009449,-0.138162,0.000000,-1.4567,60.1466,-0.0081,0.1502,0.9263,0.0000,60.2596,0.001878,1.000000,0.000000,0.000000,0.000000,0.0000,1,0,0,-0.011857,0.006228,0.005956
366,367.000,-1.4650,59.9650,0.0000,0.009428,-0.136363,0.000000,-1.4500,60.0285,-0.0185,0.1480,0.9102,0.0000,60.1204,0.001845,1.000000,0.000000,0.000000,0.000000,0.0000,1,0,0,0.013812,0.016236,0.001527
367,368.000,-1.4556,59.8295,0.0000,0.009417,-0.134589,0.000000,-1.4556,59.9079,-0.0251,0.1511,0.8969,0.0000,59.9829,0.001820,1.000000,0.000000,0.000000,0.000000,0.0000,1,0,0,0.005257,0.006380,0.003359
368,369.000,-1.4462,59.6958,0.0000,0.009407,-0.132827,0.000000,-1.4448,59.7513,-0.0059,0.1491,0.8914,0.0000,59.8472,0.001808,1.000000,0.000000,0.000000,0.000000,0.0000,1,0,0,-0.005814,-0.006635,-0.013350
369,370.000,-1.4368,59.5639,0.0000,0.009389,-0.131079,0.000000,-1.4284,59.6041,0.0290,0.1436,0.8844,0.0000,59.7134,0.001793,1.000000,0.000000,0.000000,0.000000,0.0000,1,0,0,-0.011375,0.021243,-0.013838
370,371.000,-1.4274,59.4337,0.0000,0.009373,-0.129377,0.000000,-1.4208,59.5226,0.0459,0.1423,0.8611,0.0000,59.5812,0.001746,1.000000,0.000000,0.000000,0.000000,0.0000,1,0,0,0.018875,-0.000380,0.001652
371,372.000,-1.4181,59.3051,0.0000,0.009362,-0.127654,0.000000,-1.4206,59.3124,0.0287,0.1430,0.8715,0.0000,59.4508,0.001767,1.000000,0.000000,0.000000,0.000000,0.0000,1,0,0,-0.005960,0.001783,0.004410
372,373.000,-1.4087,59.1783,0.0000,0.009351,-0.125976,0.000000,-1.4118,59.2336,0.0394,0.1410,0.8492,0.0000,59.3221,0.001723,1.000000,0.000000,0.000000,0.000000,0.0000,1,0,0,-0.005202,0.026924,-0.000346
373,374.000,-1.3994,59.0532,0.0000,0.009334,-0.124316,0.000000,-1.3929,59.1024,0.0138,0.1358,0.8403,0.0000,59.1951,0.001703,1.000000,0.000000,0.000000,0.000000,0.0000,1,0,0,0.011858,-0.008537,0.003505
374,375.000,-1.3900,58.9297,0.0000,0.009328,-0.122679,0.000000,-1.4098,58.9869,0.0154,0.1396,0.8286,0.0000,59.0698,0.001681,1.000000,0.000000,0.000000,0.000000,0.0000,1,0,0,-0.027532,0.008891,0.010102
375,376.000,-1.3807,58.8078,0.0000,0.009317,-0.121073,0.000000,-1.3905,58.8844,-0.0175,0.1353,0.8133,0.0000,58.9461,0.001650,1.000000,0.000000,0.000000,0.000000,0.0000,1,0,0,-0.018045,0.003434,-0.011620
376,377.000,-1.3714,58.6875,0.0000,0.009317,-0.119472,0.000000,-1.4002,58.7294,-0.0127,0.1390,0.8110,0.0000,58.8240,0.001647,1.000000,0.000000,0.000000,0.000000,0.0000,1,0,0,-0.003780,-0.005668,0.007552
377,378.000,-1.3621,58.5689,0.0000,0.009301,-0.117877,0.000000,-1.3744,58.5912,0.0111,0.1293,0.8077,0.0000,58.7036,0.001637,1.000000,0.000000,0.000000,0.000000,0.0000,1,0,0,0.006792,0.002480,-0.004735
378,379.000,-1.3528,58.4518,0.0000,0.009291,-0.116326,0.000000,-1.3741,58.5166,-0.0029,0.1303,0.7854,0.0000,58.5847,0.001593,1.000000,0.000000,0.000000,0.000000,0.0000,1,0,0,0.016567,0.009405,-0.022265
379,380.000,-1.3435,58.3362,0.0000,0.009284,-0.114778,0.000000,-1.3696,58.3722,-0.0227,0.1298,0.7841,0.0000,58.4674,0.001590,1.000000,0.000000,0.000000,0.000000,0.0000,1,0,0,0.004212,-0.009273,0.006350
380,381.000,-1.3342,58.2222,0.0000,0.009276,-0.113256,0.000000,-1.3588,58.2736,-0.0316,0.1281,0.7712,0.0000,58.3517,0.001564,1.000000,0.000000,0.000000,0.000000,0.0000,1,0,0,0.003370,-0.001063,-0.000953
381,382.000,-1.3250,58.1097,0.0000,0.009275,-0.111751,0.000000,-1.3630,58.1538,-0.0583,0.1295,0.7626,0.0000,58.2375,0.001548,1.000000,0.000000,0.000000,0.000000,0.0000,1,0,0,0.004064,-0.012813,-0.010805
382,383.000,-1.3157,57.9987,0.0000,0.009273,-0.110260,0.000000,-1.3576,58.0329,-0.0343,0.1273,0.7560,0.0000,58.1248,0.001534,1.000000,0.000000,0.000000,0.000000,0.0000,1,0,0,-0.003289,0.003578,-0.013918
383,384.000,-1.3064,57.8891,0.0000,0.009259,-0.108812,0.000000,-1.3358,57.9707,-0.0143,0.1199,0.7339,0.0000,58.0136,0.001488,1.000000,0.000000,0.000000,0.000000,0.0000,1,0,0,0.013750,0.006956,-0.006877
384,385.000,-1.2972,57.7810,0.0000,0.009237,-0.107382,0.000000,-1.3088,57.8672,0.0094,0.1140,0.7254,0.0000,57.9039,0.001469,1.000000,0.000000,0.000000,0.000000,0.0000,1,0,0,0.001241,0.021194,-0.002416
385,386.000,-1.2879,57.6744,0.0000,0.009224,-0.105974,0.000000,-1.3166,57.7681,0.0342,0.1166,0.7139,0.0000,57.7956,0.001447,1.000000,0.000000,0.000000,0.000000,0.0000,1,0,0,-0.014896,0.005053,-0.008770
386,387.000,-1.2787,57.5691,0.0000,0.009207,-0.104553,0.000000,-1.3065,57.6013,0.0092,0.1135,0.7209,0.0000,57.6887,0.001460,1.000000,0.000000,0.000000,0.000000,0.0000,1,0,0,-0.004945,0.019899,0.026402
387,388.000,-1.2695,57.4652,0.0000,0.009192,-0.103155,0.000000,-1.3036,57.5084,-0.0104,0.1128,0.7092,0.0000,57.5833,0.001437,1.000000,0.000000,0.000000,0.000000,0.0000,1,0,0,-0.012356,-0.004490,-0.009283
388,389.000,-1.2603,57.3628,0.0000,0.009179,-0.101751,0.000000,-1.2921,57.3541,-0.0277,0.1120,0.7121,0.0000,57.4793,0.001443,1.000000,0.000000,0.000000,0.000000,0.0000,1,0,0,-0.009242,-0.000494,-0.006856
389,390.000,-1.2512,57.2617,0.0000,0.009168,-0.100373,0.000000,-1.2950,57.2689,-0.0466,0.1111,0.6988,0.0000,57.3766,0.001416,1.000000,0.000000,0.000000,0.000000,0.0000,1,0,0,-0.001134,-0.006998,-0.003701
390,391.000,-1.2420,57.1620,0.0000,0.009155,-0.098999,0.000000,-1.2857,57.1381,-0.0059,0.1093,0.6971,0.0000,57.2754,0.001412,1.000000,0.000000,0.000000,0.000000,0.0000,1,0,0,0.004288,-0.000533,0.006333
391,392.000,-1.2329,57.0637,0.0000,0.009143,-0.097636,0.000000,-1.2810,57.0273,0.0147,0.1077,0.6915,0.0000,57.1755,0.001400,1.000000,0.000000,0.000000,0.000000,0.0000,1,0,0,-0.006572,0.023963,-0.001491
392,393.000,-1.2237,56.9668,0.0000,0.009128,-0.096310,0.000000,-1.2659,56.9676,0.0007,0.1046,0.6730,0.0000,57.0770,0.001363,1.000000,0.000000,0.000000,0.000000,0.0000,1,0,0,-0.001597,0.009844,0.008331
393,394.000,-1.2147,56.8711,0.0000,0.008906,-0.094974,0.000000,-1.2365,56.8158,-0.0162,0.0000,0.6780,0.0000,56.9799,0.001357,1.000000,0.000000,0.000000,0.000000,0.0000,1,0,0,-0.012436,0.009320,0.010776
394,395.000,-1.2059,56.7768,0.0000,0.008688,-0.093697,0.000000,-1.2125,56.8022,-0.0279,0.0000,0.6482,0.0000,56.8841,0.001297,1.000000,0.000000,0.000000,0.000000,0.0000,1,0,0,-0.002805,0.017854,0.018201
395,396.000,-1.1973,56.6837,0.0000,0.008472,-0.092439,0.000000,-1.1626,56.7139,0.0017,0.0000,0.6386,0.0000,56.7896,0.001278,1.000000,0.000000,0.000000,0.000000,0.0000,1,0,0,-0.005075,0.002421,0.007892
396,397.000,-1.1890,56.5919,0.0000,0.008259,-0.091190,0.000000,-1.1671,56.6107,0.0077,0.0000,0.6338,0.0000,56.6964,0.001268,1.000000,0.000000,0.000000,0.000000,0.0000,1,0,0,0.011391,0.016493,-0.001633
397,398.000,-1.1808,56.5013,0.0000,0.008049,-0.089971,0.000000,-1.1452,56.5464,-0.0014,0.0000,0.6184,0.0000,56.6044,0.001237,1.000000,0.000000,0.000000,0.000000,0.0000,1,0,0,0.004273,0.000731,-0.012883
398,399.000,-1.1729,56.4120,0.0000,0.007842,-0.088741,0.000000,-1.1407,56.4055,0.0046,0.0000,0.6236,0.0000,56.5137,0.001248,1.000000,0.000000,0.000000,0.000000,0.0000,1,0,0,0.020570,-0.009143,0.002027
399,400.000,-1.1650,56.3238,0.0000,0.007851,-0.087515,0.000000,-1.1478,56.2943,-0.0107,0.1065,0.6218,0.0000,56.4242,0.001262,1.000000,0.000000,0.000000,0.000000,0.0000,1,0,0,-0.015756,0.014727,-0.001064
400,401.000,-1.1572,56.2369,0.0000,0.007864,-0.086322,0.000000,-1.1494,56.2349,-0.0060,0.1075,0.6051,0.0000,56.3359,0.001230,1.000000,0.000000,0.000000,0.000000,0.0000,1,0,0,-0.014105,-0.004490,-0.007160
401,402.000,-1.1493,56.1512,0.0000,0.007875,-0.085139,0.000000,-1.1410,56.1365,0.0230,0.1050,0.6002,0.0000,56.2488,0.001219,1.000000,0.000000,0.000000,0.000000,0.0000,1,0,0,-0.008307,0.012948,0.013196
402,403.000,-1.1415,56.0666,0.0000,0.007679,-0.083976,0.000000,-1.1206,56.0592,0.0231,0.0000,0.5901,0.0000,56.1629,0.001181,1.000000,0.000000,0.000000,0.000000,0.0000,1,0,0,0.001074,0.001239,0.003587
403,404.000,-1.1339,55.9832,0.0000,0.007486,-0.082823,0.000000,-1.1012,55.9659,0.0254,0.0000,0.5846,0.0000,56.0782,0.001170,1.000000,0.000000,0.000000,0.000000,0.0000,1,0,0,0.005815,0.000970,-0.007669
404,405.000,-1.1264,55.9010,0.0000,0.007499,-0.081684,0.000000,-1.0951,55.8813,0.0071,0.1022,0.5779,0.0000,55.9947,0.001174,1.000000,0.000000,0.000000,0.000000,0.0000,1,0,0,0.004546,-0.000696,0.001996
405,406.000,-1.1189,55.8198,0.0000,0.007522,-0.080568,0.000000,-1.1088,55.8158,-0.0208,0.1054,0.5660,0.0000,55.9123,0.001152,1.000000,0.000000,0.000000,0.000000,0.0000,1,0,0,-0.015610,-0.010408,0.002867
406,407.000,-1.1115,55.7398,0.0000,0.007336,-0.079498,0.000000,-1.0846,55.7956,-0.0328,0.0000,0.5434,0.0000,55.8311,0.001087,1.000000,0.000000,0.000000,0.000000,0.0000,1,0,0,-0.007921,0.002518,-0.001491
407,408.000,-1.1042,55.6608,0.0000,0.007357,-0.078446,0.000000,-1.0792,55.7275,-0.0173,0.1022,0.5340,0.0000,55.7509,0.001088,1.000000,0.000000,0.000000,0.000000,0.0000,1,0,0,-0.018076,-0.018567,-0.016755
408,409.000,-1.0968,55.5829,0.0000,0.007385,-0.077416,0.000000,-1.0863,55.6666,0.0013,0.1042,0.5233,0.0000,55.6718,0.001068,1.000000,0.000000,0.000000,0.000000,0.0000,1,0,0,-0.017635,0.000171,0.006462
409,410.000,-1.0894,55.5060,0.0000,0.007416,-0.076421,0.000000,-1.0931,55.6320,-0.0144,0.1049,0.5056,0.0000,55.5937,0.001033,1.000000,0.000000,0.000000,0.000000,0.0000,1,0,0,0.004190,0.019186,0.004287
410,411.000,-1.0821,55.4301,0.0000,0.007240,-0.075429,0.000000,-1.0781,55.5396,-0.0226,0.0000,0.5041,0.0000,55.5167,0.001009,1.000000,0.000000,0.000000,0.000000,0.0000,1,0,0,0.007454,0.012525,-0.011229
411,412.000,-1.0749,55.3551,0.0000,0.007065,-0.074423,0.000000,-1.0519,55.4183,0.0082,0.0000,0.5106,0.0000,55.4406,0.001022,1.000000,0.000000,0.000000,0.000000,0.0000,1,0,0,-0.010433,-0.003003,-0.020386
412,413.000,-1.0679,55.2812,0.0000,0.006894,-0.073433,0.000000,-1.0160,55.3480,-0.0072,0.0000,0.5027,0.0000,55.3656,0.001006,1.000000,0.000000,0.000000,0.000000,0.0000,1,0,0,-0.010555,-0.011720,0.023920
413,414.000,-1.0611,55.2083,0.0000,0.006724,-0.072469,0.000000,-1.0121,55.3074,-0.0202,0.0000,0.4894,0.0000,55.2915,0.000979,1.000000,0.000000,0.000000,0.000000,0.0000,1,0,0,-0.014590,-0.000823,-0.006689
414,415.000,-1.0545,55.1363,0.0000,0.006557,-0.071512,0.000000,-1.0012,55.2226,0.0083,0.0000,0.4862,0.0000,55.2185,0.000973,1.000000,0.000000,0.000000,0.000000,0.0000,1,0,0,0.025376,-0.000548,0.006013
415,416.000,-1.0479,55.0652,0.0000,0.006613,-0.070543,0.000000,-1.0302,55.1061,0.0095,0.1107,0.4917,0.0000,55.1464,0.001009,1.000000,0.000000,0.000000,0.000000,0.0000,1,0,0,0.002129,0.002319,0.011832
416,417.000,-1.0412,54.9952,0.0000,0.006668,-0.069590,0.000000,-1.0287,55.0437,0.0083,0.1090,0.4838,0.0000,55.0752,0.000992,1.000000,0.000000,0.000000,0.000000,0.0000,1,0,0,-0.001712,0.009554,0.003188
417,418.000,-1.0346,54.9261,0.0000,0.006726,-0.068626,0.000000,-1.0330,54.9216,-0.0073,0.1090,0.4895,0.0000,55.0050,0.001004,1.000000,0.000000,0.000000,0.000000,0.0000,1,0,0,0.009481,-0.009990,0.001548
418,419.000,-1.0278,54.8579,0.0000,0.006777,-0.067675,0.000000,-1.0253,54.8543,-0.0191,0.1048,0.4829,0.0000,54.9358,0.000989,1.000000,0.000000,0.000000,0.000000,0.0000,1,0,0,0.003978,0.016610,0.005143
419,420.000,-1.0210,54.7907,0.0000,0.006836,-0.066740,0.000000,-1.0417,54.7939,-0.0151,0.1078,0.4748,0.0000,54.8675,0.000974,1.000000,0.000000,0.000000,0.000000,0.0000,1,0,0,-0.006646,-0.009568,-0.005929
420,421.000,-1.0141,54.7244,0.0000,0.006892,-0.065819,0.000000,-1.0393,54.7269,-0.0038,0.1051,0.4683,0.0000,54.8002,0.000960,1.000000,0.000000,0.000000,0.000000,0.0000,1,0,0,0.001306,-0.004342,-0.006254
421,422.000,-1.0073,54.6591,0.0000,0.006740,-0.064914,0.000000,-1.0253,54.6678,0.0090,0.0000,0.4601,0.0000,54.7338,0.000921,1.000000,0.000000,0.000000,0.000000,0.0000,1,0,0,0.019925,-0.011392,0.003204
422,423.000,-1.0006,54.5946,0.0000,0.006590,-0.064027,0.000000,-0.9629,54.6157,-0.0093,0.0000,0.4509,0.0000,54.6684,0.000902,1.000000,0.000000,0.000000,0.000000,0.0000,1,0,0,0.014078,-0.002668,0.007022
423,424.000,-0.9941,54.5310,0.0000,0.006442,-0.063131,0.000000,-0.9649,54.5114,0.0058,0.0000,0.4548,0.0000,54.6038,0.000910,1.000000,0.000000,0.000000,0.000000,0.0000,1,0,0,0.010334,-0.003768,-0.002138
424,425.000,-0.9877,54.4683,0.0000,0.006497,-0.062266,0.000000,-0.9812,54.4845,0.0148,0.1003,0.4397,0.0000,54.5401,0.000902,1.000000,0.000000,0.000000,0.000000,0.0000,1,0,0,0.007996,0.018617,-0.009059
425,426.000,-0.9812,54.4065,0.0000,0.006353,-0.061405,0.000000,-0.9643,54.4046,0.0031,0.0000,0.4380,0.0000,54.4773,0.000876,1.000000,0.000000,0.000000,0.000000,0.0000,1,0,0,-0.004474,-0.005721,-0.005159
426,427.000,-0.9749,54.3455,0.0000,0.006414,-0.060564,0.000000,-0.9808,54.3611,-0.0199,0.1016,0.4275,0.0000,54.4153,0.000879,1.000000,0.000000,0.000000,0.000000,0.0000,1,0,0,0.010197,0.000258,-0.007010
427,428.000,-0.9685,54.2853,0.0000,0.006274,-0.059760,0.000000,-0.9575,54.3520,0.0068,0.0000,0.4090,0.0000,54.3542,0.000818,1.000000,0.000000,0.000000,0.000000,0.0000,1,0,0,-0.008847,0.006918,-0.015579
428,429.000,-0.9623,54.2260,0.0000,0.006135,-0.058971,0.000000,-0.9433,54.3037,0.0290,0.0000,0.4015,0.0000,54.2940,0.000803,1.000000,0.000000,0.000000,0.000000,0.0000,1,0,0,0.004238,-0.016199,-0.003100
429,430.000,-0.9562,54.1674,0.0000,0.005999,-0.058207,0.000000,-0.9532,54.2776,0.0369,0.0000,0.3883,0.0000,54.2345,0.000777,1.000000,0.000000,0.000000,0.000000,0.0000,1,0,0,0.022336,-0.019920,0.004709
430,431.000,-0.9502,54.1095,0.0000,0.006087,-0.057487,0.000000,-0.9796,54.2888,0.0601,0.1116,0.3668,0.0000,54.1758,0.000767,1.000000,0.000000,0.000000,0.000000,0.0000,1,0,0,-0.011226,-0.008157,-0.009409
431,432.000,-0.9441,54.0524,0.0000,0.006154,-0.056770,0.000000,-0.9500,54.2214,0.0340,0.1000,0.3653,0.0000,54.1179,0.000758,1.000000,0.000000,0.000000,0.000000,0.0000,1,0,0,-0.008592,-0.013238,0.005668
432,433.000,-0.9379,53.9960,0.0000,0.006238,-0.056057,0.000000,-0.9784,54.1592,0.0279,0.1076,0.3634,0.0000,54.0607,0.000758,1.000000,0.000000,0.000000,0.000000,0.0000,1,0,0,0.021940,-0.009132,0.005712
433,434.000,-0.9316,53.9403,0.0000,0.006316,-0.055339,0.000000,-0.9767,54.0789,-0.0379,0.1041,0.3658,0.0000,54.0041,0.000761,1.000000,0.000000,0.000000,0.000000,0.0000,1,0,0,-0.012796,0.008898,-0.008862
434,435.000,-0.9254,53.8853,0.0000,0.006188,-0.054610,0.000000,-0.9533,53.9837,-0.0228,0.0000,0.3717,0.0000,53.9483,0.000744,1.000000,0.000000,0.000000,0.000000,0.0000,1,0,0,0.011897,0.001990,0.001037
435,436.000,-0.9192,53.8311,0.0000,0.006061,-0.053868,0.000000,-0.9418,53.8878,-0.0058,0.0000,0.3776,0.0000,53.8933,0.000756,1.000000,0.000000,0.000000,0.000000,0.0000,1,0,0,0.005270,-0.005282,-0.007482
436,437.000,-0.9131,53.7776,0.0000,0.006146,-0.053159,0.000000,-0.9593,53.8835,-0.0332,0.1049,0.3612,0.0000,53.8389,0.000753,1.000000,0.000000,0.000000,0.000000,0.0000,1,0,0,-0.001453,0.006947,0.001042
437,438.000,-0.9069,53.7248,0.0000,0.006224,-0.052444,0.000000,-0.9525,53.7985,-0.0290,0.1003,0.3643,0.0000,53.7853,0.000756,1.000000,0.000000,0.000000,0.000000,0.0000,1,0,0,-0.000923,-0.005112,0.007535
438,439.000,-0.9008,53.6727,0.0000,0.006102,-0.051719,0.000000,-0.9147,53.7065,-0.0294,0.0000,0.3693,0.0000,53.7324,0.000739,1.000000,0.000000,0.000000,0.000000,0.0000,1,0,0,-0.008907,-0.018028,-0.011898
439,440.000,-0.8947,53.6213,0.0000,0.005982,-0.051018,0.000000,-0.9050,53.6849,-0.0230,0.0000,0.3573,0.0000,53.6802,0.000715,1.000000,0.000000,0.000000,0.000000,0.0000,1,0,0,0.000843,-0.015392,-0.012221
440,441.000,-0.8888,53.5706,0.0000,0.005864,-0.050333,0.000000,-0.8897,53.6470,-0.0235,0.0000,0.3490,0.0000,53.6288,0.000698,1.000000,0.000000,0.000000,0.000000,0.0000,1,0,0,0.000938,-0.015843,-0.004551
441,442.000,-0.8830,53.5206,0.0000,0.005747,-0.049655,0.000000,-0.9041,53.5955,0.0133,0.0000,0.3456,0.0000,53.5780,0.000692,1.000000,0.000000,0.000000,0.000000,0.0000,1,0,0,0.012696,-0.005288,-0.002923
442,443.000,-0.8773,53.4713,0.0000,0.005632,-0.048981,0.000000,-0.8776,53.5327,0.0505,0.0000,0.3434,0.0000,53.5279,0.000687,1.000000,0.000000,0.000000,0.000000,0.0000,1,0,0,-0.003832,0.003225,-0.000971
443,444.000,-0.8717,53.4227,0.0000,0.005518,-0.048303,0.000000,-0.8291,53.4633,0.0343,0.0000,0.3449,0.0000,53.4785,0.000690,1.000000,0.000000,0.000000,0.000000,0.0000,1,0,0,0.000493,0.007183,-0.009237
444,445.000,-0.8663,53.3747,0.0000,0.005406,-0.047631,0.000000,-0.8375,53.4075,0.0460,0.0000,0.3423,0.0000,53.4298,0.000685,1.000000,0.000000,0.000000,0.000000,0.0000,1,0,0,-0.006130,0.012165,0.025364
445,446.000,-0.8609,53.3274,0.0000,0.005295,-0.046948,0.000000,-0.8261,53.3186,0.0444,0.0000,0.3472,0.0000,53.3818,0.000695,1.000000,0.000000,0.000000,0.000000,0.0000,1,0,0,0.013640,-0.001200,0.023751
446,447.000,-0.8557,53.2808,0.0000,0.005186,-0.046274,0.000000,-0.8067,53.2682,0.0413,0.0000,0.3429,0.0000,53.3344,0.000686,1.000000,0.000000,0.000000,0.000000,0.0000,1,0,0,-0.007418,0.001965,-0.003338
447,448.000,-0.8506,53.2349,0.0000,0.005079,-0.045616,0.000000,-0.8212,53.2371,0.0091,0.0000,0.3345,0.0000,53.2877,0.000669,1.000000,0.000000,0.000000,0.000000,0.0000,1,0,0,0.020823,-0.012496,0.005423
448,449.000,-0.8455,53.1896,0.0000,0.004973,-0.044959,0.000000,-0.8293,53.1710,-0.0115,0.0000,0.3342,0.0000,53.2417,0.000669,1.000000,0.000000,0.000000,0.000000,0.0000,1,0,0,0.012694,-0.007255,-0.011720
449,450.000,-0.8405,53.1450,0.0000,0.005074,-0.044313,0.000000,-0.8441,53.1284,0.0262,0.1028,0.3285,0.0000,53.1963,0.000689,1.000000,0.000000,0.000000,0.000000,0.0000,1,0,0,-0.002068,0.003110,0.014873
450,451.000,-0.8355,53.1010,0.0000,0.004971,-0.043677,0.000000,-0.8156,53.0830,0.0281,0.0000,0.3235,0.0000,53.1516,0.000647,1.000000,0.000000,0.000000,0.000000,0.0000,1,0,0,-0.003169,-0.008446,-0.008300
451,452.000,-0.8305,53.0576,0.0000,0.005070,-0.043038,0.000000,-0.8383,53.0142,-0.0015,0.1002,0.3255,0.0000,53.1075,0.000682,1.000000,0.000000,0.000000,0.000000,0.0000,1,0,0,-0.002058,-0.000914,0.000579
452,453.000,-0.8254,53.0149,0.0000,0.004970,-0.042433,0.000000,-0.8176,53.0215,-0.0154,0.0000,0.3078,0.0000,53.0641,0.000616,1.000000,0.000000,0.000000,0.000000,0.0000,1,0,0,0.020434,-0.020587,-0.001729
453,454.000,-0.8205,52.9727,0.0000,0.004871,-0.041803,0.000000,-0.8194,52.9159,-0.0132,0.0000,0.3204,0.0000,53.0213,0.000641,1.000000,0.000000,0.000000,0.000000,0.0000,1,0,0,-0.006400,-0.003223,0.006892
454,455.000,-0.8158,52.9300,0.0000,0.004561,-0.043728,0.000000,-0.7840,52.8199,0.0094,-0.1050,-0.9566,0.0000,52.9791,0.001926,1.000000,0.000000,0.000000,0.000000,0.0000,1,0,0,0.011500,-0.026919,-0.010729
455,456.000,-0.8113,52.8853,0.0000,0.004457,-0.045556,0.000000,-0.7956,52.7455,0.0278,0.0000,-0.9085,0.0000,52.9363,0.001818,1.000000,0.000000,0.000000,0.000000,0.0000,1,0,0,-0.009899,-0.002511,-0.007427
456,457.000,-0.8069,52.8389,0.0000,0.004349,-0.047293,0.000000,-0.8297,52.6797,0.0162,0.0000,-0.8627,0.0000,52.8916,0.001726,1.000000,0.000000,0.000000,0.000000,0.0000,1,0,0,-0.013930,-0.000414,-0.011039
457,458.000,-0.8026,52.7908,0.0000,0.004237,-0.048942,0.000000,-0.8239,52.6281,0.0013,0.0000,-0.8193,0.0000,52.8451,0.001639,1.000000,0.000000,0.000000,0.000000,0.0000,1,0,0,-0.000679,0.002591,-0.013791
458,459.000,-0.7984,52.7411,0.0000,0.004121,-0.050509,0.000000,-0.8308,52.6339,0.0044,0.0000,-0.7781,0.0000,52.7969,0.001557,1.000000,0.000000,0.000000,0.000000,0.0000,1,0,0,-0.003169,-0.005628,-0.021353
459,460.000,-0.7944,52.6898,0.0000,0.004002,-0.051997,0.000000,-0.8193,52.6426,-0.0023,0.0000,-0.7389,0.0000,52.7471,0.001479,1.000000,0.000000,0.000000,0.000000,0.0000,1,0,0,0.009375,0.004107,0.004755
460,461.000,-0.7904,52.6371,0.0000,0.003880,-0.053410,0.000000,-0.8274,52.6022,0.0139,0.0000,-0.7017,0.0000,52.6958,0.001404,1.000000,0.000000,0.000000,0.000000,0.0000,1,0,0,0.001126,0.012232,0.012362
461,462.000,-0.7866,52.5830,0.0000,0.003754,-0.054752,0.000000,-0.8305,52.5368,0.0384,0.0000,-0.6664,0.0000,52.6430,0.001333,1.000000,0.000000,0.000000,0.000000,0.0000,1,0,0,-0.016003,0.006597,-0.003915
462,463.000,-0.7829,52.5276,0.0000,0.003626,-0.056027,0.000000,-0.8038,52.5004,0.0179,0.0000,-0.6328,0.0000,52.5889,0.001266,1.000000,0.000000,0.000000,0.000000,0.0000,1,0,0,0.001291,-0.001370,-0.002878
463,464.000,-0.7794,52.4710,0.0000,0.003495,-0.057238,0.000000,-0.7615,52.3919,0.0315,0.0000,-0.6010,0.0000,52.5335,0.001203,1.000000,0.000000,0.000000,0.000000,0.0000,1,0,0,-0.010460,0.009689,0.010686
464,465.000,-0.7759,52.4132,0.0000,0.003361,-0.058387,0.000000,-0.7867,52.3681,0.0418,0.0000,-0.5707,0.0000,52.4768,0.001142,1.000000,0.000000,0.000000,0.000000,0.0000,1,0,0,-0.000213,-0.006982,-0.009752
465,466.000,-0.7726,52.3543,0.0000,0.003224,-0.059479,0.000000,-0.7679,52.3392,0.0379,0.0000,-0.5419,0.0000,52.4189,0.001084,1.000000,0.000000,0.000000,0.000000,0.0000,1,0,0,-0.008804,0.005847,-0.008433
466,467.000,-0.7695,52.2943,0.0000,0.003086,-0.060517,0.000000,-0.7994,52.2793,0.0082,0.0000,-0.5146,0.0000,52.3600,0.001030,1.000000,0.000000,0.000000,0.000000,0.0000,1,0,0,-0.023677,0.004171,-0.003522
467,468.000,-0.7665,52.2333,0.0000,0.002944,-0.061501,0.000000,-0.7936,52.1768,0.0154,0.0000,-0.4887,0.0000,52.2999,0.000978,1.000000,0.000000,0.000000,0.000000,0.0000,1,0,0,0.007657,0.008312,-0.006859
468,469.000,-0.7636,52.1713,0.0000,0.002801,-0.062437,0.000000,-0.7797,52.1336,0.0107,0.0000,-0.4641,0.0000,52.2389,0.000929,1.000000,0.000000,0.000000,0.000000,0.0000,1,0,0,-0.005046,0.012019,-0.004253
469,470.000,-0.7609,52.1084,0.0000,0.002656,-0.063325,0.000000,-0.7643,52.0749,-0.0082,0.0000,-0.4407,0.0000,52.1769,0.000882,1.000000,0.000000,0.000000,0.000000,0.0000,1,0,0,0.013520,-0.000792,-0.023988
470,471.000,-0.7583,52.0447,0.0000,0.002508,-0.064168,0.000000,-0.7420,52.0075,-0.0062,0.0000,-0.4185,0.0000,52.1140,0.000837,1.000000,0.000000,0.000000,0.000000,0.0000,1,0,0,-0.016776,-0.000481,-0.007931
471,472.000,-0.7558,51.9801,0.0000,0.002359,-0.064969,0.000000,-0.7481,51.9565,0.0074,0.0000,-0.3974,0.0000,52.0502,0.000795,1.000000,0.000000,0.000000,0.000000,0.0000,1,0,0,-0.006866,0.016598,0.010716
472,473.000,-0.7536,51.9147,0.0000,0.002208,-0.065730,0.000000,-0.7313,51.9198,0.0161,0.0000,-0.3774,0.0000,51.9856,0.000755,1.000000,0.000000,0.000000,0.000000,0.0000,1,0,0,0.008380,-0.015391,0.006758
473,474.000,-0.7514,51.8487,0.0000,0.002056,-0.066452,0.000000,-0.7225,51.8321,0.0140,0.0000,-0.3584,0.0000,51.9202,0.000717,1.000000,0.000000,0.000000,0.000000,0.0000,1,0,0,0.014242,0.006687,-0.009620
474,475.000,-0.7495,51.7819,0.0000,0.001902,-0.067137,0.000000,-0.7281,51.8047,-0.0033,0.0000,-0.3403,0.0000,51.8541,0.000681,1.000000,0.000000,0.000000,0.000000,0.0000,1,0,0,0.009140,-0.007719,0.004458
475,476.000,-0.7476,51.7144,0.0000,0.001746,-0.067788,0.000000,-0.7317,51.7690,0.0168,0.0000,-0.3232,0.0000,51.7873,0.000647,1.000000,0.000000,0.000000,0.000000,0.0000,1,0,0,0.003703,-0.002230,0.027665
476,477.000,-0.7460,51.6463,0.0000,0.001589,-0.068406,0.000000,-0.7424,51.7168,0.0357,0.0000,-0.3069,0.0000,51.7198,0.000614,1.000000,0.000000,0.000000,0.000000,0.0000,1,0,0,-0.001380,-0.005545,0.009540
477,478.000,-0.7445,51.5776,0.0000,0.001430,-0.068993,0.000000,-0.7552,51.6386,0.0003,0.0000,-0.2914,0.0000,51.6517,0.000583,1.000000,0.000000,0.000000,0.000000,0.0000,1,0,0,-0.000894,0.000973,0.012892
478,479.000,-0.7431,51.5083,0.0000,0.001270,-0.069550,0.000000,-0.7424,51.5280,-0.0332,0.0000,-0.2768,0.0000,51.5830,0.000554,1.000000,0.000000,0.000000,0.000000,0.0000,1,0,0,0.014110,0.011567,-0.001231
479,480.000,-0.7419,51.4385,0.0000,0.001109,-0.070079,0.000000,-0.7535,51.4442,-0.0320,0.0000,-0.2628,0.0000,51.5137,0.000526,1.000000,0.000000,0.000000,0.000000,0.0000,1,0,0,-0.008936,-0.009721,-0.003437
480,481.000,-0.7409,51.3682,0.0000,0.000947,-0.070581,0.000000,-0.7324,51.3518,-0.0300,0.0000,-0.2496,0.0000,51.4439,0.000500,1.000000,0.000000,0.000000,0.000000,0.0000,1,0,0,0.005182,-0.009044,-0.014670
481,482.000,-0.7400,51.2974,0.0000,0.000784,-0.071057,0.000000,-0.7443,51.2601,-0.0121,0.0000,-0.2370,0.0000,51.3735,0.000474,1.000000,0.000000,0.000000,0.000000,0.0000,1,0,0,0.002628,-0.011891,-0.003490
482,483.000,-0.7393,51.2261,0.0000,0.000620,-0.071509,0.000000,-0.7400,51.2520,-0.0073,0.0000,-0.2251,0.0000,51.3027,0.000451,1.000000,0.000000,0.000000,0.000000,0.0000,1,0,0,-0.005767,0.003411,-0.009585
483,484.000,-0.7388,51.1544,0.0000,0.000454,-0.071938,0.000000,-0.7496,51.2192,0.0195,0.0000,-0.2138,0.0000,51.2314,0.000428,1.000000,0.000000,0.000000,0.000000,0.0000,1,0,0,0.013218,0.001169,0.003284
484,485.000,-0.7384,51.0822,0.0000,0.000288,-0.072346,0.000000,-0.7194,51.1681,-0.0066,0.0000,-0.2031,0.0000,51.1597,0.000406,1.000000,0.000000,0.000000,0.000000,0.0000,1,0,0,-0.000614,0.024563,0.012881
485,486.000,-0.7382,51.0097,0.0000,0.000121,-0.072732,0.000000,-0.7221,51.1012,-0.0019,0.0000,-0.1929,0.0000,51.0876,0.000386,1.000000,0.000000,0.000000,0.000000,0.0000,1,0,0,0.010284,0.000191,0.009209
486,487.000,-0.7382,50.9368,0.0000,-0.000047,-0.073099,0.000000,-0.7115,51.0002,0.0041,0.0000,-0.1833,0.0000,51.0150,0.000367,1.000000,0.000000,0.000000,0.000000,0.0000,1,0,0,-0.007337,-0.021857,0.011758
487,488.000,-0.7383,50.8635,0.0000,-0.000216,-0.073447,0.000000,-0.7135,50.8866,-0.0149,0.0000,-0.1741,0.0000,50.9421,0.000348,1.000000,0.000000,0.000000,0.000000,0.0000,1,0,0,0.013704,0.008730,0.016601
488,489.000,-0.7386,50.7899,0.0000,-0.000386,-0.073778,0.000000,-0.6935,50.8147,-0.0108,0.0000,-0.1654,0.0000,50.8688,0.000331,1.000000,0.000000,0.000000,0.000000,0.0000,1,0,0,0.001089,-0.012740,-0.003241
489,490.000,-0.7391,50.7159,0.0000,-0.000556,-0.074091,0.000000,-0.7114,50.7127,-0.0250,0.0000,-0.1571,0.0000,50.7952,0.000314,1.000000,0.000000,0.000000,0.000000,0.0000,1,0,0,0.003798,-0.015008,-0.000449
490,491.000,-0.7397,50.6417,0.0000,-0.000727,-0.074388,0.000000,-0.7058,50.5863,0.0063,0.0000,-0.1493,0.0000,50.7213,0.000299,1.000000,0.000000,0.000000,0.000000,0.0000,1,0,0,-0.003786,-0.010919,0.002268
491,492.000,-0.7405,50.5672,0.0000,-0.000899,-0.074671,0.000000,-0.6793,50.5020,0.0278,0.0000,-0.1418,0.0000,50.6471,0.000284,1.000000,0.000000,0.000000,0.000000,0.0000,1,0,0,0.006583,0.003251,0.004139
492,493.000,-0.7415,50.4924,0.0000,-0.001071,-0.074938,0.000000,-0.7085,50.4723,0.0363,0.0000,-0.1348,0.0000,50.5726,0.000270,1.000000,0.000000,0.000000,0.000000,0.0000,1,0,0,-0.010392,0.001831,-0.004090
493,494.000,-0.7427,50.4173,0.0000,-0.001244,-0.075192,0.000000,-0.7051,50.4386,0.0182,0.0000,-0.1281,0.0000,50.4978,0.000256,1.000000,0.000000,0.000000,0.000000,0.0000,1,0,0,0.013478,-0.003197,-0.011131
494,495.000,-0.7440,50.3420,0.0000,-0.001418,-0.075432,0.000000,-0.7254,50.2991,-0.0182,0.0000,-0.1217,0.0000,50.4228,0.000244,1.000000,0.000000,0.000000,0.000000,0.0000,1,0,0,-0.013963,-0.002971,0.011799
495,496.000,-0.7455,50.2664,0.0000,-0.001592,-0.075661,0.000000,-0.7108,50.2316,-0.0029,0.0000,-0.1157,0.0000,50.3475,0.000232,1.000000,0.000000,0.000000,0.000000,0.0000,1,0,0,0.003756,0.002828,-0.001749
496,497.000,-0.7472,50.1907,0.0000,-0.001767,-0.075877,0.000000,-0.7211,50.1783,0.0147,0.0000,-0.1100,0.0000,50.2720,0.000220,1.000000,0.000000,0.000000,0.000000,0.0000,1,0,0,-0.004217,-0.021341,-0.014316
497,498.000,-0.7490,50.1147,0.0000,-0.001942,-0.076082,0.000000,-0.7266,50.1207,0.0070,0.0000,-0.1046,0.0000,50.1962,0.000209,1.000000,0.000000,0.000000,0.000000,0.0000,1,0,0,-0.007848,-0.009668,0.012585
498,499.000,-0.7510,50.0386,0.0000,-0.001917,-0.076078,0.000000,-0.7753,50.0888,-0.0084,0.1001,0.0000,0.0000,50.1203,0.000200,1.000000,0.000000,0.000000,0.000000,0.0000,1,0,0,0.007797,-0.016956,-0.007202
499,500.000,-0.7530,49.9625,0.0000,-0.002092,-0.076073,0.000000,-0.7621,49.9708,0.0050,0.0000,0.0000,0.0000,50.0442,0.000000,1.000000,0.000000,0.000000,0.000000,0.0000,1,0,0,0.005503,0.016248,-0.006002
500,501.000,-0.7550,49.8865,0.0000,-0.002060,-0.076069,0.000000,-0.7515,49.9477,0.0055,0.1036,0.0000,0.0000,49.9682,0.000207,1.000000,0.000000,0.000000,0.000000,0.0000,1,0,0,0.008605,-0.004232,-0.014807
501,502.000,-0.7571,49.8104,0.0000,-0.002029,-0.076064,0.000000,-0.7639,49.8665,0.0035,0.1032,0.0000,0.0000,49.8922,0.000207,1.000000,0.000000,0.000000,0.000000,0.0000,1,0,0,-0.000385,0.011438,0.025842
502,503.000,-0.7591,49.7343,0.0000,-0.001998,-0.076060,0.000000,-0.7702,49.7410,0.0085,0.1029,0.0000,0.0000,49.8162,0.000206,1.000000,0.000000,0.000000,0.000000,0.0000,1,0,0,0.015344,0.018910,-0.013091
503,504.000,-0.7612,49.6583,0.0000,-0.002173,-0.076055,0.000000,-0.7345,49.6870,0.0276,0.0000,0.0000,0.0000,49.7401,0.000000,1.000000,0.000000,0.000000,0.000000,0.0000,1,0,0,0.015862,-0.010048,-0.015557
504,505.000,-0.7633,49.5821,0.0000,-0.002135,-0.076250,0.000000,-0.7611,49.6109,0.0334,0.1068,-0.1000,0.0000,49.6641,0.000293,1.000000,0.000000,0.000000,0.000000,0.0000,1,0,0,-0.004639,0.000661,-0.015374
505,506.000,-0.7655,49.5059,0.0000,-0.002097,-0.076246,0.000000,-0.7803,49.5622,0.0028,0.1067,0.0000,0.0000,49.5880,0.000213,1.000000,0.000000,0.000000,0.000000,0.0000,1,0,0,0.005630,-0.002988,0.006192
506,507.000,-0.7675,49.4296,0.0000,-0.002059,-0.076241,0.000000,-0.7995,49.5050,0.0178,0.1071,0.0000,0.0000,49.5118,0.000214,1.000000,0.000000,0.000000,0.000000,0.0000,1,0,0,0.019232,-0.002297,-0.001674
507,508.000,-0.7696,49.3534,0.0000,-0.002023,-0.076237,0.000000,-0.7954,49.3924,-0.0022,0.1057,0.0000,0.0000,49.4356,0.000212,1.000000,0.000000,0.000000,0.000000,0.0000,1,0,0,0.001458,-0.004725,0.001159
508,509.000,-0.7716,49.2772,0.0000,-0.001989,-0.076232,0.000000,-0.7957,49.2902,-0.0122,0.1046,0.0000,0.0000,49.3594,0.000209,1.000000,0.000000,0.000000,0.000000,0.0000,1,0,0,-0.017049,0.009471,-0.000769
509,510.000,-0.7736,49.2009,0.0000,-0.001959,-0.076228,0.000000,-0.7834,49.2295,0.0166,0.1031,0.0000,0.0000,49.2832,0.000206,1.000000,0.000000,0.000000,0.000000,0.0000,1,0,0,-0.002521,-0.005032,0.001401
510,511.000,-0.7755,49.1247,0.0000,-0.001928,-0.076223,0.000000,-0.7979,49.1727,0.0074,0.1032,0.0000,0.0000,49.2070,0.000206,1.000000,0.000000,0.000000,0.000000,0.0000,1,0,0,-0.008501,-0.008409,-0.013256
511,512.000,-0.7774,49.0485,0.0000,-0.001898,-0.076219,0.000000,-0.8109,49.0450,0.0220,0.1029,0.0000,0.0000,49.1308,0.000206,1.000000,0.000000,0.000000,0.000000,0.0000,1,0,0,0.013689,0.012134,-0.001166
512,513.000,-0.7793,48.9723,0.0000,-0.001866,-0.076215,0.000000,-0.8328,49.0071,0.0142,0.1036,0.0000,0.0000,49.0546,0.000207,1.000000,0.000000,0.000000,0.000000,0.0000,1,0,0,-0.008770,0.003547,0.000610
513,514.000,-0.7811,48.8961,0.0000,-0.001841,-0.076211,0.000000,-0.7932,48.8693,0.0192,0.1005,0.0000,0.0000,48.9785,0.000201,1.000000,0.000000,0.000000,0.000000,0.0000,1,0,0,0.008126,0.009162,-0.001757
514,515.000,-0.7831,48.8199,0.0000,-0.002017,-0.076206,0.000000,-0.7586,48.7867,0.0078,0.0000,0.0000,0.0000,48.9023,0.000000,1.000000,0.000000,0.000000,0.000000,0.0000,1,0,0,-0.000638,-0.013816,-0.005102
515,516.000,-0.7851,48.7436,0.0000,-0.001984,-0.076202,0.000000,-0.7821,48.7105,-0.0286,0.1043,0.0000,0.0000,48.8261,0.000209,1.000000,0.000000,0.000000,0.000000,0.0000,1,0,0,-0.005094,0.021826,0.000748
516,517.000,-0.7870,48.6674,0.0000,-0.001952,-0.076198,0.000000,-0.7858,48.6464,-0.0239,0.1039,0.0000,0.0000,48.7500,0.000208,1.000000,0.000000,0.000000,0.000000,0.0000,1,0,0,0.002076,0.014992,-0.004333
517,518.000,-0.7890,48.5913,0.0000,-0.001923,-0.076193,0.000000,-0.7740,48.5622,-0.0260,0.1021,0.0000,0.0000,48.6738,0.000204,1.000000,0.000000,0.000000,0.000000,0.0000,1,0,0,-0.006949,0.005805,-0.016841
518,519.000,-0.7909,48.5151,0.0000,-0.001894,-0.076189,0.000000,-0.7848,48.5145,-0.0313,0.1022,0.0000,0.0000,48.5977,0.000204,1.000000,0.000000,0.000000,0.000000,0.0000,1,0,0,0.007330,-0.014016,0.006107
519,520.000,-0.7928,48.4389,0.0000,-0.001868,-0.076185,0.000000,-0.7788,48.4396,-0.0298,0.1008,0.0000,0.0000,48.5215,0.000202,1.000000,0.000000,0.000000,0.000000,0.0000,1,0,0,-0.008628,0.005256,0.011570
520,521.000,-0.7947,48.3627,0.0000,-0.002044,-0.076180,0.000000,-0.7623,48.3820,-0.0285,0.0000,0.0000,0.0000,48.4454,0.000000,1.000000,0.000000,0.000000,0.000000,0.0000,1,0,0,0.004714,0.022613,0.002802
521,522.000,-0.7968,48.2865,0.0000,-0.002012,-0.076176,0.000000,-0.7537,48.3477,-0.0191,0.1039,0.0000,0.0000,48.3692,0.000208,1.000000,0.000000,0.000000,0.000000,0.0000,1,0,0,-0.005124,0.002257,-0.012462
522,523.000,-0.7988,48.2103,0.0000,-0.001982,-0.076171,0.000000,-0.7469,48.2712,0.0268,0.1026,0.0000,0.0000,48.2931,0.000205,1.000000,0.000000,0.000000,0.000000,0.0000,1,0,0,-0.003220,0.007588,-0.005397
523,524.000,-0.8007,48.1342,0.0000,-0.001950,-0.076167,0.000000,-0.7804,48.1868,0.0084,0.1038,0.0000,0.0000,48.2170,0.000208,1.000000,0.000000,0.000000,0.000000,0.0000,1,0,0,0.010233,0.011944,0.017192
524,525.000,-0.8027,48.0580,0.0000,-0.001919,-0.076163,0.000000,-0.7877,48.0828,0.0099,0.1035,0.0000,0.0000,48.1408,0.000207,1.000000,0.000000,0.000000,0.000000,0.0000,1,0,0,-0.018673,0.003776,-0.000349
525,526.000,-0.8046,47.9818,0.0000,-0.001885,-0.076158,0.000000,-0.8186,47.9511,0.0456,0.1047,0.0000,0.0000,48.0647,0.000209,1.000000,0.000000,0.000000,0.000000,0.0000,1,0,0,0.005891,-0.014800,0.005110
526,527.000,-0.8064,47.9057,0.0000,-0.001852,-0.076154,0.000000,-0.8297,47.8958,-0.0003,0.1044,0.0000,0.0000,47.9886,0.000209,1.000000,0.000000,0.000000,0.000000,0.0000,1,0,0,0.006502,0.003121,0.009002
527,528.000,-0.8083,47.8295,0.0000,-0.001821,-0.076150,0.000000,-0.8233,47.7856,0.0200,0.1032,0.0000,0.0000,47.9125,0.000206,1.000000,0.000000,0.000000,0.000000,0.0000,1,0,0,0.012796,0.002170,-0.011219
528,529.000,-0.8101,47.7534,0.0000,-0.001795,-0.076146,0.000000,-0.8018,47.7113,0.0073,0.1008,0.0000,0.0000,47.8364,0.000202,1.000000,0.000000,0.000000,0.000000,0.0000,1,0,0,0.007670,-0.006929,0.006010
529,530.000,-0.8119,47.6772,0.0000,-0.001769,-0.076142,0.000000,-0.8097,47.6511,0.0090,0.1008,0.0000,0.0000,47.7603,0.000202,1.000000,0.000000,0.000000,0.000000,0.0000,1,0,0,-0.023047,0.003553,-0.002509
530,531.000,-0.8136,47.6011,0.0000,-0.001744,-0.076138,0.000000,-0.8122,47.5681,0.0062,0.1002,0.0000,0.0000,47.6842,0.000200,1.000000,0.000000,0.000000,0.000000,0.0000,1,0,0,0.009810,0.001351,-0.004114
531,532.000,-0.8154,47.5250,0.0000,-0.001920,-0.076134,0.000000,-0.8184,47.5122,-0.0079,0.0000,0.0000,0.0000,47.6081,0.000000,1.000000,0.000000,0.000000,0.000000,0.0000,1,0,0,0.012489,-0.008208,0.008366
532,533.000,-0.8173,47.4488,0.0000,-0.001883,-0.076130,0.000000,-0.8268,47.4229,-0.0180,0.1060,0.0000,0.0000,47.5320,0.000212,1.000000,0.000000,0.000000,0.000000,0.0000,1,0,0,0.004767,-0.000224,0.002883
533,534.000,-0.8192,47.3727,0.0000,-0.001849,-0.076126,0.000000,-0.8271,47.2949,-0.0213,0.1048,0.0000,0.0000,47.4559,0.000210,1.000000,0.000000,0.000000,0.000000,0.0000,1,0,0,-0.007694,0.007671,-0.018697
534,535.000,-0.8210,47.2966,0.0000,-0.001817,-0.076122,0.000000,-0.8239,47.2284,-0.0064,0.1038,0.0000,0.0000,47.3798,0.000208,1.000000,0.000000,0.000000,0.000000,0.0000,1,0,0,0.006316,0.006583,-0.000206
535,536.000,-0.8228,47.2205,0.0000,-0.001785,-0.076118,0.000000,-0.8351,47.1471,-0.0148,0.1039,0.0000,0.0000,47.3037,0.000208,1.000000,0.000000,0.000000,0.000000,0.0000,1,0,0,0.017978,0.000052,-0.000347
536,537.000,-0.8246,47.1443,0.0000,-0.001752,-0.076114,0.000000,-0.8593,47.0782,-0.0113,0.1043,0.0000,0.0000,47.2276,0.000209,1.000000,0.000000,0.000000,0.000000,0.0000,1,0,0,0.002885,0.007129,0.022106
537,538.000,-0.8263,47.0682,0.0000,-0.001722,-0.076110,0.000000,-0.8472,47.0216,0.0016,0.1028,0.0000,0.0000,47.1516,0.000206,1.000000,0.000000,0.000000,0.000000,0.0000,1,0,0,-0.011523,-0.002646,0.014413
538,539.000,-0.8281,46.9921,0.0000,-0.001697,-0.076106,0.000000,-0.8264,47.0028,-0.0037,0.1005,0.0000,0.0000,47.0755,0.000201,1.000000,0.000000,0.000000,0.000000,0.0000,1,0,0,-0.010547,-0.016071,0.002107
539,540.000,-0.8298,46.9160,0.0000,-0.001872,-0.076102,0.000000,-0.7952,46.9071,-0.0104,0.0000,0.0000,0.0000,46.9994,0.000000,1.000000,0.000000,0.000000,0.000000,0.0000,1,0,0,0.002825,-0.002785,0.003991
540,541.000,-0.8317,46.8399,0.0000,-0.001840,-0.076098,0.000000,-0.8023,46.8202,-0.0063,0.1037,0.0000,0.0000,46.9234,0.000208,1.000000,0.000000,0.000000,0.000000,0.0000,1,0,0,0.005395,0.011120,-0.005807
541,542.000,-0.8335,46.7638,0.0000,-0.001805,-0.076094,0.000000,-0.8441,46.7454,0.0120,0.1056,0.0000,0.0000,46.8473,0.000211,1.000000,0.000000,0.000000,0.000000,0.0000,1,0,0,0.007456,-0.007291,-0.000482
542,543.000,-0.8353,46.6877,0.0000,-0.001774,-0.076090,0.000000,-0.8248,46.6760,0.0017,0.1033,0.0000,0.0000,46.7713,0.000207,1.000000,0.000000,0.000000,0.000000,0.0000,1,0,0,-0.013335,0.008831,0.018018
543,544.000,-0.8371,46.6116,0.0000,-0.001742,-0.076086,0.000000,-0.8372,46.6233,0.0127,0.1034,0.0000,0.0000,46.6952,0.000207,1.000000,0.000000,0.000000,0.000000,0.0000,1,0,0,-0.009614,0.008106,0.006398
544,545.000,-0.8388,46.5356,0.0000,-0.001713,-0.076082,0.000000,-0.8342,46.5179,0.0724,0.1024,0.0000,0.0000,46.6192,0.000205,1.000000,0.000000,0.000000,0.000000,0.0000,1,0,0,-0.009305,-0.011615,0.022341
545,546.000,-0.8405,46.4595,0.0000,-0.001685,-0.076078,0.000000,-0.8401,46.4782,0.0622,0.1019,0.0000,0.0000,46.5431,0.000204,1.000000,0.000000,0.000000,0.000000,0.0000,1,0,0,-0.001466,-0.007367,-0.015602
546,547.000,-0.8422,46.3834,0.0000,-0.001657,-0.076075,0.000000,-0.8493,46.4290,0.0307,0.1017,0.0000,0.0000,46.4671,0.000204,1.000000,0.000000,0.000000,0.000000,0.0000,1,0,0,-0.005800,0.007934,-0.002633
547,548.000,-0.8438,46.3073,0.0000,-0.001631,-0.076071,0.000000,-0.8446,46.3534,0.0073,0.1007,0.0000,0.0000,46.3911,0.000202,1.000000,0.000000,0.000000,0.000000,0.0000,1,0,0,0.011105,0.003624,-0.005520
548,549.000,-0.8455,46.2313,0.0000,-0.001807,-0.076067,0.000000,-0.8370,46.2484,-0.0013,0.0000,0.0000,0.0000,46.3150,0.000000,1.000000,0.000000,0.000000,0.000000,0.0000,1,0,0,0.012087,-0.005358,0.005386
549,550.000,-0.8473,46.1552,0.0000,-0.001768,-0.076063,0.000000,-0.8687,46.1879,-0.0126,0.1071,0.0000,0.0000,46.2390,0.000214,1.000000,0.000000,0.000000,0.000000,0.0000,1,0,0,-0.004594,0.006146,-0.009303
550,551.000,-0.8491,46.0791,0.0000,-0.001731,-0.076059,0.000000,-0.8774,46.1033,0.0180,0.1063,0.0000,0.0000,46.1630,0.000213,1.000000,0.000000,0.000000,0.000000,0.0000,1,0,0,-0.003160,0.005306,-0.012049
551,552.000,-0.8508,46.0031,0.0000,-0.001696,-0.076055,0.000000,-0.8784,46.0406,0.0276,0.1055,0.0000,0.0000,46.0870,0.000211,1.000000,0.000000,0.000000,0.000000,0.0000,1,0,0,-0.000903,0.007724,0.004189
552,553.000,-0.8525,45.9270,0.0000,-0.001664,-0.076052,0.000000,-0.8605,45.9256,0.0468,0.1036,0.0000,0.0000,46.0109,0.000207,1.000000,0.000000,0.000000,0.000000,0.0000,1,0,0,0.010089,-0.008455,0.000638
553,554.000,-0.8541,45.8510,0.0000,-0.001635,-0.076048,0.000000,-0.8554,45.8754,0.0162,0.1023,0.0000,0.0000,45.9349,0.000205,1.000000,0.000000,0.000000,0.000000,0.0000,1,0,0,0.002898,-0.012554,-0.000466
554,555.000,-0.8557,45.7749,0.0000,-0.001608,-0.076044,0.000000,-0.8468,45.7781,0.0267,0.1013,0.0000,0.0000,45.8589,0.000203,1.000000,0.000000,0.000000,0.000000,0.0000,1,0,0,0.016800,-0.007508,-0.017277
555,556.000,-0.8573,45.6988,0.0000,-0.001581,-0.076241,0.000000,-0.8601,45.7008,-0.0087,0.1012,-0.1000,0.0000,45.7829,0.000285,1.000000,0.000000,0.000000,0.000000,0.0000,1,0,0,-0.011617,0.015488,-0.008277
556,557.000,-0.8589,45.6225,0.0000,-0.001556,-0.076238,0.000000,-0.8606,45.6436,-0.0207,0.1006,0.0000,0.0000,45.7068,0.000201,1.000000,0.000000,0.000000,0.000000,0.0000,1,0,0,0.003463,-0.006814,-0.006541
557,558.000,-0.8605,45.5463,0.0000,-0.001732,-0.076234,0.000000,-0.8592,45.5310,0.0156,0.0000,0.0000,0.0000,45.6306,0.000000,1.000000,0.000000,0.000000,0.000000,0.0000,1,0,0,0.016141,-0.011645,0.002808
558,559.000,-0.8623,45.4701,0.0000,-0.001695,-0.076230,0.000000,-0.8806,45.4636,0.0086,0.1066,0.0000,0.0000,45.5544,0.000213,1.000000,0.000000,0.000000,0.000000,0.0000,1,0,0,0.006053,-0.005417,-0.003646
559,560.000,-0.8639,45.3939,0.0000,-0.001663,-0.076226,0.000000,-0.8516,45.4180,0.0155,0.1040,0.0000,0.0000,45.4783,0.000208,1.000000,0.000000,0.000000,0.000000,0.0000,1,0,0,-0.002827,0.000319,-0.006923
560,561.000,-0.8656,45.3176,0.0000,-0.001632,-0.076223,0.000000,-0.8617,45.3536,0.0047,0.1037,0.0000,0.0000,45.4021,0.000207,1.000000,0.000000,0.000000,0.000000,0.0000,1,0,0,-0.000614,0.003215,-0.010329
561,562.000,-0.8672,45.2414,0.0000,-0.001604,-0.076219,0.000000,-0.8481,45.2790,-0.0065,0.1018,0.0000,0.0000,45.3259,0.000204,1.000000,0.000000,0.000000,0.000000,0.0000,1,0,0,-0.012421,-0.014643,-0.010647
562,563.000,-0.8688,45.1652,0.0000,-0.001576,-0.076215,0.000000,-0.8569,45.2043,0.0075,0.1018,0.0000,0.0000,45.2497,0.000204,1.000000,0.000000,0.000000,0.000000,0.0000,1,0,0,0.007743,0.003973,0.011906
563,564.000,-0.8703,45.0890,0.0000,-0.001550,-0.076212,0.000000,-0.8595,45.1302,-0.0255,0.1010,0.0000,0.0000,45.1735,0.000202,1.000000,0.000000,0.000000,0.000000,0.0000,1,0,0,0.013642,-0.007382,0.001991
564,565.000,-0.8720,45.0128,0.0000,-0.001726,-0.076208,0.000000,-0.8507,45.0731,-0.0123,0.0000,0.0000,0.0000,45.0974,0.000000,1.000000,0.000000,0.000000,0.000000,0.0000,1,0,0,-0.004082,-0.004910,0.017076
565,566.000,-0.8737,44.9366,0.0000,-0.001690,-0.076205,0.000000,-0.8614,44.9530,-0.0145,0.1060,0.0000,0.0000,45.0212,0.000212,1.000000,0.000000,0.000000,0.000000,0.0000,1,0,0,0.018975,0.003354,-0.007866
566,567.000,-0.8754,44.8604,0.0000,-0.001658,-0.076201,0.000000,-0.8478,44.9021,-0.0174,0.1041,0.0000,0.0000,44.9451,0.000208,1.000000,0.000000,0.000000,0.000000,0.0000,1,0,0,0.007038,0.022985,-0.017120
567,568.000,-0.8770,44.7842,0.0000,-0.001628,-0.076197,0.000000,-0.8488,44.8179,-0.0225,0.1033,0.0000,0.0000,44.8689,0.000207,1.000000,0.000000,0.000000,0.000000,0.0000,1,0,0,0.005747,0.018928,-0.010656
568,569.000,-0.8786,44.7080,0.0000,-0.001594,-0.076194,0.000000,-0.8789,44.7340,-0.0195,0.1046,0.0000,0.0000,44.7927,0.000209,1.000000,0.000000,0.000000,0.000000,0.0000,1,0,0,0.003848,-0.001415,-0.002907
569,570.000,-0.8802,44.6318,0.0000,-0.001557,-0.076190,0.000000,-0.9182,44.5973,-0.0263,0.1064,0.0000,0.0000,44.7166,0.000213,1.000000,0.000000,0.000000,0.000000,0.0000,1,0,0,0.010901,-0.001483,-0.004294
570,571.000,-0.8817,44.5556,0.0000,-0.001526,-0.076187,0.000000,-0.8879,44.5430,-0.0368,0.1036,0.0000,0.0000,44.6404,0.000207,1.000000,0.000000,0.000000,0.000000,0.0000,1,0,0,0.007414,-0.006219,0.001696
571,572.000,-0.8833,44.4794,0.0000,-0.001492,-0.076183,0.000000,-0.9210,44.4924,-0.0364,0.1049,0.0000,0.0000,44.5643,0.000210,1.000000,0.000000,0.000000,0.000000,0.0000,1,0,0,-0.017841,0.007469,0.000762
572,573.000,-0.8847,44.4032,0.0000,-0.001464,-0.076180,0.000000,-0.8990,44.4025,-0.0087,0.1023,0.0000,0.0000,44.4882,0.000205,1.000000,0.000000,0.000000,0.000000,0.0000,1,0,0,0.001186,-0.009282,-0.016391
573,574.000,-0.8862,44.3270,0.0000,-0.001437,-0.076177,0.000000,-0.8950,44.4025,-0.0107,0.1013,0.0000,0.0000,44.4120,0.000203,1.000000,0.000000,0.000000,0.000000,0.0000,1,0,0,0.010363,0.000434,-0.017759
574,575.000,-0.8877,44.2509,0.0000,-0.001613,-0.076173,0.000000,-0.8776,44.3241,0.0172,0.0000,0.0000,0.0000,44.3359,0.000000,1.000000,0.000000,0.000000,0.000000,0.0000,1,0,0,-0.018581,-0.003782,0.003378
575,576.000,-0.8893,44.1747,0.0000,-0.001577,-0.076170,0.000000,-0.8885,44.2098,0.0135,0.1059,0.0000,0.0000,44.2598,0.000212,1.000000,0.000000,0.000000,0.000000,0.0000,1,0,0,-0.015206,-0.015798,0.002614
576,577.000,-0.8909,44.0985,0.0000,-0.001544,-0.076166,0.000000,-0.8837,44.0976,0.0026,0.1047,0.0000,0.0000,44.1836,0.000210,1.000000,0.000000,0.000000,0.000000,0.0000,1,0,0,0.006187,0.015093,-0.020192
577,578.000,-0.8924,44.0224,0.0000,-0.001510,-0.076163,0.000000,-0.8954,44.0525,0.0037,0.1046,0.0000,0.0000,44.1075,0.000209,1.000000,0.000000,0.000000,0.000000,0.0000,1,0,0,-0.019171,0.003761,-0.001514
578,579.000,-0.8939,43.9462,0.0000,-0.001478,-0.076160,0.000000,-0.9018,43.9429,0.0171,0.1042,0.0000,0.0000,44.0314,0.000208,1.000000,0.000000,0.000000,0.000000,0.0000,1,0,0,-0.001274,0.011760,0.012344
579,580.000,-0.8953,43.8700,0.0000,-0.001450,-0.076156,0.000000,-0.8830,43.8583,0.0024,0.1021,0.0000,0.0000,43.9553,0.000204,1.000000,0.000000,0.000000,0.000000,0.0000,1,0,0,0.012965,-0.006239,0.009887
580,581.000,-0.8968,43.7939,0.0000,-0.001418,-0.076153,0.000000,-0.9215,43.8083,0.0117,0.1040,0.0000,0.0000,43.8792,0.000208,1.000000,0.000000,0.000000,0.000000,0.0000,1,0,0,0.005759,-0.003936,-0.006642
581,582.000,-0.8982,43.7177,0.0000,-0.001394,-0.076150,0.000000,-0.8808,43.7572,-0.0077,0.1000,0.0000,0.0000,43.8031,0.000200,1.000000,0.000000,0.000000,0.000000,0.0000,1,0,0,0.009730,0.002302,-0.004724
582,583.000,-0.8996,43.6416,0.0000,-0.001369,-0.076147,0.000000,-0.8908,43.6546,0.0004,0.1002,0.0000,0.0000,43.7270,0.000201,1.000000,0.000000,0.000000,0.000000,0.0000,1,0,0,0.006200,0.007637,0.006613
583,584.000,-0.9009,43.5654,0.0000,-0.001345,-0.076144,0.000000,-0.8991,43.6341,0.0021,0.1002,0.0000,0.0000,43.6509,0.000200,1.000000,0.000000,0.000000,0.000000,0.0000,1,0,0,0.005199,-0.010092,0.003320
584,585.000,-0.9023,43.4893,0.0000,-0.001317,-0.076141,0.000000,-0.9285,43.5112,0.0354,0.1019,0.0000,0.0000,43.5748,0.000204,1.000000,0.000000,0.000000,0.000000,0.0000,1,0,0,0.012785,-0.014750,-0.008356
585,586.000,-0.9036,43.4132,0.0000,-0.001291,-0.076138,0.000000,-0.9229,43.4140,0.0124,0.1010,0.0000,0.0000,43.4987,0.000202,1.000000,0.000000,0.000000,0.000000,0.0000,1,0,0,-0.011251,0.007820,-0.007236
586,587.000,-0.9048,43.3370,0.0000,-0.001266,-0.076135,0.000000,-0.9237,43.3523,0.0089,0.1001,0.0000,0.0000,43.4226,0.000200,1.000000,0.000000,0.000000,0.000000,0.0000,1,0,0,-0.009294,-0.006014,0.013250
587,588.000,-0.9062,43.2609,0.0000,-0.001442,-0.076132,0.000000,-0.8965,43.2842,-0.0026,0.0000,0.0000,0.0000,43.3465,0.000000,1.000000,0.000000,0.000000,0.000000,0.0000,1,0,0,0.003626,0.012096,-0.007473
588,589.000,-0.9076,43.1848,0.0000,-0.001413,-0.076129,0.000000,-0.8943,43.2511,-0.0159,0.1029,0.0000,0.0000,43.2704,0.000206,1.000000,0.000000,0.000000,0.000000,0.0000,1,0,0,0.003583,0.008964,-0.004878
589,590.000,-0.9090,43.1086,0.0000,-0.001383,-0.076126,0.000000,-0.8988,43.1244,0.0191,0.1025,0.0000,0.0000,43.1943,0.000205,1.000000,0.000000,0.000000,0.000000,0.0000,1,0,0,-0.008301,-0.006527,0.032697
590,591.000,-0.9104,43.0325,0.0000,-0.001355,-0.076123,0.000000,-0.9078,43.0119,0.0277,0.1024,0.0000,0.0000,43.1182,0.000205,1.000000,0.000000,0.000000,0.000000,0.0000,1,0,0,-0.008670,-0.001366,0.006302
591,592.000,-0.9117,42.9564,0.0000,-0.001325,-0.076120,0.000000,-0.9227,42.9246,0.0281,0.1030,0.0000,0.0000,43.0421,0.000206,1.000000,0.000000,0.000000,0.000000,0.0000,1,0,0,-0.004084,-0.002475,0.008876
592,593.000,-0.9130,42.8803,0.0000,-0.001297,-0.076117,0.000000,-0.9126,42.8626,0.0261,0.1016,0.0000,0.0000,42.9661,0.000203,1.000000,0.000000,0.000000,0.000000,0.0000,1,0,0,-0.015124,0.007413,-0.000999
593,594.000,-0.9143,42.8041,0.0000,-0.001271,-0.076114,0.000000,-0.9172,42.8363,-0.0035,0.1010,0.0000,0.0000,42.8900,0.000202,1.000000,0.000000,0.000000,0.000000,0.0000,1,0,0,-0.005245,-0.004189,-0.007355
594,595.000,-0.9156,42.7280,0.0000,-0.001244,-0.076111,0.000000,-0.9363,42.7737,-0.0119,0.1017,0.0000,0.0000,42.8139,0.000203,1.000000,0.000000,0.000000,0.000000,0.0000,1,0,0,0.001727,0.007656,-0.008225
595,596.000,-0.9168,42.6519,0.0000,-0.001216,-0.076109,0.000000,-0.9494,42.6780,-0.0140,0.1019,0.0000,0.0000,42.7378,0.000204,1.000000,0.000000,0.000000,0.000000,0.0000,1,0,0,-0.012703,-0.003289,-0.010788
596,597.000,-0.9180,42.5758,0.0000,-0.001188,-0.076106,0.000000,-0.9564,42.6207,-0.0040,0.1017,0.0000,0.0000,42.6618,0.000204,1.000000,0.000000,0.000000,0.000000,0.0000,1,0,0,0.007832,-0.008620,-0.013960
597,598.000,-0.9192,42.4997,0.0000,-0.001164,-0.076103,0.000000,-0.9440,42.5315,0.0334,0.1002,0.0000,0.0000,42.5857,0.000200,1.000000,0.000000,0.000000,0.000000,0.0000,1,0,0,-0.033285,-0.003267,-0.003879
598,599.000,-0.9204,42.4236,0.0000,-0.001340,-0.076101,0.000000,-0.9164,42.4366,0.0000,0.0000,0.0000,0.0000,42.5097,0.000000,1.000000,0.000000,0.000000,0.000000,0.0000,1,0,0,0.005001,-0.008909,-0.016690
599,600.000,-0.9218,42.3475,0.0000,-0.001313,-0.076098,0.000000,-0.8902,42.3584,-0.0211,0.1013,0.0000,0.0000,42.4336,0.000203,1.000000,0.000000,0.000000,0.000000,0.0000,1,0,0,-0.005520,0.021478,0.001513
600,601.000,-0.9231,42.2714,0.0000,-0.001287,-0.076095,0.000000,-0.8971,42.3164,-0.0220,0.1012,0.0000,0.0000,42.3575,0.000203,1.000000,0.000000,0.000000,0.000000,0.0000,1,0,0,-0.010647,-0.006460,0.016791
601,602.000,-0.9243,42.1953,0.0000,-0.001259,-0.076092,0.000000,-0.9163,42.2897,0.0057,0.1017,0.0000,0.0000,42.2815,0.000204,1.000000,0.000000,0.000000,0.000000,0.0000,1,0,0,-0.015261,0.016352,0.010270
602,603.000,-0.9256,42.1192,0.0000,-0.001228,-0.076089,0.000000,-0.9498,42.2318,0.0127,0.1034,0.0000,0.0000,42.2054,0.000207,1.000000,0.000000,0.000000,0.000000,0.0000,1,0,0,0.006801,-0.004644,0.000577
603,604.000,-0.9268,42.0431,0.0000,-0.001199,-0.076086,0.000000,-0.9559,42.1495,0.0324,0.1028,0.0000,0.0000,42.1294,0.000206,1.000000,0.000000,0.000000,0.000000,0.0000,1,0,0,-0.013704,0.007313,0.018378
604,605.000,-0.9280,41.9671,0.0000,-0.001172,-0.076084,0.000000,-0.9367,42.0416,0.0158,0.1013,0.0000,0.0000,42.0534,0.000203,1.000000,0.000000,0.000000,0.000000,0.0000,1,0,0,-0.008162,-0.004601,-0.003463
605,606.000,-0.9291,41.8910,0.0000,-0.001146,-0.076081,0.000000,-0.9444,42.0278,-0.0036,0.1007,0.0000,0.0000,41.9773,0.000202,1.000000,0.000000,0.000000,0.000000,0.0000,1,0,0,0.002209,-0.000353,-0.015897
606,607.000,-0.9303,41.8149,0.0000,-0.001121,-0.076079,0.000000,-0.9533,41.9215,-0.0175,0.1008,0.0000,0.0000,41.9013,0.000202,1.000000,0.000000,0.000000,0.000000,0.0000,1,0,0,-0.000276,-0.003458,0.005544
607,608.000,-0.9315,41.7388,0.0000,-0.001297,-0.076076,0.000000,-0.9364,41.8523,-0.0003,0.0000,0.0000,0.0000,41.8252,0.000000,1.000000,0.000000,0.000000,0.000000,0.0000,1,0,0,-0.011495,-0.009654,0.002339
608,609.000,-0.9328,41.6627,0.0000,-0.001261,-0.076073,0.000000,-0.9500,41.7643,0.0115,0.1055,0.0000,0.0000,41.7492,0.000211,1.000000,0.000000,0.000000,0.000000,0.0000,1,0,0,0.000779,0.002785,0.011256
609,610.000,-0.9340,41.5867,0.0000,-0.001225,-0.076070,0.000000,-0.9711,41.6312,0.0141,0.1064,0.0000,0.0000,41.6732,0.000213,1.000000,0.000000,0.000000,0.000000,0.0000,1,0,0,-0.008083,0.008065,0.004075
610,611.000,-0.9352,41.5106,0.0000,-0.001187,-0.076068,0.000000,-0.9888,41.5198,0.0064,0.1068,0.0000,0.0000,41.5972,0.000214,1.000000,0.000000,0.000000,0.000000,0.0000,1,0,0,0.002688,-0.001692,0.006626
611,612.000,-0.9364,41.4345,0.0000,-0.001158,-0.076065,0.000000,-0.9424,41.4201,-0.0034,0.1023,0.0000,0.0000,41.5211,0.000205,1.000000,0.000000,0.000000,0.000000,0.0000,1,0,0,0.013493,-0.014155,-0.007025
612,613.000,-0.9375,41.3585,0.0000,-0.001132,-0.076063,0.000000,-0.9277,41.3083,-0.0190,0.1009,0.0000,0.0000,41.4451,0.000202,1.000000,0.000000,0.000000,0.000000,0.0000,1,0,0,0.005882,0.001766,0.001258
613,614.000,-0.9386,41.2824,0.0000,-0.001106,-0.076060,0.000000,-0.9397,41.2330,-0.0137,0.1010,0.0000,0.0000,41.3691,0.000202,1.000000,0.000000,0.000000,0.000000,0.0000,1,0,0,0.015018,-0.002584,-0.006725
614,615.000,-0.9397,41.2064,0.0000,-0.001081,-0.076058,0.000000,-0.9393,41.1722,-0.0130,0.1004,0.0000,0.0000,41.2931,0.000201,1.000000,0.000000,0.000000,0.000000,0.0000,1,0,0,0.006901,-0.004428,0.016357
615,616.000,-0.9409,41.1303,0.0000,-0.001257,-0.076055,0.000000,-0.9423,41.0992,0.0055,0.0000,0.0000,0.0000,41.2171,0.000000,1.000000,0.000000,0.000000,0.000000,0.0000,1,0,0,-0.004529,-0.001994,-0.001074
616,617.000,-0.9421,41.0542,0.0000,-0.001225,-0.076052,0.000000,-0.9203,41.0237,0.0078,0.1039,0.0000,0.0000,41.1411,0.000208,1.000000,0.000000,0.000000,0.000000,0.0000,1,0,0,-0.009616,-0.010549,0.002817
617,618.000,-0.9434,40.9782,0.0000,-0.001191,-0.076050,0.000000,-0.9433,40.9528,0.0080,0.1051,0.0000,0.0000,41.0651,0.000210,1.000000,0.000000,0.000000,0.000000,0.0000,1,0,0,-0.000267,-0.009097,-0.003875
618,619.000,-0.9445,40.9021,0.0000,-0.001163,-0.076047,0.000000,-0.9150,40.8602,-0.0148,0.1018,0.0000,0.0000,40.9890,0.000204,1.000000,0.000000,0.000000,0.000000,0.0000,1,0,0,-0.003968,-0.004965,0.002264
619,620.000,-0.9457,40.8261,0.0000,-0.001135,-0.076045,0.000000,-0.9340,40.8164,-0.0108,0.1022,0.0000,0.0000,40.9130,0.000204,1.000000,0.000000,0.000000,0.000000,0.0000,1,0,0,-0.007144,-0.013530,0.002527
620,621.000,-0.9468,40.7501,0.0000,-0.001100,-0.076042,0.000000,-0.9764,40.7341,0.0290,0.1051,0.0000,0.0000,40.8370,0.000210,1.000000,0.000000,0.000000,0.000000,0.0000,1,0,0,0.014303,0.011560,-0.006613
621,622.000,-0.9479,40.6740,0.0000,-0.001069,-0.076040,0.000000,-0.9703,40.6968,0.0034,0.1038,0.0000,0.0000,40.7611,0.000208,1.000000,0.000000,0.000000,0.000000,0.0000,1,0,0,-0.005005,0.005442,0.002561
622,623.000,-0.9489,40.5980,0.0000,-0.001039,-0.076037,0.000000,-0.9628,40.5653,0.0204,0.1025,0.0000,0.0000,40.6851,0.000205,1.000000,0.000000,0.000000,0.000000,0.0000,1,0,0,-0.001645,-0.007593,-0.004164
623,624.000,-0.9500,40.5219,0.0000,-0.001014,-0.076035,0.000000,-0.9495,40.4773,-0.0223,0.1006,0.0000,0.0000,40.6091,0.000201,1.000000,0.000000,0.000000,0.000000,0.0000,1,0,0,-0.001905,-0.004027,0.010256
624,625.000,-0.9511,40.4459,0.0000,-0.001190,-0.076033,0.000000,-0.9448,40.3842,0.0081,0.0000,0.0000,0.0000,40.5331,0.000000,1.000000,0.000000,0.000000,0.000000,0.0000,1,0,0,-0.001713,0.002488,0.019008
625,626.000,-0.9522,40.3699,0.0000,-0.001154,-0.076030,0.000000,-0.9515,40.2774,0.0035,0.1058,0.0000,0.0000,40.4571,0.000212,1.000000,0.000000,0.000000,0.000000,0.0000,1,0,0,-0.012485,0.004950,0.009391
626,627.000,-0.9534,40.2938,0.0000,-0.001118,-0.076027,0.000000,-0.9696,40.2002,0.0275,0.1061,0.0000,0.0000,40.3811,0.000212,1.000000,0.000000,0.000000,0.000000,0.0000,1,0,0,-0.003080,0.000312,-0.001437
627,628.000,-0.9545,40.2178,0.0000,-0.001086,-0.076025,0.000000,-0.9521,40.1321,0.0310,0.1042,0.0000,0.0000,40.3051,0.000209,1.000000,0.000000,0.000000,0.000000,0.0000,1,0,0,-0.000747,-0.010336,0.018647
628,629.000,-0.9555,40.1418,0.0000,-0.001052,-0.076023,0.000000,-0.9653,40.0739,0.0339,0.1045,0.0000,0.0000,40.2291,0.000209,1.000000,0.000000,0.000000,0.000000,0.0000,1,0,0,0.016498,0.020796,0.013364
629,630.000,-0.9566,40.0658,0.0000,-0.001021,-0.076020,0.000000,-0.9625,40.0110,0.0381,0.1034,0.0000,0.0000,40.1532,0.000207,1.000000,0.000000,0.000000,0.000000,0.0000,1,0,0,-0.009014,-0.002137,-0.010926
630,631.000,-0.9576,39.9897,0.0000,-0.000995,-0.076218,0.000000,-0.9414,40.0058,0.0282,0.1011,-0.1000,0.0000,40.0772,0.000285,1.000000,0.000000,0.000000,0.000000,0.0000,1,0,0,-0.018026,-0.008925,0.004675
631,632.000,-0.9586,39.9134,0.0000,-0.000968,-0.076216,0.000000,-0.9579,39.9194,0.0255,0.1017,0.0000,0.0000,40.0011,0.000203,1.000000,0.000000,0.000000,0.000000,0.0000,1,0,0,0.012718,0.003868,0.011903
632,633.000,-0.9595,39.8372,0.0000,-0.000944,-0.076214,0.000000,-0.9525,39.8463,-0.0038,0.1005,0.0000,0.0000,39.9249,0.000201,1.000000,0.000000,0.000000,0.000000,0.0000,1,0,0,0.001018,0.012191,-0.003866
633,634.000,-0.9605,39.7610,0.0000,-0.000920,-0.076212,0.000000,-0.9530,39.7827,0.0046,0.1000,0.0000,0.0000,39.8488,0.000200,1.000000,0.000000,0.000000,0.000000,0.0000,1,0,0,0.004041,-0.008091,0.002509
634,635.000,-0.9614,39.6848,0.0000,-0.000895,-0.076210,0.000000,-0.9696,39.7013,0.0123,0.1007,0.0000,0.0000,39.7726,0.000202,1.000000,0.000000,0.000000,0.000000,0.0000,1,0,0,0.003800,-0.010277,-0.015758
635,636.000,-0.9622,39.6086,0.0000,-0.000868,-0.076208,0.000000,-0.9817,39.6212,0.0263,0.1013,0.0000,0.0000,39.6964,0.000203,1.000000,0.000000,0.000000,0.000000,0.0000,1,0,0,-0.013712,0.010357,-0.003978
636,637.000,-0.9631,39.5324,0.0000,-0.000841,-0.076206,0.000000,-0.9998,39.5389,0.0039,0.1019,0.0000,0.0000,39.6203,0.000204,1.000000,0.000000,0.000000,0.000000,0.0000,1,0,0,0.009578,-0.019494,-0.011670
637,638.000,-0.9639,39.4562,0.0000,-0.000813,-0.076204,0.000000,-1.0099,39.4581,-0.0049,0.1018,0.0000,0.0000,39.5441,0.000204,1.000000,0.000000,0.000000,0.000000,0.0000,1,0,0,-0.009794,-0.004409,-0.000621
638,639.000,-0.9648,39.3800,0.0000,-0.000990,-0.076202,0.000000,-0.9763,39.3733,0.0095,0.0000,0.0000,0.0000,39.4679,0.000000,1.000000,0.000000,0.000000,0.000000,0.0000,1,0,0,0.012467,-0.008688,-0.004673
639,640.000,-0.9658,39.3038,0.0000,-0.000961,-0.076200,0.000000,-0.9548,39.3461,-0.0020,0.1028,0.0000,0.0000,39.3918,0.000206,1.000000,0.000000,0.000000,0.000000,0.0000,1,0,0,-0.006572,0.009648,-0.005200
640,641.000,-0.9668,39.2276,0.0000,-0.000929,-0.076198,0.000000,-0.9754,39.2505,0.0121,0.1037,0.0000,0.0000,39.3156,0.000208,1.000000,0.000000,0.000000,0.000000,0.0000,1,0,0,0.004229,0.001784,-0.002327
641,642.000,-0.9677,39.1514,0.0000,-0.000903,-0.076196,0.000000,-0.9569,39.1707,-0.0038,0.1013,0.0000,0.0000,39.2395,0.000203,1.000000,0.000000,0.000000,0.000000,0.0000,1,0,0,0.002069,0.010516,0.001540
642,643.000,-0.9686,39.0752,0.0000,-0.000877,-0.076194,0.000000,-0.9588,39.0322,0.0091,0.1012,0.0000,0.0000,39.1633,0.000202,1.000000,0.000000,0.000000,0.000000,0.0000,1,0,0,-0.003561,0.000098,0.003163
643,644.000,-0.9695,38.9990,0.0000,-0.001053,-0.076192,0.000000,-0.9456,39.0298,0.0133,0.0000,0.0000,0.0000,39.0872,0.000000,1.000000,0.000000,0.000000,0.000000,0.0000,1,0,0,0.001582,-0.013803,0.001106
644,645.000,-0.9706,38.9228,0.0000,-0.001018,-0.076190,0.000000,-0.9582,38.9559,0.0144,0.1058,0.0000,0.0000,39.0110,0.000212,1.000000,0.000000,0.000000,0.000000,0.0000,1,0,0,0.003278,0.007318,0.003810
645,646.000,-0.9716,38.8466,0.0000,-0.000981,-0.076187,0.000000,-0.9798,38.9022,0.0121,0.1067,0.0000,0.0000,38.9349,0.000214,1.000000,0.000000,0.000000,0.000000,0.0000,1,0,0,0.003819,-0.003056,-0.010228
646,647.000,-0.9725,38.7704,0.0000,-0.000947,-0.076185,0.000000,-0.9722,38.8125,0.0336,0.1050,0.0000,0.0000,38.8588,0.000210,1.000000,0.000000,0.000000,0.000000,0.0000,1,0,0,-0.017324,-0.010147,-0.019601
647,648.000,-0.9735,38.6942,0.0000,-0.000917,-0.076183,0.000000,-0.9626,38.7429,0.0127,0.1034,0.0000,0.0000,38.7826,0.000207,1.000000,0.000000,0.000000,0.000000,0.0000,1,0,0,0.000814,-0.005971,-0.002477
648,649.000,-0.9744,38.6181,0.0000,-0.000888,-0.076181,0.000000,-0.9578,38.6505,-0.0058,0.1026,0.0000,0.0000,38.7065,0.000205,1.000000,0.000000,0.000000,0.000000,0.0000,1,0,0,0.010066,0.011054,-0.010275
649,650.000,-0.9752,38.5419,0.0000,-0.000857,-0.076179,0.000000,-0.9801,38.5130,-0.0041,0.1038,0.0000,0.0000,38.6303,0.000208,1.000000,0.000000,0.000000,0.000000,0.0000,1,0,0,-0.002507,0.007638,0.015271
650,651.000,-0.9761,38.4657,0.0000,-0.000826,-0.076177,0.000000,-0.9804,38.4639,-0.0112,0.1036,0.0000,0.0000,38.5542,0.000207,1.000000,0.000000,0.000000,0.000000,0.0000,1,0,0,-0.004122,0.011724,0.007733
651,652.000,-0.9769,38.3895,0.0000,-0.000796,-0.076176,0.000000,-0.9864,38.3555,-0.0185,0.1028,0.0000,0.0000,38.4781,0.000206,1.000000,0.000000,0.000000,0.000000,0.0000,1,0,0,-0.006989,-0.014335,0.001763
652,653.000,-0.9777,38.3133,0.0000,-0.000767,-0.076174,0.000000,-0.9947,38.3042,-0.0300,0.1027,0.0000,0.0000,38.4019,0.000205,1.000000,0.000000,0.000000,0.000000,0.0000,1,0,0,0.010010,0.000294,0.004100
653,654.000,-0.9784,38.2372,0.0000,-0.000739,-0.076172,0.000000,-0.9930,38.1672,-0.0342,0.1022,0.0000,0.0000,38.3258,0.000205,1.000000,0.000000,0.000000,0.000000,0.0000,1,0,0,-0.002746,-0.010046,0.005453
654,655.000,-0.9791,38.1610,0.0000,-0.000710,-0.076171,0.000000,-1.0013,38.1387,-0.0250,0.1025,0.0000,0.0000,38.2497,0.000205,1.000000,0.000000,0.000000,0.000000,0.0000,1,0,0,-0.004142,-0.014428,0.009725
655,656.000,-0.9798,38.0848,0.0000,-0.000681,-0.076169,0.000000,-1.0163,38.0900,-0.0040,0.1029,0.0000,0.0000,38.1736,0.000206,1.000000,0.000000,0.000000,0.000000,0.0000,1,0,0,0.002312,-0.002821,0.007091
656,657.000,-0.9806,38.0087,0.0000,-0.000857,-0.076168,0.000000,-0.9703,38.0312,-0.0179,0.0000,0.0000,0.0000,38.0974,0.000000,1.000000,0.000000,0.000000,0.000000,0.0000,1,0,0,-0.002243,-0.008086,0.011280
657,658.000,-0.9814,37.9325,0.0000,-0.000824,-0.076166,0.000000,-0.9828,37.9444,-0.0213,0.1050,0.0000,0.0000,38.0213,0.000210,1.000000,0.000000,0.000000,0.000000,0.0000,1,0,0,-0.001673,-0.003230,0.012578
658,659.000,-0.9823,37.8563,0.0000,-0.000795,-0.076164,0.000000,-0.9603,37.8702,-0.0080,0.1024,0.0000,0.0000,37.9452,0.000205,1.000000,0.000000,0.000000,0.000000,0.0000,1,0,0,0.001797,0.023597,-0.003826
659,660.000,-0.9830,37.7802,0.0000,-0.000767,-0.076162,0.000000,-0.9692,37.7949,-0.0121,0.1023,0.0000,0.0000,37.8691,0.000205,1.000000,0.000000,0.000000,0.000000,0.0000,1,0,0,-0.002946,-0.011428,-0.001830
660,661.000,-0.9838,37.7040,0.0000,-0.000740,-0.076160,0.000000,-0.9665,37.7302,0.0118,0.1014,0.0000,0.0000,37.7930,0.000203,1.000000,0.000000,0.000000,0.000000,0.0000,1,0,0,-0.005924,-0.007311,0.019781
661,662.000,-0.9845,37.6278,0.0000,-0.000710,-0.076159,0.000000,-0.9899,37.6497,0.0173,0.1031,0.0000,0.0000,37.7168,0.000206,1.000000,0.000000,0.000000,0.000000,0.0000,1,0,0,-0.006659,0.006984,-0.006799
662,663.000,-0.9852,37.5517,0.0000,-0.000686,-0.076157,0.000000,-0.9730,37.5711,0.0004,0.1006,0.0000,0.0000,37.6407,0.000201,1.000000,0.000000,0.000000,0.000000,0.0000,1,0,0,-0.003357,-0.003658,0.006344
663,664.000,-0.9859,37.4755,0.0000,-0.000656,-0.076156,0.000000,-1.0037,37.5103,0.0033,0.1027,0.0000,0.0000,37.5646,0.000206,1.000000,0.000000,0.000000,0.000000,0.0000,1,0,0,0.017064,0.026104,0.030966
664,665.000,-0.9865,37.3994,0.0000,-0.000628,-0.076154,0.000000,-1.0034,37.3961,0.0191,0.1023,0.0000,0.0000,37.4885,0.000205,1.000000,0.000000,0.000000,0.000000,0.0000,1,0,0,0.012577,-0.003366,0.008675
665,666.000,-0.9872,37.3232,0.0000,-0.000805,-0.076153,0.000000,-0.9664,37.2999,0.0241,0.0000,0.0000,0.0000,37.4124,0.000000,1.000000,0.000000,0.000000,0.000000,0.0000,1,0,0,0.005123,-0.006352,0.007648
666,667.000,-0.9880,37.2471,0.0000,-0.000772,-0.076151,0.000000,-0.9698,37.2856,0.0016,0.1044,0.0000,0.0000,37.3363,0.000209,1.000000,0.000000,0.000000,0.000000,0.0000,1,0,0,0.021549,-0.002845,-0.000093
667,668.000,-0.9888,37.1709,0.0000,-0.000741,-0.076149,0.000000,-0.9724,37.1921,0.0077,0.1035,0.0000,0.0000,37.2602,0.000207,1.000000,0.000000,0.000000,0.000000,0.0000,1,0,0,-0.020855,0.001449,-0.011494
668,669.000,-0.9895,37.0948,0.0000,-0.000714,-0.076148,0.000000,-0.9584,37.1062,0.0099,0.1018,0.0000,0.0000,37.1841,0.000204,1.000000,0.000000,0.000000,0.000000,0.0000,1,0,0,0.002278,0.011001,0.001907
669,670.000,-0.9902,37.0186,0.0000,-0.000688,-0.076146,0.000000,-0.9545,37.0003,0.0048,0.1010,0.0000,0.0000,37.1080,0.000202,1.000000,0.000000,0.000000,0.000000,0.0000,1,0,0,-0.009163,0.001777,-0.006150
670,671.000,-0.9910,36.9425,0.0000,-0.000865,-0.076145,0.000000,-0.9434,36.9178,0.0182,0.0000,0.0000,0.0000,37.0319,0.000000,1.000000,0.000000,0.000000,0.000000,0.0000,1,0,0,-0.008931,-0.006355,-0.005053
671,672.000,-0.9918,36.8663,0.0000,-0.000831,-0.076143,0.000000,-0.9424,36.8477,-0.0075,0.1048,0.0000,0.0000,36.9558,0.000210,1.000000,0.000000,0.000000,0.000000,0.0000,1,0,0,0.001712,0.024446,0.005166
672,673.000,-0.9927,36.7902,0.0000,-0.000795,-0.076141,0.000000,-0.9712,36.7900,0.0121,0.1065,0.0000,0.0000,36.8797,0.000213,1.000000,0.000000,0.000000,0.000000,0.0000,1,0,0,0.008626,0.020247,-0.002863
673,674.000,-0.9934,36.7141,0.0000,-0.000758,-0.076139,0.000000,-0.9799,36.7060,0.0082,0.1067,0.0000,0.0000,36.8036,0.000213,1.000000,0.000000,0.000000,0.000000,0.0000,1,0,0,-0.003009,0.008720,0.006120
674,675.000,-0.9942,36.6379,0.0000,-0.000723,-0.076138,0.000000,-0.9774,36.6446,0.0135,0.1053,0.0000,0.0000,36.7275,0.000211,1.000000,0.000000,0.000000,0.000000,0.0000,1,0,0,0.008929,-0.004028,0.001503
675,676.000,-0.9949,36.5618,0.0000,-0.000688,-0.076136,0.000000,-0.9889,36.5965,-0.0008,0.1057,0.0000,0.0000,36.6514,0.000211,1.000000,0.000000,0.000000,0.000000,0.0000,1,0,0,-0.005755,0.004700,0.013875
676,677.000,-0.9955,36.4856,0.0000,-0.000650,-0.076135,0.000000,-1.0158,36.4872,0.0128,0.1072,0.0000,0.0000,36.5753,0.000215,1.000000,0.000000,0.000000,0.000000,0.0000,1,0,0,-0.008131,0.000044,0.007402
677,678.000,-0.9962,36.4095,0.0000,-0.000617,-0.076133,0.000000,-0.9985,36.3559,0.0116,0.1048,0.0000,0.0000,36.4992,0.000210,1.000000,0.000000,0.000000,0.000000,0.0000,1,0,0,0.002819,-0.002986,0.023370
678,679.000,-0.9968,36.3334,0.0000,-0.000585,-0.076132,0.000000,-0.9992,36.3071,-0.0142,0.1039,0.0000,0.0000,36.4231,0.000208,1.000000,0.000000,0.000000,0.000000,0.0000,1,0,0,0.019474,-0.001884,0.016354
679,680.000,-0.9974,36.2572,0.0000,-0.000557,-0.076131,0.000000,-0.9874,36.2394,-0.0184,0.1024,0.0000,0.0000,36.3470,0.000205,1.000000,0.000000,0.000000,0.000000,0.0000,1,0,0,0.014603,0.005719,-0.012517
680,681.000,-0.9979,36.1811,0.0000,-0.000529,-0.076129,0.000000,-0.9887,36.1585,-0.0009,0.1018,0.0000,0.0000,36.2710,0.000204,1.000000,0.000000,0.000000,0.000000,0.0000,1,0,0,0.006216,0.008312,0.000041
681,682.000,-0.9984,36.1050,0.0000,-0.000503,-0.076128,0.000000,-0.9875,36.0884,-0.0131,0.1014,0.0000,0.0000,36.1949,0.000203,1.000000,0.000000,0.000000,0.000000,0.0000,1,0,0,0.001535,0.008266,0.009671
682,683.000,-0.9990,36.0289,0.0000,-0.000679,-0.076127,0.000000,-0.9747,36.0136,-0.0052,0.0000,0.0000,0.0000,36.1188,0.000000,1.000000,0.000000,0.000000,0.000000,0.0000,1,0,0,0.002828,-0.000783,-0.000796
683,684.000,-0.9997,35.9527,0.0000,-0.000644,-0.076126,0.000000,-0.9844,35.9237,-0.0014,0.1059,0.0000,0.0000,36.0427,0.000212,1.000000,0.000000,0.000000,0.000000,0.0000,1,0,0,0.010712,0.025150,0.000907
684,685.000,-1.0003,35.8766,0.0000,-0.000607,-0.076124,0.000000,-0.9968,35.8009,0.0089,0.1064,0.0000,0.0000,35.9666,0.000213,1.000000,0.000000,0.000000,0.000000,0.0000,1,0,0,0.006024,0.002258,-0.015466
685,686.000,-1.0009,35.8005,0.0000,-0.000575,-0.076123,0.000000,-0.9832,35.7294,-0.0070,0.1044,0.0000,0.0000,35.8905,0.000209,1.000000,0.000000,0.000000,0.000000,0.0000,1,0,0,0.006672,0.016204,-0.006889
686,687.000,-1.0014,35.7244,0.0000,-0.000540,-0.076122,0.000000,-1.0049,35.6871,-0.0218,0.1054,0.0000,0.0000,35.8145,0.000211,1.000000,0.000000,0.000000,0.000000,0.0000,1,0,0,0.021919,0.006301,-0.004832
687,688.000,-1.0020,35.6482,0.0000,-0.000507,-0.076121,0.000000,-1.0023,35.6322,-0.0053,0.1046,0.0000,0.0000,35.7384,0.000209,1.000000,0.000000,0.000000,0.000000,0.0000,1,0,0,-0.007898,0.005429,0.005801
688,689.000,-1.0025,35.5721,0.0000,-0.000480,-0.076119,0.000000,-0.9814,35.5348,-0.0055,0.1020,0.0000,0.0000,35.6623,0.000204,1.000000,0.000000,0.000000,0.000000,0.0000,1,0,0,0.010339,0.010705,0.006850
689,690.000,-1.0029,35.4960,0.0000,-0.000448,-0.076118,0.000000,-1.0091,35.4932,0.0078,0.1038,0.0000,0.0000,35.5862,0.000208,1.000000,0.000000,0.000000,0.000000,0.0000,1,0,0,-0.008730,-0.010477,0.012795
690,691.000,-1.0034,35.4199,0.0000,-0.000416,-0.076118,0.000000,-1.0219,35.4510,0.0163,0.1044,0.0000,0.0000,35.5102,0.000209,1.000000,0.000000,0.000000,0.000000,0.0000,1,0,0,0.004248,0.000398,0.003902
691,692.000,-1.0038,35.3438,0.0000,-0.000390,-0.076117,0.000000,-0.9945,35.3562,0.0182,0.1012,0.0000,0.0000,35.4341,0.000202,1.000000,0.000000,0.000000,0.000000,0.0000,1,0,0,-0.001081,-0.006833,-0.002512
692,693.000,-1.0041,35.2677,0.0000,-0.000366,-0.076116,0.000000,-0.9879,35.2735,0.0188,0.1000,0.0000,0.0000,35.3580,0.000200,1.000000,0.000000,0.000000,0.000000,0.0000,1,0,0,-0.006123,-0.004236,0.000453
693,694.000,-1.0045,35.1915,0.0000,-0.000342,-0.076115,0.000000,-0.9984,35.1925,-0.0170,0.1002,0.0000,0.0000,35.2819,0.000201,1.000000,0.000000,0.000000,0.000000,0.0000,1,0,0,-0.010530,-0.001869,0.012479
694,695.000,-1.0049,35.1154,0.0000,-0.000518,-0.076114,0.000000,-0.9873,35.1516,-0.0389,0.0000,0.0000,0.0000,35.2059,0.000000,1.000000,0.000000,0.000000,0.000000,0.0000,1,0,0,0.007857,0.015070,-0.009741
695,696.000,-1.0054,35.0393,0.0000,-0.000488,-0.076113,0.000000,-0.9766,35.0536,-0.0112,0.1034,0.0000,0.0000,35.1298,0.000207,1.000000,0.000000,0.000000,0.000000,0.0000,1,0,0,0.007424,0.005267,0.007158
696,697.000,-1.0059,34.9632,0.0000,-0.000455,-0.076112,0.000000,-0.9931,34.9659,0.0080,0.1044,0.0000,0.0000,35.0537,0.000209,1.000000,0.000000,0.000000,0.000000,0.0000,1,0,0,0.020576,0.000570,0.012307
697,698.000,-1.0063,34.8871,0.0000,-0.000423,-0.076111,0.000000,-0.9931,34.8769,-0.0149,0.1042,0.0000,0.0000,34.9777,0.000208,1.000000,0.000000,0.000000,0.000000,0.0000,1,0,0,0.023987,-0.003549,-0.014720
698,699.000,-1.0067,34.8110,0.0000,-0.000395,-0.076110,0.000000,-0.9828,34.8588,-0.0094,0.1018,0.0000,0.0000,34.9016,0.000204,1.000000,0.000000,0.000000,0.000000,0.0000,1,0,0,0.011379,-0.002390,-0.000943
699,700.000,-1.0071,34.7349,0.0000,-0.000365,-0.076109,0.000000,-1.0057,34.7716,-0.0259,0.1035,0.0000,0.0000,34.8255,0.000207,1.000000,0.000000,0.000000,0.000000,0.0000,1,0,0,-0.004221,-0.011016,0.000225
700,701.000,-1.0075,34.6588,0.0000,-0.000337,-0.076109,0.000000,-0.9938,34.6780,-0.0099,0.1019,0.0000,0.0000,34.7495,0.000204,1.000000,0.000000,0.000000,0.000000,0.0000,1,0,0,0.009090,0.014644,-0.014512
701,702.000,-1.0079,34.5826,0.0000,-0.000513,-0.076108,0.000000,-0.9694,34.5989,-0.0124,0.0000,0.0000,0.0000,34.6734,0.000000,1.000000,0.000000,0.000000,0.000000,0.0000,1,0,0,-0.012149,0.005443,0.003275
702,703.000,-1.0084,34.5065,0.0000,-0.000483,-0.076107,0.000000,-0.9589,34.5359,-0.0191,0.1036,0.0000,0.0000,34.5973,0.000207,1.000000,0.000000,0.000000,0.000000,0.0000,1,0,0,0.021868,0.005051,0.000774
703,704.000,-1.0089,34.4304,0.0000,-0.000455,-0.076106,0.000000,-0.9501,34.4848,0.0236,0.1020,0.0000,0.0000,34.5213,0.000204,1.000000,0.000000,0.000000,0.000000,0.0000,1,0,0,-0.004223,-0.010321,-0.014024
704,705.000,-1.0093,34.3543,0.0000,-0.000427,-0.076105,0.000000,-0.9609,34.4132,0.0057,0.1021,0.0000,0.0000,34.4452,0.000204,1.000000,0.000000,0.000000,0.000000,0.0000,1,0,0,0.003084,-0.012871,0.000693
705,706.000,-1.0097,34.2782,0.0000,-0.000394,-0.076104,0.000000,-0.9852,34.3200,-0.0150,0.1046,0.0000,0.0000,34.3691,0.000209,1.000000,0.000000,0.000000,0.000000,0.0000,1,0,0,0.004544,0.004354,0.015401
706,707.000,-1.0101,34.2021,0.0000,-0.000360,-0.076103,0.000000,-1.0004,34.2129,-0.0088,0.1051,0.0000,0.0000,34.2931,0.000210,1.000000,0.000000,0.000000,0.000000,0.0000,1,0,0,0.020961,0.012389,-0.004627
707,708.000,-1.0104,34.1260,0.0000,-0.000332,-0.076102,0.000000,-0.9737,34.1463,0.0200,0.1019,0.0000,0.0000,34.2170,0.000204,1.000000,0.000000,0.000000,0.000000,0.0000,1,0,0,0.025536,-0.003548,0.000616
708,709.000,-1.0108,34.0499,0.0000,-0.000300,-0.076102,0.000000,-1.0039,34.0849,0.0315,0.1045,0.0000,0.0000,34.1410,0.000209,1.000000,0.000000,0.000000,0.000000,0.0000,1,0,0,0.019333,-0.008689,-0.013961
709,710.000,-1.0110,33.9738,0.0000,-0.000269,-0.076101,0.000000,-1.0024,33.9977,0.0328,0.1034,0.0000,0.0000,34.0649,0.000207,1.000000,0.000000,0.000000,0.000000,0.0000,1,0,0,0.002696,-0.010207,0.000368
710,711.000,-1.0113,33.8977,0.0000,-0.000240,-0.076100,0.000000,-1.0005,33.9526,0.0298,0.1027,0.0000,0.0000,33.9889,0.000206,1.000000,0.000000,0.000000,0.000000,0.0000,1,0,0,0.002612,-0.001957,0.018715
711,712.000,-1.0115,33.8216,0.0000,-0.000210,-0.076100,0.000000,-1.0109,33.8705,0.0155,0.1032,0.0000,0.0000,33.9128,0.000207,1.000000,0.000000,0.000000,0.000000,0.0000,1,0,0,0.000707,-0.009275,-0.003123
712,713.000,-1.0117,33.7455,0.0000,-0.000175,-0.076100,0.000000,-1.0368,33.7357,0.0017,0.1053,0.0000,0.0000,33.8367,0.000211,1.000000,0.000000,0.000000,0.000000,0.0000,1,0,0,-0.003591,0.005674,0.003224
713,714.000,-1.0119,33.6694,0.0000,-0.000146,-0.076099,0.000000,-1.0204,33.6778,0.0136,0.1027,0.0000,0.0000,33.7607,0.000205,1.000000,0.000000,0.000000,0.000000,0.0000,1,0,0,-0.026000,-0.009090,-0.003753
714,715.000,-1.0120,33.5933,0.0000,-0.000116,-0.076099,0.000000,-1.0263,33.5533,-0.0019,0.1034,0.0000,0.0000,33.6846,0.000207,1.000000,0.000000,0.000000,0.000000,0.0000,1,0,0,-0.001219,-0.015653,-0.001951
715,716.000,-1.0121,33.5172,0.0000,-0.000085,-0.076099,0.000000,-1.0352,33.4747,0.0062,0.1034,0.0000,0.0000,33.6086,0.000207,1.000000,0.000000,0.000000,0.000000,0.0000,1,0,0,0.003443,-0.000493,-0.003251
716,717.000,-1.0122,33.4411,0.0000,-0.000056,-0.076099,0.000000,-1.0309,33.4025,0.0142,0.1025,0.0000,0.0000,33.5325,0.000205,1.000000,0.000000,0.000000,0.000000,0.0000,1,0,0,0.003832,0.023123,0.002827
717,718.000,-1.0122,33.3650,0.0000,-0.000028,-0.076099,0.000000,-1.0322,33.3518,0.0126,0.1020,0.0000,0.0000,33.4564,0.000204,1.000000,0.000000,0.000000,0.000000,0.0000,1,0,0,0.009645,0.000272,0.010502
718,719.000,-1.0122,33.2889,0.0000,-0.000004,-0.076099,0.000000,-1.0200,33.2805,-0.0046,0.1002,0.0000,0.0000,33.3804,0.000200,1.000000,0.000000,0.000000,0.000000,0.0000,1,0,0,0.010525,0.003572,0.006704
719,720.000,-1.0123,33.2128,0.0000,-0.000181,-0.076098,0.000000,-1.0031,33.1461,-0.0164,0.0000,0.0000,0.0000,33.3043,0.000000,1.000000,0.000000,0.000000,0.000000,0.0000,1,0,0,-0.000783,-0.005571,-0.013005
720,721.000,-1.0125,33.1367,0.0000,-0.000147,-0.076098,0.000000,-1.0119,33.0597,-0.0260,0.1051,0.0000,0.0000,33.2282,0.000210,1.000000,0.000000,0.000000,0.000000,0.0000,1,0,0,-0.007286,0.012024,-0.016914
721,722.000,-1.0126,33.0606,0.0000,-0.000117,-0.076098,0.000000,-0.9994,33.0184,-0.0342,0.1027,0.0000,0.0000,33.1522,0.000206,1.000000,0.000000,0.000000,0.000000,0.0000,1,0,0,-0.011295,0.014074,0.005040
722,723.000,-1.0127,32.9845,0.0000,-0.000087,-0.076098,0.000000,-1.0056,32.9419,-0.0320,0.1032,0.0000,0.0000,33.0761,0.000206,1.000000,0.000000,0.000000,0.000000,0.0000,1,0,0,0.015873,0.001337,-0.002779
723,724.000,-1.0128,32.9084,0.0000,-0.000053,-0.076098,0.000000,-1.0322,32.8428,-0.0298,0.1051,0.0000,0.0000,33.0001,0.000210,1.000000,0.000000,0.000000,0.000000,0.0000,1,0,0,-0.001717,-0.014079,0.000361
724,725.000,-1.0128,32.8323,0.0000,-0.000019,-0.076097,0.000000,-1.0377,32.7657,-0.0119,0.1050,0.0000,0.0000,32.9240,0.000210,1.000000,0.000000,0.000000,0.000000,0.0000,1,0,0,-0.001851,-0.001252,0.020339
725,726.000,-1.0128,32.7562,0.0000,0.000011,-0.076098,0.000000,-1.0254,32.7087,-0.0284,0.1034,0.0000,0.0000,32.8480,0.000207,1.000000,0.000000,0.000000,0.000000,0.0000,1,0,0,0.026620,-0.013759,-0.010653
726,727.000,-1.0128,32.6801,0.0000,0.000036,-0.076098,0.000000,-1.0088,32.6312,-0.0255,0.1009,0.0000,0.0000,32.7719,0.000202,1.000000,0.000000,0.000000,0.000000,0.0000,1,0,0,0.008171,0.005787,-0.005061
727,728.000,-1.0128,32.6040,0.0000,0.000064,-0.076098,0.000000,-1.0190,32.5799,-0.0178,0.1016,0.0000,0.0000,32.6958,0.000203,1.000000,0.000000,0.000000,0.000000,0.0000,1,0,0,-0.007169,0.000068,0.007962
728,729.000,-1.0127,32.5279,0.0000,0.000088,-0.076098,0.000000,-1.0157,32.5000,-0.0134,0.1004,0.0000,0.0000,32.6198,0.000201,1.000000,0.000000,0.000000,0.000000,0.0000,1,0,0,0.004894,-0.003022,-0.007516
729,730.000,-1.0127,32.4518,0.0000,-0.000088,-0.076098,0.000000,-1.0078,32.4275,0.0216,0.0000,0.0000,0.0000,32.5437,0.000000,1.000000,0.000000,0.000000,0.000000,0.0000,1,0,0,0.012810,-0.010566,-0.010970
730,731.000,-1.0128,32.3757,0.0000,-0.000056,-0.076098,0.000000,-1.0008,32.3608,-0.0175,0.1042,0.0000,0.0000,32.4676,0.000208,1.000000,0.000000,0.000000,0.000000,0.0000,1,0,0,-0.006317,-0.007535,0.004702
731,732.000,-1.0128,32.2996,0.0000,-0.000024,-0.076098,0.000000,-1.0094,32.3177,0.0012,0.1045,0.0000,0.0000,32.3916,0.000209,1.000000,0.000000,0.000000,0.000000,0.0000,1,0,0,-0.008619,-0.004697,-0.005385
732,733.000,-1.0128,32.2235,0.0000,0.000005,-0.076098,0.000000,-0.9943,32.2708,0.0186,0.1025,0.0000,0.0000,32.3155,0.000205,1.000000,0.000000,0.000000,0.000000,0.0000,1,0,0,0.000169,-0.024325,0.011728
733,734.000,-1.0128,32.1475,0.0000,0.000032,-0.076098,0.000000,-0.9975,32.1872,0.0160,0.1017,0.0000,0.0000,32.2395,0.000203,1.000000,0.000000,0.000000,0.000000,0.0000,1,0,0,0.005061,0.014623,0.005805
734,735.000,-1.0127,32.0714,0.0000,0.000059,-0.076098,0.000000,-0.9973,32.0951,-0.0073,0.1013,0.0000,0.0000,32.1634,0.000203,1.000000,0.000000,0.000000,0.000000,0.0000,1,0,0,0.001856,0.002557,0.000689
735,736.000,-1.0127,31.9953,0.0000,0.000084,-0.076098,0.000000,-0.9978,32.0184,-0.0290,0.1010,0.0000,0.0000,32.0873,0.000202,1.000000,0.000000,0.000000,0.000000,0.0000,1,0,0,0.001714,-0.001067,0.001610
736,737.000,-1.0126,31.9192,0.0000,0.000113,-0.076099,0.000000,-1.0142,31.9158,-0.0109,0.1026,0.0000,0.0000,32.0113,0.000205,1.000000,0.000000,0.000000,0.000000,0.0000,1,0,0,-0.005163,0.003762,0.007630
737,738.000,-1.0124,31.8431,0.0000,0.000147,-0.076099,0.000000,-1.0398,31.8185,0.0007,0.1049,0.0000,0.0000,31.9352,0.000210,1.000000,0.000000,0.000000,0.000000,0.0000,1,0,0,-0.005929,-0.024932,0.010047
738,739.000,-1.0123,31.7670,0.0000,0.000173,-0.076099,0.000000,-1.0095,31.7291,-0.0333,0.1012,0.0000,0.0000,31.8591,0.000202,1.000000,0.000000,0.000000,0.000000,0.0000,1,0,0,-0.009082,0.008075,-0.010005
739,740.000,-1.0121,31.6909,0.0000,0.000204,-0.076100,0.000000,-1.0340,31.6751,-0.0184,0.1036,0.0000,0.0000,31.7831,0.000207,1.000000,0.000000,0.000000,0.000000,0.0000,1,0,0,-0.012811,-0.021195,-0.011429
740,741.000,-1.0119,31.6148,0.0000,0.000232,-0.076100,0.000000,-1.0303,31.6240,-0.0014,0.1021,0.0000,0.0000,31.7070,0.000204,1.000000,0.000000,0.000000,0.000000,0.0000,1,0,0,-0.005259,0.001153,-0.000324
741,742.000,-1.0116,31.5387,0.0000,0.000256,-0.076101,0.000000,-1.0136,31.5611,-0.0070,0.1003,0.0000,0.0000,31.6309,0.000201,1.000000,0.000000,0.000000,0.000000,0.0000,1,0,0,0.009862,0.000116,0.009778
742,743.000,-1.0114,31.4626,0.0000,0.000286,-0.076101,0.000000,-1.0380,31.4717,0.0291,0.1029,0.0000,0.0000,31.5549,0.000206,1.000000,0.000000,0.000000,0.000000,0.0000,1,0,0,0.004943,-0.006099,0.009447
743,744.000,-1.0112,31.3865,0.0000,0.000110,-0.076102,0.000000,-0.9999,31.3966,0.0048,0.0000,0.0000,0.0000,31.4788,0.000000,1.000000,0.000000,0.000000,0.000000,0.0000,1,0,0,-0.003052,-0.015249,-0.005465
744,745.000,-1.0110,31.3104,0.0000,0.000148,-0.076102,0.000000,-1.0350,31.3129,-0.0238,0.1073,0.0000,0.0000,31.4027,0.000215,1.000000,0.000000,0.000000,0.000000,0.0000,1,0,0,0.000789,-0.009680,-0.011400
745,746.000,-1.0109,31.2343,0.0000,0.000182,-0.076103,0.000000,-1.0216,31.2481,-0.0041,0.1052,0.0000,0.0000,31.3267,0.000211,1.000000,0.000000,0.000000,0.000000,0.0000,1,0,0,-0.005860,-0.001069,0.007427
746,747.000,-1.0107,31.1581,0.0000,0.000212,-0.076103,0.000000,-1.0107,31.1323,0.0033,0.1033,0.0000,0.0000,31.2506,0.000207,1.000000,0.000000,0.000000,0.000000,0.0000,1,0,0,-0.007850,0.011889,-0.005084
747,748.000,-1.0104,31.0820,0.0000,0.000240,-0.076104,0.000000,-1.0062,31.0565,-0.0051,0.1021,0.0000,0.0000,31.1745,0.000204,1.000000,0.000000,0.000000,0.000000,0.0000,1,0,0,0.005978,0.007456,0.010365
748,749.000,-1.0102,31.0059,0.0000,0.000265,-0.076104,0.000000,-0.9915,30.9739,0.0003,0.1004,0.0000,0.0000,31.0985,0.000201,1.000000,0.000000,0.000000,0.000000,0.0000,1,0,0,-0.002002,0.004712,0.002867
749,750.000,-1.0099,30.9298,0.0000,0.000289,-0.076105,0.000000,-0.9951,30.8891,-0.0211,0.1005,0.0000,0.0000,31.0224,0.000201,1.000000,0.000000,0.000000,0.000000,0.0000,1,0,0,0.001858,-0.013620,0.004741
750,751.000,-1.0097,30.8537,0.0000,0.000113,-0.076106,0.000000,-0.9906,30.8500,-0.0046,0.0000,0.0000,0.0000,30.9463,0.000000,1.000000,0.000000,0.000000,0.000000,0.0000,1,0,0,-0.013962,-0.002217,0.008176
751,752.000,-1.0096,30.7776,0.0000,0.000148,-0.076106,0.000000,-0.9965,30.7947,0.0028,0.1059,0.0000,0.0000,30.8702,0.000212,1.000000,0.000000,0.000000,0.000000,0.0000,1,0,0,-0.009047,-0.011912,0.009488
752,753.000,-1.0094,30.7015,0.0000,0.000184,-0.076106,0.000000,-1.0016,30.6742,0.0096,0.1057,0.0000,0.0000,30.7942,0.000212,1.000000,0.000000,0.000000,0.000000,0.0000,1,0,0,-0.000187,-0.001764,0.004277
753,754.000,-1.0092,30.6254,0.0000,0.000216,-0.076107,0.000000,-0.9932,30.6275,0.0025,0.1043,0.0000,0.0000,30.7181,0.000209,1.000000,0.000000,0.000000,0.000000,0.0000,1,0,0,-0.016477,-0.005876,0.007480
754,755.000,-1.0090,30.5493,0.0000,0.000250,-0.076107,0.000000,-1.0012,30.5359,-0.0003,0.1049,0.0000,0.0000,30.6420,0.000210,1.000000,0.000000,0.000000,0.000000,0.0000,1,0,0,-0.003861,-0.002148,0.004632
755,756.000,-1.0087,30.4732,0.0000,0.000282,-0.076108,0.000000,-1.0039,30.4921,0.0078,0.1043,0.0000,0.0000,30.5660,0.000209,1.000000,0.000000,0.000000,0.000000,0.0000,1,0,0,0.019540,0.001056,-0.003409
756,757.000,-1.0084,30.3971,0.0000,0.000314,-0.076109,0.000000,-1.0076,30.4101,-0.0129,0.1040,0.0000,0.0000,30.4899,0.000208,1.000000,0.000000,0.000000,0.000000,0.0000,1,0,0,0.006303,-0.001095,0.010428
757,758.000,-1.0081,30.3210,0.0000,0.000352,-0.076109,0.000000,-1.0397,30.3223,-0.0309,0.1070,0.0000,0.0000,30.4138,0.000214,1.000000,0.000000,0.000000,0.000000,0.0000,1,0,0,-0.006405,0.002986,0.008243
758,759.000,-1.0077,30.2449,0.0000,0.000381,-0.076110,0.000000,-1.0096,30.2634,-0.0301,0.1030,0.0000,0.0000,30.3377,0.000206,1.000000,0.000000,0.000000,0.000000,0.0000,1,0,0,-0.011559,0.007175,-0.000004
759,760.000,-1.0073,30.1688,0.0000,0.000412,-0.076111,0.000000,-1.0145,30.1632,0.0007,0.1034,0.0000,0.0000,30.2617,0.000207,1.000000,0.000000,0.000000,0.000000,0.0000,1,0,0,0.006274,0.006152,-0.012183
760,761.000,-1.0069,30.0926,0.0000,0.000439,-0.076112,0.000000,-1.0034,30.1048,-0.0106,0.1018,0.0000,0.0000,30.1856,0.000204,1.000000,0.000000,0.000000,0.000000,0.0000,1,0,0,0.019169,-0.009184,0.001923
761,762.000,-1.0064,30.0165,0.0000,0.000466,-0.076113,0.000000,-1.0049,30.0077,0.0008,0.1015,0.0000,0.0000,30.1095,0.000203,1.000000,0.000000,0.000000,0.000000,0.0000,1,0,0,-0.004147,0.005196,-0.004465
762,763.000,-1.0060,29.9404,0.0000,0.000494,-0.076114,0.000000,-1.0203,29.9771,0.0149,0.1025,0.0000,0.0000,30.0334,0.000205,1.000000,0.000000,0.000000,0.000000,0.0000,1,0,0,0.009735,-0.016221,-0.002777
763,764.000,-1.0055,29.8643,0.0000,0.000519,-0.076116,0.000000,-1.0079,29.9029,-0.0002,0.1006,0.0000,0.0000,29.9573,0.000201,1.000000,0.000000,0.000000,0.000000,0.0000,1,0,0,-0.019439,0.009896,0.000490
764,765.000,-1.0049,29.7882,0.0000,0.000547,-0.076117,0.000000,-1.0185,29.8031,0.0277,0.1018,0.0000,0.0000,29.8812,0.000204,1.000000,0.000000,0.000000,0.000000,0.0000,1,0,0,0.011462,0.018310,0.000081
765,766.000,-1.0044,29.7121,0.0000,0.000572,-0.076118,0.000000,-1.0085,29.6979,0.0052,0.1007,0.0000,0.0000,29.8051,0.000201,1.000000,0.000000,0.000000,0.000000,0.0000,1,0,0,0.005382,0.000232,0.006831
766,767.000,-1.0038,29.6360,0.0000,0.000598,-0.076119,0.000000,-1.0115,29.6349,-0.0158,0.1009,0.0000,0.0000,29.7290,0.000202,1.000000,0.000000,0.000000,0.000000,0.0000,1,0,0,-0.015260,0.000688,-0.002499
767,768.000,-1.0033,29.5598,0.0000,0.000421,-0.076121,0.000000,-1.0081,29.5301,-0.0022,0.0000,0.0000,0.0000,29.6529,0.000000,1.000000,0.000000,0.000000,0.000000,0.0000,1,0,0,-0.005220,0.004621,-0.004742
768,769.000,-1.0028,29.4837,0.0000,0.000454,-0.076122,0.000000,-0.9977,29.4711,-0.0153,0.1045,0.0000,0.0000,29.5769,0.000209,1.000000,0.000000,0.000000,0.000000,0.0000,1,0,0,0.010881,0.016897,0.004500
769,770.000,-1.0024,29.4076,0.0000,0.000483,-0.076123,0.000000,-0.9898,29.3985,-0.0175,0.1029,0.0000,0.0000,29.5008,0.000206,1.000000,0.000000,0.000000,0.000000,0.0000,1,0,0,-0.018456,-0.006819,-0.002400
770,771.000,-1.0019,29.3315,0.0000,0.000514,-0.076124,0.000000,-1.0029,29.3293,-0.0274,0.1036,0.0000,0.0000,29.4247,0.000207,1.000000,0.000000,0.000000,0.000000,0.0000,1,0,0,-0.007930,-0.005152,-0.004784
771,772.000,-1.0013,29.2553,0.0000,0.000546,-0.076125,0.000000,-1.0046,29.2739,0.0005,0.1038,0.0000,0.0000,29.3486,0.000208,1.000000,0.000000,0.000000,0.000000,0.0000,1,0,0,-0.016661,0.008802,0.019284
772,773.000,-1.0008,29.1792,0.0000,0.000580,-0.076127,0.000000,-1.0219,29.2184,-0.0021,0.1053,0.0000,0.0000,29.2725,0.000211,1.000000,0.000000,0.000000,0.000000,0.0000,1,0,0,-0.002393,0.009526,-0.001385
773,774.000,-1.0002,29.1031,0.0000,0.000604,-0.076128,0.000000,-0.9899,29.1376,0.0019,0.1005,0.0000,0.0000,29.1964,0.000201,1.000000,0.000000,0.000000,0.000000,0.0000,1,0,0,0.023363,0.011002,-0.010242
774,775.000,-0.9996,29.0270,0.0000,0.000634,-0.076129,0.000000,-1.0129,29.0842,0.0043,0.1028,0.0000,0.0000,29.1203,0.000206,1.000000,0.000000,0.000000,0.000000,0.0000,1,0,0,-0.000787,0.014074,0.007640
775,776.000,-0.9989,28.9508,0.0000,0.000660,-0.076131,0.000000,-1.0000,29.0226,0.0119,0.1010,0.0000,0.0000,29.0442,0.000202,1.000000,0.000000,0.000000,0.000000,0.0000,1,0,0,-0.015703,-0.019668,-0.002986
776,777.000,-0.9982,28.8747,0.0000,0.000687,-0.076132,0.000000,-1.0086,28.9252,0.0125,0.1020,0.0000,0.0000,28.9681,0.000204,1.000000,0.000000,0.000000,0.000000,0.0000,1,0,0,0.015083,-0.021164,0.009976
777,778.000,-0.9975,28.7986,0.0000,0.000717,-0.076134,0.000000,-1.0223,28.8504,0.0093,0.1030,0.0000,0.0000,28.8919,0.000206,1.000000,0.000000,0.000000,0.000000,0.0000,1,0,0,0.006974,0.009237,-0.008069
778,779.000,-0.9968,28.7224,0.0000,0.000743,-0.076136,0.000000,-1.0017,28.7348,0.0018,0.1009,0.0000,0.0000,28.8158,0.000202,1.000000,0.000000,0.000000,0.000000,0.0000,1,0,0,-0.019090,-0.002196,-0.022935
779,780.000,-0.9961,28.6463,0.0000,0.000768,-0.076137,0.000000,-1.0043,28.6301,-0.0021,0.1010,0.0000,0.0000,28.7397,0.000202,1.000000,0.000000,0.000000,0.000000,0.0000,1,0,0,-0.004345,-0.002909,0.004269
780,781.000,-0.9954,28.5702,0.0000,0.000592,-0.076139,0.000000,-0.9874,28.5622,-0.0109,0.0000,0.0000,0.0000,28.6636,0.000000,1.000000,0.000000,0.000000,0.000000,0.0000,1,0,0,-0.000418,0.012991,-0.010279
781,782.000,-0.9948,28.4940,0.0000,0.000626,-0.076140,0.000000,-0.9918,28.4795,-0.0220,0.1052,0.0000,0.0000,28.5875,0.000211,1.000000,0.000000,0.000000,0.000000,0.0000,1,0,0,0.000135,-0.000094,0.008712
782,783.000,-0.9941,28.4179,0.0000,0.000655,-0.076142,0.000000,-0.9743,28.3897,-0.0056,0.1026,0.0000,0.0000,28.5114,0.000205,1.000000,0.000000,0.000000,0.000000,0.0000,1,0,0,0.009928,-0.018952,-0.005861
783,784.000,-0.9935,28.3417,0.0000,0.000684,-0.076143,0.000000,-0.9791,28.3120,0.0157,0.1025,0.0000,0.0000,28.4353,0.000205,1.000000,0.000000,0.000000,0.000000,0.0000,1,0,0,0.003334,-0.015751,-0.015711
784,785.000,-0.9928,28.2656,0.0000,0.000716,-0.076145,0.000000,-0.9905,28.1823,0.0071,0.1045,0.0000,0.0000,28.3591,0.000209,1.000000,0.000000,0.000000,0.000000,0.0000,1,0,0,-0.007298,0.015792,-0.004511
785,786.000,-0.9920,28.1894,0.0000,0.000745,-0.076147,0.000000,-0.9840,28.1439,-0.0051,0.1025,0.0000,0.0000,28.2830,0.000205,1.000000,0.000000,0.000000,0.000000,0.0000,1,0,0,-0.012902,0.002413,-0.004524
786,787.000,-0.9914,28.1133,0.0000,0.000569,-0.076148,0.000000,-0.9521,28.0466,-0.0021,0.0000,0.0000,0.0000,28.2069,0.000000,1.000000,0.000000,0.000000,0.000000,0.0000,1,0,0,0.008993,0.011947,0.009311
787,788.000,-0.9908,28.0371,0.0000,0.000601,-0.076150,0.000000,-0.9538,27.9471,0.0050,0.1045,0.0000,0.0000,28.1308,0.000209,1.000000,0.000000,0.000000,0.000000,0.0000,1,0,0,0.011193,0.016447,-0.012249
788,789.000,-0.9902,27.9610,0.0000,0.000632,-0.076151,0.000000,-0.9517,27.9229,0.0161,0.1034,0.0000,0.0000,28.0546,0.000207,1.000000,0.000000,0.000000,0.000000,0.0000,1,0,0,-0.002833,0.000377,-0.008188
789,790.000,-0.9895,27.8848,0.0000,0.000667,-0.076153,0.000000,-0.9722,27.8257,-0.0056,0.1056,0.0000,0.0000,27.9785,0.000211,1.000000,0.000000,0.000000,0.000000,0.0000,1,0,0,0.003360,-0.004256,0.000170
790,791.000,-0.9888,27.8087,0.0000,0.000706,-0.076154,0.000000,-0.9928,27.7770,-0.0011,0.1075,0.0000,0.0000,27.9024,0.000215,1.000000,0.000000,0.000000,0.000000,0.0000,1,0,0,0.000017,-0.014834,-0.006802
791,792.000,-0.9881,27.7325,0.0000,0.000738,-0.076156,0.000000,-0.9752,27.7116,-0.0059,0.1045,0.0000,0.0000,27.8263,0.000209,1.000000,0.000000,0.000000,0.000000,0.0000,1,0,0,-0.011524,0.002068,0.007039
792,793.000,-0.9874,27.6564,0.0000,0.000776,-0.076158,0.000000,-0.9950,27.6404,0.0104,0.1069,0.0000,0.0000,27.7501,0.000214,1.000000,0.000000,0.000000,0.000000,0.0000,1,0,0,0.011476,-0.006056,0.001323
793,794.000,-0.9866,27.5802,0.0000,0.000810,-0.076159,0.000000,-0.9883,27.5807,0.0038,0.1054,0.0000,0.0000,27.6740,0.000211,1.000000,0.000000,0.000000,0.000000,0.0000,1,0,0,-0.002846,-0.000609,0.005597
794,795.000,-0.9857,27.5041,0.0000,0.000842,-0.076161,0.000000,-0.9812,27.4841,0.0008,0.1042,0.0000,0.0000,27.5979,0.000209,1.000000,0.000000,0.000000,0.000000,0.0000,1,0,0,0.027929,-0.021860,0.010713
795,796.000,-0.9849,27.4279,0.0000,0.000878,-0.076163,0.000000,-0.9985,27.4079,0.0143,0.1062,0.0000,0.0000,27.5217,0.000212,1.000000,0.000000,0.000000,0.000000,0.0000,1,0,0,0.000948,0.004444,-0.013967
796,797.000,-0.9840,27.3517,0.0000,0.000904,-0.076165,0.000000,-0.9635,27.3444,0.0307,0.1007,0.0000,0.0000,27.4456,0.000202,1.000000,0.000000,0.000000,0.000000,0.0000,1,0,0,0.005199,-0.001632,-0.012216
797,798.000,-0.9832,27.2756,0.0000,0.000727,-0.076167,0.000000,-0.9524,27.2769,0.0322,0.0000,0.0000,0.0000,27.3694,0.000000,1.000000,0.000000,0.000000,0.000000,0.0000,1,0,0,0.002355,-0.000964,0.005338
798,799.000,-0.9824,27.1994,0.0000,0.000765,-0.076169,0.000000,-0.9726,27.1949,0.0251,0.1072,0.0000,0.0000,27.2933,0.000215,1.000000,0.000000,0.000000,0.000000,0.0000,1,0,0,-0.012663,-0.000830,-0.007653
799,800.000,-0.9816,27.1232,0.0000,0.000810,-0.076171,0.000000,-0.9992,27.1364,0.0174,0.1107,0.0000,0.0000,27.2171,0.000222,1.000000,0.000000,0.000000,0.000000,0.0000,1,0,0,-0.004354,0.010618,0.003348
800,801.000,-0.9808,27.0471,0.0000,0.000850,-0.076173,0.000000,-0.9807,27.0441,0.0209,0.1077,0.0000,0.0000,27.1410,0.000216,1.000000,0.000000,0.000000,0.000000,0.0000,1,0,0,-0.007005,0.009563,0.003710
801,802.000,-0.9799,26.9709,0.0000,0.000887,-0.076175,0.000000,-0.9789,26.9589,0.0165,0.1068,0.0000,0.0000,27.0648,0.000214,1.000000,0.000000,0.000000,0.000000,0.0000,1,0,0,-0.001970,0.001475,0.017115
802,803.000,-0.9790,26.8947,0.0000,0.000929,-0.076177,0.000000,-0.9948,26.8604,0.0024,0.1092,0.0000,0.0000,26.9887,0.000219,1.000000,0.000000,0.000000,0.000000,0.0000,1,0,0,-0.002480,0.011366,-0.000851
803,804.000,-0.9781,26.8185,0.0000,0.000968,-0.076179,0.000000,-0.9959,26.8076,0.0064,0.1077,0.0000,0.0000,26.9125,0.000216,1.000000,0.000000,0.000000,0.000000,0.0000,1,0,0,-0.007060,-0.029433,-0.004139
804,805.000,-0.9771,26.7424,0.0000,0.001009,-0.076181,0.000000,-1.0039,26.7613,0.0114,0.1084,0.0000,0.0000,26.8364,0.000217,1.000000,0.000000,0.000000,0.000000,0.0000,1,0,0,-0.003652,-0.015486,0.017009
805,806.000,-0.9761,26.6662,0.0000,0.001046,-0.076184,0.000000,-0.9953,26.6604,0.0023,0.1067,0.0000,0.0000,26.7602,0.000213,1.000000,0.000000,0.000000,0.000000,0.0000,1,0,0,-0.010462,0.000233,-0.004006
806,807.000,-0.9750,26.5900,0.0000,0.001081,-0.076186,0.000000,-0.9897,26.5783,-0.0099,0.1058,0.0000,0.0000,26.6840,0.000212,1.000000,0.000000,0.000000,0.000000,0.0000,1,0,0,0.002587,0.012493,-0.008452
807,808.000,-0.9739,26.5138,0.0000,0.001116,-0.076188,0.000000,-0.9961,26.5144,0.0079,0.1055,0.0000,0.0000,26.6079,0.000211,1.000000,0.000000,0.000000,0.000000,0.0000,1,0,0,-0.006625,-0.003739,-0.009373
808,809.000,-0.9728,26.4376,0.0000,0.001148,-0.076191,0.000000,-0.9829,26.3932,0.0169,0.1042,0.0000,0.0000,26.5317,0.000209,1.000000,0.000000,0.000000,0.000000,0.0000,1,0,0,-0.007065,-0.011691,0.004492
809,810.000,-0.9716,26.3614,0.0000,0.001177,-0.076194,0.000000,-0.9749,26.3495,0.0125,0.1027,0.0000,0.0000,26.4555,0.000206,1.000000,0.000000,0.000000,0.000000,0.0000,1,0,0,-0.003234,0.001152,0.008969
810,811.000,-0.9705,26.2852,0.0000,0.001001,-0.076196,0.000000,-0.9497,26.2825,0.0051,0.0000,0.0000,0.0000,26.3793,0.000000,1.000000,0.000000,0.000000,0.000000,0.0000,1,0,0,-0.000738,0.000436,-0.013832
811,812.000,-0.9695,26.2090,0.0000,0.001035,-0.076199,0.000000,-0.9596,26.1731,0.0176,0.1054,0.0000,0.0000,26.3031,0.000211,1.000000,0.000000,0.000000,0.000000,0.0000,1,0,0,0.000345,0.005259,0.008918
812,813.000,-0.9684,26.1328,0.0000,0.001072,-0.076201,0.000000,-0.9627,26.1042,0.0094,0.1066,0.0000,0.0000,26.2269,0.000213,1.000000,0.000000,0.000000,0.000000,0.0000,1,0,0,-0.019718,0.016458,-0.001496
813,814.000,-0.9674,26.0566,0.0000,0.001110,-0.076203,0.000000,-0.9721,26.0050,0.0037,0.1072,0.0000,0.0000,26.1508,0.000214,1.000000,0.000000,0.000000,0.000000,0.0000,1,0,0,0.002822,0.011576,-0.003358
814,815.000,-0.9662,25.9804,0.0000,0.001147,-0.076206,0.000000,-0.9659,25.8897,-0.0076,0.1064,0.0000,0.0000,26.0746,0.000213,1.000000,0.000000,0.000000,0.000000,0.0000,1,0,0,-0.000409,0.003659,-0.005138
815,816.000,-0.9651,25.9042,0.0000,0.001181,-0.076209,0.000000,-0.9648,25.8480,0.0003,0.1050,0.0000,0.0000,25.9984,0.000210,1.000000,0.000000,0.000000,0.000000,0.0000,1,0,0,-0.019135,0.006773,-0.006923
816,817.000,-0.9639,25.8280,0.0000,0.001219,-0.076211,0.000000,-0.9812,25.7908,0.0118,0.1072,0.0000,0.0000,25.9222,0.000215,1.000000,0.000000,0.000000,0.000000,0.0000,1,0,0,-0.004059,0.002160,-0.015613
817,818.000,-0.9626,25.7518,0.0000,0.001257,-0.076214,0.000000,-0.9848,25.7257,0.0012,0.1071,0.0000,0.0000,25.8460,0.000214,1.000000,0.000000,0.000000,0.000000,0.0000,1,0,0,-0.017908,0.013139,-0.012250
818,819.000,-0.9615,25.6756,0.0000,0.001080,-0.076217,0.000000,-0.9381,25.6551,-0.0161,0.0000,0.0000,0.0000,25.7698,0.000000,1.000000,0.000000,0.000000,0.000000,0.0000,1,0,0,-0.003071,0.011475,-0.007384
819,820.000,-0.9604,25.5994,0.0000,0.001120,-0.076219,0.000000,-0.9578,25.6174,-0.0093,0.1081,0.0000,0.0000,25.6936,0.000216,1.000000,0.000000,0.000000,0.000000,0.0000,1,0,0,0.001474,-0.007724,0.017404
820,821.000,-0.9592,25.5231,0.0000,0.001163,-0.076222,0.000000,-0.9696,25.5334,-0.0030,0.1097,0.0000,0.0000,25.6174,0.000220,1.000000,0.000000,0.000000,0.000000,0.0000,1,0,0,-0.000907,0.004052,0.012507
821,822.000,-0.9580,25.4469,0.0000,0.001210,-0.076225,0.000000,-0.9801,25.3959,-0.0050,0.1116,0.0000,0.0000,25.5411,0.000223,1.000000,0.000000,0.000000,0.000000,0.0000,1,0,0,0.000952,0.006380,-0.000173
822,823.000,-0.9568,25.3707,0.0000,0.001253,-0.076228,0.000000,-0.9727,25.2900,0.0168,0.1096,0.0000,0.0000,25.4649,0.000219,1.000000,0.000000,0.000000,0.000000,0.0000,1,0,0,0.007849,0.007485,-0.021786
823,824.000,-0.9555,25.2945,0.0000,0.001293,-0.076231,0.000000,-0.9679,25.2143,0.0202,0.1079,0.0000,0.0000,25.3887,0.000216,1.000000,0.000000,0.000000,0.000000,0.0000,1,0,0,-0.008517,-0.002692,0.012022
824,825.000,-0.9542,25.2182,0.0000,0.001329,-0.076234,0.000000,-0.9605,25.1694,0.0110,0.1066,0.0000,0.0000,25.3125,0.000213,1.000000,0.000000,0.000000,0.000000,0.0000,1,0,0,-0.003453,-0.008633,-0.008127
825,826.000,-0.9529,25.1420,0.0000,0.001366,-0.076237,0.000000,-0.9607,25.0784,0.0084,0.1065,0.0000,0.0000,25.2363,0.000213,1.000000,0.000000,0.000000,0.000000,0.0000,1,0,0,0.001690,0.001063,0.001976
826,827.000,-0.9515,25.0657,0.0000,0.001399,-0.076240,0.000000,-0.9534,25.0537,-0.0030,0.1048,0.0000,0.0000,25.1600,0.000210,1.000000,0.000000,0.000000,0.000000,0.0000,1,0,0,0.001852,-0.005499,-0.020803
827,828.000,-0.9501,24.9895,0.0000,0.001426,-0.076243,0.000000,-0.9332,24.9655,0.0298,0.1015,0.0000,0.0000,25.0838,0.000203,1.000000,0.000000,0.000000,0.000000,0.0000,1,0,0,0.005196,0.005309,-0.014955
828,829.000,-0.9487,24.9133,0.0000,0.001250,-0.076246,0.000000,-0.9128,24.8589,0.0180,0.0000,0.0000,0.0000,25.0076,0.000000,1.000000,0.000000,0.000000,0.000000,0.0000,1,0,0,0.001121,-0.004538,0.013721
829,830.000,-0.9475,24.8370,0.0000,0.001289,-0.076249,0.000000,-0.9352,24.7585,-0.0070,0.1078,0.0000,0.0000,24.9313,0.000216,1.000000,0.000000,0.000000,0.000000,0.0000,1,0,0,-0.002288,-0.010443,0.010698
830,831.000,-0.9461,24.7608,0.0000,0.001336,-0.076252,0.000000,-0.9595,24.7121,-0.0187,0.1115,0.0000,0.0000,24.8551,0.000223,1.000000,0.000000,0.000000,0.000000,0.0000,1,0,0,-0.009861,0.006590,-0.008271
831,832.000,-0.9448,24.6845,0.0000,0.001377,-0.076255,0.000000,-0.9491,24.6511,-0.0045,0.1092,0.0000,0.0000,24.7788,0.000218,1.000000,0.000000,0.000000,0.000000,0.0000,1,0,0,-0.011035,-0.000988,0.011096
832,833.000,-0.9434,24.6083,0.0000,0.001416,-0.076258,0.000000,-0.9422,24.5698,0.0052,0.1073,0.0000,0.0000,24.7026,0.000215,1.000000,0.000000,0.000000,0.000000,0.0000,1,0,0,-0.009969,0.005778,-0.010147
833,834.000,-0.9420,24.5320,0.0000,0.001450,-0.076262,0.000000,-0.9349,24.5204,-0.0154,0.1052,0.0000,0.0000,24.6263,0.000211,1.000000,0.000000,0.000000,0.000000,0.0000,1,0,0,0.007398,-0.009659,-0.001370
834,835.000,-0.9405,24.4557,0.0000,0.001480,-0.076265,0.000000,-0.9176,24.4364,-0.0037,0.1031,0.0000,0.0000,24.5501,0.000206,1.000000,0.000000,0.000000,0.000000,0.0000,1,0,0,-0.004375,0.001188,0.008584
835,836.000,-0.9390,24.3795,0.0000,0.001516,-0.076268,0.000000,-0.9414,24.3822,0.0139,0.1062,0.0000,0.0000,24.4738,0.000212,1.000000,0.000000,0.000000,0.000000,0.0000,1,0,0,-0.008584,-0.009180,-0.001827
836,837.000,-0.9375,24.3032,0.0000,0.001550,-0.076272,0.000000,-0.9397,24.3053,0.0004,0.1051,0.0000,0.0000,24.3975,0.000210,1.000000,0.000000,0.000000,0.000000,0.0000,1,0,0,0.009336,-0.004851,0.005284
837,838.000,-0.9359,24.2269,0.0000,0.001592,-0.076275,0.000000,-0.9610,24.2449,-0.0115,0.1095,0.0000,0.0000,24.3213,0.000219,1.000000,0.000000,0.000000,0.000000,0.0000,1,0,0,-0.010681,-0.009504,0.019231
838,839.000,-0.9343,24.1506,0.0000,0.001627,-0.076279,0.000000,-0.9476,24.1729,-0.0083,0.1057,0.0000,0.0000,24.2450,0.000211,1.000000,0.000000,0.000000,0.000000,0.0000,1,0,0,0.004499,0.001152,0.008853
839,840.000,-0.9326,24.0744,0.0000,0.001663,-0.076283,0.000000,-0.9425,24.0709,0.0014,0.1059,0.0000,0.0000,24.1687,0.000212,1.000000,0.000000,0.000000,0.000000,0.0000,1,0,0,0.021509,-0.000216,0.005348
840,841.000,-0.9310,23.9981,0.0000,0.001693,-0.076287,0.000000,-0.9338,24.0114,0.0104,0.1036,0.0000,0.0000,24.0924,0.000207,1.000000,0.000000,0.000000,0.000000,0.0000,1,0,0,0.012269,0.000620,0.000773
841,842.000,-0.9293,23.9218,0.0000,0.001725,-0.076290,0.000000,-0.9356,23.9427,0.0114,0.1038,0.0000,0.0000,24.0161,0.000208,1.000000,0.000000,0.000000,0.000000,0.0000,1,0,0,-0.012610,-0.019289,0.014654
842,843.000,-0.9275,23.8455,0.0000,0.001767,-0.076294,0.000000,-0.9680,23.8669,-0.0062,0.1093,0.0000,0.0000,23.9398,0.000219,1.000000,0.000000,0.000000,0.000000,0.0000,1,0,0,-0.004074,0.011352,0.000382
843,844.000,-0.9257,23.7692,0.0000,0.001804,-0.076299,0.000000,-0.9547,23.7384,-0.0130,0.1066,0.0000,0.0000,23.8635,0.000213,1.000000,0.000000,0.000000,0.000000,0.0000,1,0,0,0.008050,-0.011275,-0.016288
844,845.000,-0.9239,23.6929,0.0000,0.001834,-0.076303,0.000000,-0.9337,23.6602,0.0022,0.1032,0.0000,0.0000,23.7872,0.000207,1.000000,0.000000,0.000000,0.000000,0.0000,1,0,0,-0.008084,-0.006285,0.009738
845,846.000,-0.9222,23.6166,0.0000,0.001657,-0.076307,0.000000,-0.9107,23.6010,-0.0005,0.0000,0.0000,0.0000,23.7109,0.000000,1.000000,0.000000,0.000000,0.000000,0.0000,1,0,0,0.006215,-0.007127,0.013427
846,847.000,-0.9205,23.5403,0.0000,0.001693,-0.076310,0.000000,-0.9181,23.5510,0.0111,0.1060,0.0000,0.0000,23.6346,0.000212,1.000000,0.000000,0.000000,0.000000,0.0000,1,0,0,-0.004533,-0.004111,-0.008330
847,848.000,-0.9188,23.4640,0.0000,0.001730,-0.076314,0.000000,-0.9228,23.4933,0.0138,0.1067,0.0000,0.0000,23.5583,0.000214,1.000000,0.000000,0.000000,0.000000,0.0000,1,0,0,-0.004126,-0.010253,0.004009
848,849.000,-0.9170,23.3877,0.0000,0.001771,-0.076318,0.000000,-0.9348,23.4166,0.0078,0.1087,0.0000,0.0000,23.4820,0.000217,1.000000,0.000000,0.000000,0.000000,0.0000,1,0,0,0.004493,-0.000424,-0.011863
849,850.000,-0.9152,23.3113,0.0000,0.001811,-0.076322,0.000000,-0.9392,23.3671,0.0164,0.1085,0.0000,0.0000,23.4056,0.000217,1.000000,0.000000,0.000000,0.000000,0.0000,1,0,0,-0.006705,0.009595,0.004661
850,851.000,-0.9134,23.2350,0.0000,0.001848,-0.076327,0.000000,-0.9284,23.3024,0.0104,0.1066,0.0000,0.0000,23.3293,0.000213,1.000000,0.000000,0.000000,0.000000,0.0000,1,0,0,-0.015081,0.008401,0.009521
851,852.000,-0.9115,23.1587,0.0000,0.001877,-0.076331,0.000000,-0.9027,23.1615,0.0209,0.1027,0.0000,0.0000,23.2530,0.000205,1.000000,0.000000,0.000000,0.000000,0.0000,1,0,0,0.010391,0.013436,-0.001584
852,853.000,-0.9096,23.0823,0.0000,0.001908,-0.076335,0.000000,-0.9115,23.1095,0.0294,0.1038,0.0000,0.0000,23.1766,0.000208,1.000000,0.000000,0.000000,0.000000,0.0000,1,0,0,-0.008169,0.002162,0.006143
853,854.000,-0.9077,23.0060,0.0000,0.001935,-0.076340,0.000000,-0.8969,23.0141,-0.0040,0.1014,0.0000,0.0000,23.1003,0.000203,1.000000,0.000000,0.000000,0.000000,0.0000,1,0,0,0.002687,-0.000463,-0.003868
854,855.000,-0.9058,22.9297,0.0000,0.001964,-0.076344,0.000000,-0.9037,22.9285,-0.0022,0.1026,0.0000,0.0000,23.0239,0.000205,1.000000,0.000000,0.000000,0.000000,0.0000,1,0,0,-0.005031,-0.013253,0.016097
855,856.000,-0.9038,22.8533,0.0000,0.001996,-0.076348,0.000000,-0.9136,22.8866,-0.0008,0.1045,0.0000,0.0000,22.9476,0.000209,1.000000,0.000000,0.000000,0.000000,0.0000,1,0,0,0.004081,-0.002205,0.003357
856,857.000,-0.9018,22.7770,0.0000,0.002031,-0.076353,0.000000,-0.9229,22.8202,-0.0006,0.1058,0.0000,0.0000,22.8712,0.000212,1.000000,0.000000,0.000000,0.000000,0.0000,1,0,0,-0.010440,0.019044,0.000367
857,858.000,-0.8997,22.7006,0.0000,0.002056,-0.076358,0.000000,-0.8907,22.7253,-0.0005,0.1004,0.0000,0.0000,22.7948,0.000201,1.000000,0.000000,0.000000,0.000000,0.0000,1,0,0,-0.009232,0.004411,0.013283
858,859.000,-0.8977,22.6243,0.0000,0.002084,-0.076362,0.000000,-0.9002,22.6489,0.0126,0.1025,0.0000,0.0000,22.7184,0.000205,1.000000,0.000000,0.000000,0.000000,0.0000,1,0,0,0.008737,-0.004700,-0.027484
859,860.000,-0.8957,22.5479,0.0000,0.001908,-0.076367,0.000000,-0.8871,22.5790,0.0074,0.0000,0.0000,0.0000,22.6421,0.000000,1.000000,0.000000,0.000000,0.000000,0.0000,1,0,0,0.005593,-0.013698,0.002394
860,861.000,-0.8937,22.4715,0.0000,0.001949,-0.076371,0.000000,-0.8993,22.4816,0.0101,0.1088,0.0000,0.0000,22.5657,0.000218,1.000000,0.000000,0.000000,0.000000,0.0000,1,0,0,-0.000103,-0.008201,-0.004889
861,862.000,-0.8918,22.3952,0.0000,0.001990,-0.076376,0.000000,-0.9034,22.4044,0.0065,0.1089,0.0000,0.0000,22.4893,0.000218,1.000000,0.000000,0.000000,0.000000,0.0000,1,0,0,0.001006,0.007521,0.008011
862,863.000,-0.8898,22.3188,0.0000,0.002025,-0.076380,0.000000,-0.8846,22.3298,-0.0089,0.1058,0.0000,0.0000,22.4129,0.000212,1.000000,0.000000,0.000000,0.000000,0.0000,1,0,0,0.007725,-0.017465,-0.003477
863,864.000,-0.8877,22.2424,0.0000,0.002065,-0.076385,0.000000,-0.8938,22.2405,-0.0076,0.1080,0.0000,0.0000,22.3365,0.000216,1.000000,0.000000,0.000000,0.000000,0.0000,1,0,0,-0.012127,-0.011611,0.013281
864,865.000,-0.8856,22.1660,0.0000,0.002108,-0.076390,0.000000,-0.9021,22.1617,0.0021,0.1099,0.0000,0.0000,22.2601,0.000220,1.000000,0.000000,0.000000,0.000000,0.0000,1,0,0,0.007866,-0.000439,-0.000140
865,866.000,-0.8835,22.0896,0.0000,0.002145,-0.076395,0.000000,-0.8894,22.1092,0.0114,0.1066,0.0000,0.0000,22.1837,0.000213,1.000000,0.000000,0.000000,0.000000,0.0000,1,0,0,0.002801,-0.007045,-0.006443
866,867.000,-0.8813,22.0132,0.0000,0.002183,-0.076400,0.000000,-0.8935,22.0168,-0.0103,0.1069,0.0000,0.0000,22.1073,0.000214,1.000000,0.000000,0.000000,0.000000,0.0000,1,0,0,0.002580,-0.003210,0.007384
867,868.000,-0.8791,21.9368,0.0000,0.002227,-0.076405,0.000000,-0.9074,21.9254,0.0005,0.1104,0.0000,0.0000,22.0308,0.000221,1.000000,0.000000,0.000000,0.000000,0.0000,1,0,0,-0.003533,-0.014209,-0.001238
868,869.000,-0.8769,21.8604,0.0000,0.002262,-0.076410,0.000000,-0.8843,21.8452,-0.0092,0.1056,0.0000,0.0000,21.9544,0.000211,1.000000,0.000000,0.000000,0.000000,0.0000,1,0,0,-0.011767,0.011734,-0.010090
869,870.000,-0.8746,21.7840,0.0000,0.002299,-0.076415,0.000000,-0.8901,21.7671,-0.0164,0.1067,0.0000,0.0000,21.8780,0.000214,1.000000,0.000000,0.000000,0.000000,0.0000,1,0,0,0.012548,-0.009175,0.002595
870,871.000,-0.8723,21.7076,0.0000,0.002330,-0.076420,0.000000,-0.8760,21.7133,-0.0002,0.1041,0.0000,0.0000,21.8015,0.000208,1.000000,0.000000,0.000000,0.000000,0.0000,1,0,0,0.002625,0.017072,-0.001510
871,872.000,-0.8700,21.6312,0.0000,0.002363,-0.076425,0.000000,-0.8800,21.6315,0.0194,0.1045,0.0000,0.0000,21.7251,0.000209,1.000000,0.000000,0.000000,0.000000,0.0000,1,0,0,0.005562,0.006520,0.002712
872,873.000,-0.8676,21.5547,0.0000,0.002394,-0.076431,0.000000,-0.8731,21.5434,-0.0102,0.1039,0.0000,0.0000,21.6486,0.000208,1.000000,0.000000,0.000000,0.000000,0.0000,1,0,0,-0.002092,0.014167,0.000850
873,874.000,-0.8652,21.4783,0.0000,0.002424,-0.076436,0.000000,-0.8690,21.4841,0.0129,0.1030,0.0000,0.0000,21.5722,0.000206,1.000000,0.000000,0.000000,0.000000,0.0000,1,0,0,0.016119,-0.005194,-0.008683
874,875.000,-0.8628,21.4019,0.0000,0.002247,-0.076442,0.000000,-0.8535,21.4022,0.0375,0.0000,0.0000,0.0000,21.4957,0.000000,1.000000,0.000000,0.000000,0.000000,0.0000,1,0,0,-0.016105,-0.014749,-0.024204
875,876.000,-0.8606,21.3254,0.0000,0.002287,-0.076447,0.000000,-0.8596,21.3404,0.0182,0.1084,0.0000,0.0000,21.4192,0.000217,1.000000,0.000000,0.000000,0.000000,0.0000,1,0,0,-0.001495,-0.004072,-0.006075
876,877.000,-0.8583,21.2490,0.0000,0.002329,-0.076452,0.000000,-0.8636,21.2267,0.0036,0.1090,0.0000,0.0000,21.3428,0.000218,1.000000,0.000000,0.000000,0.000000,0.0000,1,0,0,-0.002197,-0.004660,0.012606
877,878.000,-0.8559,21.1725,0.0000,0.002368,-0.076457,0.000000,-0.8557,21.1345,0.0002,0.1078,0.0000,0.0000,21.2663,0.000216,1.000000,0.000000,0.000000,0.000000,0.0000,1,0,0,0.008929,0.003342,0.002954
878,879.000,-0.8535,21.0960,0.0000,0.002411,-0.076463,0.000000,-0.8630,21.0637,0.0057,0.1096,0.0000,0.0000,21.1898,0.000219,1.000000,0.000000,0.000000,0.000000,0.0000,1,0,0,0.000688,0.012095,-0.003416
879,880.000,-0.8511,21.0196,0.0000,0.002452,-0.076468,0.000000,-0.8644,20.9876,0.0015,0.1088,0.0000,0.0000,21.1133,0.000218,1.000000,0.000000,0.000000,0.000000,0.0000,1,0,0,0.010120,-0.003467,-0.001951
880,881.000,-0.8486,20.9431,0.0000,0.002487,-0.076474,0.000000,-0.8514,20.9504,0.0017,0.1056,0.0000,0.0000,21.0368,0.000211,1.000000,0.000000,0.000000,0.000000,0.0000,1,0,0,-0.014655,0.011987,-0.004041
881,882.000,-0.8461,20.8666,0.0000,0.002521,-0.076480,0.000000,-0.8439,20.8749,0.0091,0.1052,0.0000,0.0000,20.9603,0.000210,1.000000,0.000000,0.000000,0.000000,0.0000,1,0,0,-0.010029,0.011682,0.012991
882,883.000,-0.8436,20.7901,0.0000,0.002561,-0.076485,0.000000,-0.8575,20.7763,-0.0097,0.1081,0.0000,0.0000,20.8838,0.000216,1.000000,0.000000,0.000000,0.000000,0.0000,1,0,0,-0.003761,0.008642,0.007116
883,884.000,-0.8410,20.7137,0.0000,0.002593,-0.076491,0.000000,-0.8444,20.6997,-0.0087,0.1047,0.0000,0.0000,20.8073,0.000209,1.000000,0.000000,0.000000,0.000000,0.0000,1,0,0,0.003855,-0.013221,0.001240
884,885.000,-0.8384,20.6372,0.0000,0.002627,-0.076497,0.000000,-0.8403,20.5898,-0.0264,0.1053,0.0000,0.0000,20.7307,0.000211,1.000000,0.000000,0.000000,0.000000,0.0000,1,0,0,-0.010186,-0.001529,-0.000162
885,886.000,-0.8357,20.5607,0.0000,0.002665,-0.076503,0.000000,-0.8490,20.5441,-0.0062,0.1069,0.0000,0.0000,20.6542,0.000214,1.000000,0.000000,0.000000,0.000000,0.0000,1,0,0,-0.011763,0.008804,0.012204
886,887.000,-0.8332,20.4842,0.0000,0.002488,-0.076509,0.000000,-0.8141,20.4887,-0.0071,0.0000,0.0000,0.0000,20.5776,0.000000,1.000000,0.000000,0.000000,0.000000,0.0000,1,0,0,0.006041,-0.002072,0.004456
887,888.000,-0.8307,20.4076,0.0000,0.002529,-0.076515,0.000000,-0.8276,20.4269,-0.0172,0.1085,0.0000,0.0000,20.5011,0.000217,1.000000,0.000000,0.000000,0.000000,0.0000,1,0,0,0.023621,-0.011927,-0.007410
888,889.000,-0.8281,20.3311,0.0000,0.002571,-0.076521,0.000000,-0.8279,20.3610,-0.0108,0.1092,0.0000,0.0000,20.4245,0.000219,1.000000,0.000000,0.000000,0.000000,0.0000,1,0,0,0.000622,-0.004744,0.013528
889,890.000,-0.8255,20.2546,0.0000,0.002616,-0.076526,0.000000,-0.8389,20.3049,-0.0083,0.1109,0.0000,0.0000,20.3480,0.000222,1.000000,0.000000,0.000000,0.000000,0.0000,1,0,0,-0.017220,-0.000657,0.000387
890,891.000,-0.8229,20.1781,0.0000,0.002660,-0.076532,0.000000,-0.8310,20.1805,-0.0059,0.1099,0.0000,0.0000,20.2714,0.000220,1.000000,0.000000,0.000000,0.000000,0.0000,1,0,0,0.002614,0.013511,0.000225
891,892.000,-0.8202,20.1015,0.0000,0.002697,-0.076539,0.000000,-0.8143,20.1063,-0.0154,0.1071,0.0000,0.0000,20.1948,0.000214,1.000000,0.000000,0.000000,0.000000,0.0000,1,0,0,0.005649,0.020224,-0.000232
892,893.000,-0.8175,20.0250,0.0000,0.002728,-0.076545,0.000000,-0.8010,20.0134,-0.0040,0.1037,0.0000,0.0000,20.1183,0.000208,1.000000,0.000000,0.000000,0.000000,0.0000,1,0,0,0.007962,0.011110,-0.011707
893,894.000,-0.8147,19.9484,0.0000,0.002767,-0.076551,0.000000,-0.8162,19.9541,-0.0096,0.1079,0.0000,0.0000,20.0417,0.000216,1.000000,0.000000,0.000000,0.000000,0.0000,1,0,0,0.014007,-0.008904,0.005980
894,895.000,-0.8119,19.8719,0.0000,0.002801,-0.076557,0.000000,-0.8063,19.8813,-0.0052,0.1050,0.0000,0.0000,19.9651,0.000210,1.000000,0.000000,0.000000,0.000000,0.0000,1,0,0,-0.012421,-0.009584,0.001869
895,896.000,-0.8091,19.7953,0.0000,0.002832,-0.076564,0.000000,-0.7981,19.8148,-0.0119,0.1040,0.0000,0.0000,19.8885,0.000208,1.000000,0.000000,0.000000,0.000000,0.0000,1,0,0,0.008147,0.002565,0.011892
896,897.000,-0.8063,19.7188,0.0000,0.002868,-0.076570,0.000000,-0.8031,19.7110,-0.0089,0.1060,0.0000,0.0000,19.8119,0.000212,1.000000,0.000000,0.000000,0.000000,0.0000,1,0,0,0.017022,-0.000564,-0.004108
897,898.000,-0.8034,19.6422,0.0000,0.002907,-0.076577,0.000000,-0.8082,19.6435,-0.0107,0.1075,0.0000,0.0000,19.7352,0.000215,1.000000,0.000000,0.000000,0.000000,0.0000,1,0,0,-0.005218,0.019874,-0.007101
898,899.000,-0.8005,19.5656,0.0000,0.002942,-0.076583,0.000000,-0.7970,19.5542,-0.0022,0.1063,0.0000,0.0000,19.6586,0.000213,1.000000,0.000000,0.000000,0.000000,0.0000,1,0,0,0.001775,-0.006023,0.009028
899,900.000,-0.7975,19.4890,0.0000,0.002975,-0.076590,0.000000,-0.7928,19.4631,-0.0076,0.1047,0.0000,0.0000,19.5820,0.000210,1.000000,0.000000,0.000000,0.000000,0.0000,1,0,0,-0.003296,-0.001251,0.004714
900,901.000,-0.7945,19.4124,0.0000,0.003019,-0.076597,0.000000,-0.8066,19.3758,-0.0179,0.1099,0.0000,0.0000,19.5053,0.000220,1.000000,0.000000,0.000000,0.000000,0.0000,1,0,0,-0.004116,0.001913,0.011662
901,902.000,-0.7915,19.3358,0.0000,0.003058,-0.076604,0.000000,-0.7957,19.2951,-0.0200,0.1077,0.0000,0.0000,19.4287,0.000215,1.000000,0.000000,0.000000,0.000000,0.0000,1,0,0,-0.004402,0.001327,0.024575
902,903.000,-0.7884,19.2592,0.0000,0.003105,-0.076611,0.000000,-0.8116,19.2121,-0.0082,0.1117,0.0000,0.0000,19.3520,0.000224,1.000000,0.000000,0.000000,0.000000,0.0000,1,0,0,-0.011785,0.004367,0.000204
903,904.000,-0.7853,19.1826,0.0000,0.003141,-0.076618,0.000000,-0.7907,19.1810,0.0052,0.1067,0.0000,0.0000,19.2754,0.000214,1.000000,0.000000,0.000000,0.000000,0.0000,1,0,0,0.018874,-0.006358,0.018638
904,905.000,-0.7821,19.1060,0.0000,0.003180,-0.076625,0.000000,-0.7912,19.0701,0.0056,0.1074,0.0000,0.0000,19.1987,0.000215,1.000000,0.000000,0.000000,0.000000,0.0000,1,0,0,-0.021009,0.003522,-0.019482
905,906.000,-0.7789,19.0294,0.0000,0.003215,-0.076632,0.000000,-0.7808,19.0177,-0.0017,0.1058,0.0000,0.0000,19.1220,0.000212,1.000000,0.000000,0.000000,0.000000,0.0000,1,0,0,0.004810,0.006614,-0.007907
906,907.000,-0.7757,18.9527,0.0000,0.003246,-0.076640,0.000000,-0.7747,18.9640,-0.0081,0.1038,0.0000,0.0000,19.0453,0.000208,1.000000,0.000000,0.000000,0.000000,0.0000,1,0,0,0.002237,0.010573,0.003461
907,908.000,-0.7724,18.8761,0.0000,0.003276,-0.076647,0.000000,-0.7676,18.8733,-0.0104,0.1032,0.0000,0.0000,18.9686,0.000207,1.000000,0.000000,0.000000,0.000000,0.0000,1,0,0,0.005757,0.011448,-0.001582
908,909.000,-0.7691,18.7994,0.0000,0.003310,-0.076654,0.000000,-0.7740,18.8003,0.0139,0.1057,0.0000,0.0000,18.8919,0.000212,1.000000,0.000000,0.000000,0.000000,0.0000,1,0,0,-0.007520,-0.000519,-0.010848
909,910.000,-0.7659,18.7228,0.0000,0.003134,-0.076662,0.000000,-0.7445,18.7508,0.0059,0.0000,0.0000,0.0000,18.8152,0.000000,1.000000,0.000000,0.000000,0.000000,0.0000,1,0,0,0.001378,-0.007408,0.007144
910,911.000,-0.7628,18.6461,0.0000,0.003171,-0.076669,0.000000,-0.7476,18.6239,0.0047,0.1068,0.0000,0.0000,18.7384,0.000214,1.000000,0.000000,0.000000,0.000000,0.0000,1,0,0,0.008161,-0.009275,-0.003900
911,912.000,-0.7596,18.5694,0.0000,0.003215,-0.076676,0.000000,-0.7597,18.5296,0.0111,0.1105,0.0000,0.0000,18.6617,0.000221,1.000000,0.000000,0.000000,0.000000,0.0000,1,0,0,0.003416,0.001008,-0.001462
912,913.000,-0.7563,18.4928,0.0000,0.003256,-0.076684,0.000000,-0.7538,18.4761,0.0248,0.1086,0.0000,0.0000,18.5850,0.000217,1.000000,0.000000,0.000000,0.000000,0.0000,1,0,0,-0.015084,-0.010514,-0.005948
913,914.000,-0.7531,18.4161,0.0000,0.003301,-0.076691,0.000000,-0.7590,18.3839,0.0364,0.1110,0.0000,0.0000,18.5082,0.000222,1.000000,0.000000,0.000000,0.000000,0.0000,1,0,0,0.000336,-0.018100,-0.004661
914,915.000,-0.7497,18.3394,0.0000,0.003348,-0.076699,0.000000,-0.7549,18.3179,0.0234,0.1117,0.0000,0.0000,18.4315,0.000223,1.000000,0.000000,0.000000,0.000000,0.0000,1,0,0,0.012248,-0.012104,0.003878
915,916.000,-0.7464,18.2627,0.0000,0.003386,-0.076706,0.000000,-0.7453,18.2744,0.0025,0.1076,0.0000,0.0000,18.3547,0.000215,1.000000,0.000000,0.000000,0.000000,0.0000,1,0,0,0.009881,0.005572,0.005393
916,917.000,-0.7430,18.1860,0.0000,0.003428,-0.076714,0.000000,-0.7466,18.2189,-0.0065,0.1092,0.0000,0.0000,18.2779,0.000218,1.000000,0.000000,0.000000,0.000000,0.0000,1,0,0,0.013254,-0.004475,0.011157
917,918.000,-0.7395,18.1092,0.0000,0.003468,-0.076722,0.000000,-0.7448,18.1632,0.0001,0.1083,0.0000,0.0000,18.2011,0.000217,1.000000,0.000000,0.000000,0.000000,0.0000,1,0,0,0.017687,-0.009051,0.005211
918,919.000,-0.7360,18.0325,0.0000,0.003509,-0.076730,0.000000,-0.7402,18.0941,0.0112,0.1088,0.0000,0.0000,18.1243,0.000218,1.000000,0.000000,0.000000,0.000000,0.0000,1,0,0,0.005717,-0.004986,-0.016545
919,920.000,-0.7325,17.9558,0.0000,0.003549,-0.076738,0.000000,-0.7371,17.9862,0.0032,0.1080,0.0000,0.0000,18.0475,0.000216,1.000000,0.000000,0.000000,0.000000,0.0000,1,0,0,0.003377,0.002460,0.012117
920,921.000,-0.7289,17.8790,0.0000,0.003584,-0.076746,0.000000,-0.7227,17.8921,0.0076,0.1058,0.0000,0.0000,17.9707,0.000212,1.000000,0.000000,0.000000,0.000000,0.0000,1,0,0,0.008529,-0.001607,0.003019
921,922.000,-0.7253,17.8023,0.0000,0.003617,-0.076754,0.000000,-0.7250,17.8331,-0.0005,0.1052,0.0000,0.0000,17.8939,0.000211,1.000000,0.000000,0.000000,0.000000,0.0000,1,0,0,-0.000713,-0.001695,-0.011458
922,923.000,-0.7217,17.7255,0.0000,0.003644,-0.076762,0.000000,-0.7145,17.7312,-0.0056,0.1016,0.0000,0.0000,17.8171,0.000203,1.000000,0.000000,0.000000,0.000000,0.0000,1,0,0,0.005289,0.002830,-0.010506
923,924.000,-0.7180,17.6488,0.0000,0.003672,-0.076770,0.000000,-0.7209,17.6512,0.0137,0.1021,0.0000,0.0000,17.7402,0.000204,1.000000,0.000000,0.000000,0.000000,0.0000,1,0,0,-0.008896,0.000273,0.007988
924,925.000,-0.7143,17.5720,0.0000,0.003701,-0.076779,0.000000,-0.7257,17.6043,0.0120,0.1030,0.0000,0.0000,17.6634,0.000206,1.000000,0.000000,0.000000,0.000000,0.0000,1,0,0,0.002100,-0.003858,-0.008882
925,926.000,-0.7107,17.4952,0.0000,0.003524,-0.076787,0.000000,-0.7098,17.5353,0.0157,0.0000,0.0000,0.0000,17.5865,0.000000,1.000000,0.000000,0.000000,0.000000,0.0000,1,0,0,-0.015612,0.000062,0.016819
926,927.000,-0.7072,17.4184,0.0000,0.003559,-0.076795,0.000000,-0.7214,17.4422,0.0001,0.1055,0.0000,0.0000,17.5096,0.000211,1.000000,0.000000,0.000000,0.000000,0.0000,1,0,0,0.005181,0.005885,-0.010459
927,928.000,-0.7037,17.3416,0.0000,0.003382,-0.076803,0.000000,-0.6965,17.3610,0.0016,0.0000,0.0000,0.0000,17.4328,0.000000,1.000000,0.000000,0.000000,0.000000,0.0000,1,0,0,-0.014967,0.004770,0.002776
928,929.000,-0.7003,17.2648,0.0000,0.003412,-0.076811,0.000000,-0.6969,17.2620,-0.0028,0.1034,0.0000,0.0000,17.3559,0.000207,1.000000,0.000000,0.000000,0.000000,0.0000,1,0,0,0.012718,0.001087,-0.003278
929,930.000,-0.6969,17.1881,0.0000,0.003444,-0.076612,0.000000,-0.7055,17.1885,0.0043,0.1045,0.1034,0.0000,17.2790,0.000294,1.000000,0.000000,0.000000,0.000000,0.0000,1,0,0,0.003203,0.002821,0.014051
930,931.000,-0.6935,17.1116,0.0000,0.003268,-0.076395,0.000000,-0.6858,17.1351,0.0103,0.0000,0.1119,0.0000,17.2022,0.000224,1.000000,0.000000,0.000000,0.000000,0.0000,1,0,0,0.006503,0.006253,0.007880
931,932.000,-0.6903,17.0353,0.0000,0.003300,-0.076123,0.000000,-0.6898,17.0039,0.0118,0.1037,0.1397,0.0000,17.1256,0.000348,1.000000,0.000000,0.000000,0.000000,0.0000,1,0,0,0.002100,0.010370,-0.014108
932,933.000,-0.6869,16.9594,0.0000,0.003333,-0.075815,0.000000,-0.6891,16.9022,0.0074,0.1037,0.1577,0.0000,17.0493,0.000378,1.000000,0.000000,0.000000,0.000000,0.0000,1,0,0,0.005048,-0.007872,-0.007813
933,934.000,-0.6836,16.8837,0.0000,0.003380,-0.075508,0.000000,-0.7185,16.8751,0.0146,0.1103,0.1573,0.0000,16.9733,0.000384,1.000000,0.000000,0.000000,0.000000,0.0000,1,0,0,0.015374,-0.011194,-0.003783
934,935.000,-0.6803,16.8084,0.0000,0.003206,-0.075180,0.000000,-0.6797,16.7994,0.0065,0.0000,0.1678,0.0000,16.8975,0.000336,1.000000,0.000000,0.000000,0.000000,0.0000,1,0,0,0.016292,0.005478,-0.002798
935,936.000,-0.6771,16.7334,0.0000,0.003238,-0.074845,0.000000,-0.6734,16.7573,0.0061,0.1024,0.1711,0.0000,16.8221,0.000399,1.000000,0.000000,0.000000,0.000000,0.0000,1,0,0,0.015830,0.009523,0.015252
936,937.000,-0.6738,16.6587,0.0000,0.003271,-0.074499,0.000000,-0.6800,16.7048,0.0013,0.1020,0.1763,0.0000,16.7470,0.000408,1.000000,0.000000,0.000000,0.000000,0.0000,1,0,0,0.003251,-0.002530,-0.011918
937,938.000,-0.6706,16.5844,0.0000,0.003100,-0.074134,0.000000,-0.6737,16.6309,-0.0027,0.0000,0.1862,0.0000,16.6723,0.000373,1.000000,0.000000,0.000000,0.000000,0.0000,1,0,0,0.008590,0.012764,-0.009806
938,939.000,-0.6675,16.5104,0.0000,0.003130,-0.073752,0.000000,-0.6534,16.5591,0.0148,0.1000,0.1945,0.0000,16.5979,0.000438,1.000000,0.000000,0.000000,0.000000,0.0000,1,0,0,0.017930,0.012224,0.003023
939,940.000,-0.6645,16.4369,0.0000,0.002960,-0.073345,0.000000,-0.6577,16.4719,0.0045,0.0000,0.2066,0.0000,16.5239,0.000413,1.000000,0.000000,0.000000,0.000000,0.0000,1,0,0,0.008465,0.008666,-0.002995
940,941.000,-0.6615,16.3637,0.0000,0.003012,-0.072918,0.000000,-0.6801,16.3951,0.0106,0.1098,0.2169,0.0000,16.4503,0.000487,1.000000,0.000000,0.000000,0.000000,0.0000,1,0,0,-0.010985,0.005413,-0.003526
941,942.000,-0.6584,16.2910,0.0000,0.003061,-0.072477,0.000000,-0.6752,16.3213,0.0029,0.1080,0.2236,0.0000,16.3771,0.000497,1.000000,0.000000,0.000000,0.000000,0.0000,1,0,0,-0.018076,-0.028154,0.004037
942,943.000,-0.6555,16.2188,0.0000,0.002894,-0.072005,0.000000,-0.6469,16.2168,0.0091,0.0000,0.2396,0.0000,16.3043,0.000479,1.000000,0.000000,0.000000,0.000000,0.0000,1,0,0,0.007885,0.011895,-0.002329
943,944.000,-0.6526,16.1470,0.0000,0.002939,-0.071527,0.000000,-0.6541,16.1596,0.0080,0.1047,0.2419,0.0000,16.2320,0.000527,1.000000,0.000000,0.000000,0.000000,0.0000,1,0,0,0.006210,-0.005559,0.005233
944,945.000,-0.6497,16.0758,0.0000,0.002774,-0.071041,0.000000,-0.6437,16.0939,0.0029,0.0000,0.2462,0.0000,16.1602,0.000493,1.000000,0.000000,0.000000,0.000000,0.0000,1,0,0,-0.008504,-0.023700,0.009535
945,946.000,-0.6469,16.0050,0.0000,0.002814,-0.070542,0.000000,-0.6295,16.0247,-0.0045,0.1011,0.2527,0.0000,16.0889,0.000545,1.000000,0.000000,0.000000,0.000000,0.0000,1,0,0,-0.009084,0.006663,-0.001438
946,947.000,-0.6442,15.9347,0.0000,0.002652,-0.070034,0.000000,-0.6294,15.9576,0.0135,0.0000,0.2566,0.0000,16.0180,0.000513,1.000000,0.000000,0.000000,0.000000,0.0000,1,0,0,-0.009945,0.024029,0.002421
947,948.000,-0.6415,15.8649,0.0000,0.002707,-0.069511,0.000000,-0.6442,15.8745,0.0028,0.1077,0.2644,0.0000,15.9477,0.000571,1.000000,0.000000,0.000000,0.000000,0.0000,1,0,0,0.000957,-0.009778,0.000860
948,949.000,-0.6388,15.7957,0.0000,0.002755,-0.068978,0.000000,-0.6327,15.8028,-0.0138,0.1038,0.2698,0.0000,15.8779,0.000579,1.000000,0.000000,0.000000,0.000000,0.0000,1,0,0,0.015223,-0.005087,0.009474
949,950.000,-0.6360,15.7269,0.0000,0.002804,-0.068446,0.000000,-0.6323,15.7535,-0.0065,0.1035,0.2690,0.0000,15.8086,0.000577,1.000000,0.000000,0.000000,0.000000,0.0000,1,0,0,0.001846,0.011256,-0.001673
950,951.000,-0.6332,15.6588,0.0000,0.002849,-0.067903,0.000000,-0.6293,15.6784,-0.0099,0.1008,0.2742,0.0000,15.7398,0.000585,1.000000,0.000000,0.000000,0.000000,0.0000,1,0,0,-0.002057,-0.013638,-0.028821
951,952.000,-0.6304,15.5911,0.0000,0.002693,-0.067353,0.000000,-0.6241,15.6104,-0.0022,0.0000,0.2780,0.0000,15.6716,0.000556,1.000000,0.000000,0.000000,0.000000,0.0000,1,0,0,-0.012496,0.004393,0.000722
952,953.000,-0.6277,15.5241,0.0000,0.002753,-0.066794,0.000000,-0.6426,15.5359,-0.0102,0.1075,0.2827,0.0000,15.6039,0.000605,1.000000,0.000000,0.000000,0.000000,0.0000,1,0,0,0.002087,-0.004357,0.002614
953,954.000,-0.6250,15.4576,0.0000,0.002600,-0.066233,0.000000,-0.6108,15.4819,0.0112,0.0000,0.2830,0.0000,15.5368,0.000566,1.000000,0.000000,0.000000,0.000000,0.0000,1,0,0,-0.011966,-0.013917,-0.002185
954,955.000,-0.6224,15.3916,0.0000,0.002655,-0.065649,0.000000,-0.6198,15.3770,0.0271,0.1034,0.2950,0.0000,15.4702,0.000626,1.000000,0.000000,0.000000,0.000000,0.0000,1,0,0,0.000565,0.000228,-0.005409
955,956.000,-0.6197,15.3263,0.0000,0.002707,-0.065070,0.000000,-0.6192,15.3277,0.0084,0.1014,0.2924,0.0000,15.4042,0.000619,1.000000,0.000000,0.000000,0.000000,0.0000,1,0,0,0.003501,0.000235,0.000732
956,957.000,-0.6169,15.2615,0.0000,0.002763,-0.064471,0.000000,-0.6238,15.2319,0.0070,0.1025,0.3026,0.0000,15.3388,0.000639,1.000000,0.000000,0.000000,0.000000,0.0000,1,0,0,0.000147,-0.020873,0.002071
957,958.000,-0.6142,15.1973,0.0000,0.002616,-0.063876,0.000000,-0.6033,15.1792,0.0054,0.0000,0.3003,0.0000,15.2739,0.000601,1.000000,0.000000,0.000000,0.000000,0.0000,1,0,0,0.009513,-0.017965,0.007751
958,959.000,-0.6116,15.1337,0.0000,0.002669,-0.063284,0.000000,-0.6112,15.1271,-0.0115,0.1000,0.2985,0.0000,15.2097,0.000630,1.000000,0.000000,0.000000,0.000000,0.0000,1,0,0,0.003242,-0.023285,0.001452
959,960.000,-0.6089,15.0708,0.0000,0.002725,-0.062663,0.000000,-0.6178,15.0092,-0.0078,0.1004,0.3134,0.0000,15.1461,0.000659,1.000000,0.000000,0.000000,0.000000,0.0000,1,0,0,0.005116,-0.000904,-0.008650
960,961.000,-0.6063,15.0084,0.0000,0.002581,-0.062044,0.000000,-0.5992,14.9528,0.0076,0.0000,0.3126,0.0000,15.0831,0.000626,1.000000,0.000000,0.000000,0.000000,0.0000,1,0,0,0.005895,0.017257,-0.017352
961,962.000,-0.6037,14.9467,0.0000,0.002439,-0.061443,0.000000,-0.5977,14.9288,0.0037,0.0000,0.3030,0.0000,15.0206,0.000606,1.000000,0.000000,0.000000,0.000000,0.0000,1,0,0,0.016302,-0.004954,-0.011690
962,963.000,-0.6013,14.8855,0.0000,0.002499,-0.060837,0.000000,-0.5940,14.8632,0.0075,0.1007,0.3057,0.0000,14.9589,0.000644,1.000000,0.000000,0.000000,0.000000,0.0000,1,0,0,-0.001091,-0.001748,-0.000760
963,964.000,-0.5988,14.8250,0.0000,0.002360,-0.060220,0.000000,-0.5968,14.7783,-0.0081,0.0000,0.3111,0.0000,14.8977,0.000623,1.000000,0.000000,0.000000,0.000000,0.0000,1,0,0,-0.011999,-0.005094,-0.016435
964,965.000,-0.5965,14.7651,0.0000,0.002424,-0.059609,0.000000,-0.5904,14.7329,-0.0016,0.1013,0.3081,0.0000,14.8371,0.000649,1.000000,0.000000,0.000000,0.000000,0.0000,1,0,0,-0.006393,0.025116,0.004294
965,966.000,-0.5940,14.7058,0.0000,0.002497,-0.058998,0.000000,-0.6046,14.6670,-0.0055,0.1044,0.3078,0.0000,14.7771,0.000651,1.000000,0.000000,0.000000,0.000000,0.0000,1,0,0,-0.013235,0.015869,-0.018232
966,967.000,-0.5915,14.6471,0.0000,0.002563,-0.058388,0.000000,-0.5993,14.6109,0.0067,0.1009,0.3079,0.0000,14.7178,0.000648,1.000000,0.000000,0.000000,0.000000,0.0000,1,0,0,0.014235,0.006703,0.010819
967,968.000,-0.5890,14.5890,0.0000,0.002429,-0.057784,0.000000,-0.5937,14.5634,0.0133,0.0000,0.3044,0.0000,14.6590,0.000609,1.000000,0.000000,0.000000,0.000000,0.0000,1,0,0,0.011393,0.003679,-0.003191
968,969.000,-0.5866,14.5315,0.0000,0.002297,-0.057199,0.000000,-0.5822,14.5381,0.0153,0.0000,0.2953,0.0000,14.6009,0.000591,1.000000,0.000000,0.000000,0.000000,0.0000,1,0,0,0.003729,-0.010728,-0.002500
969,970.000,-0.5843,14.4746,0.0000,0.002370,-0.056622,0.000000,-0.5847,14.4998,0.0014,0.1023,0.2909,0.0000,14.5433,0.000617,1.000000,0.000000,0.000000,0.000000,0.0000,1,0,0,0.008558,0.015065,-0.009142
970,971.000,-0.5819,14.4183,0.0000,0.002444,-0.056043,0.000000,-0.5896,14.4366,-0.0009,0.1021,0.2923,0.0000,14.4864,0.000620,1.000000,0.000000,0.000000,0.000000,0.0000,1,0,0,-0.004638,0.010045,0.004224
971,972.000,-0.5795,14.3625,0.0000,0.002316,-0.055449,0.000000,-0.5637,14.3511,0.0111,0.0000,0.2993,0.0000,14.4300,0.000599,1.000000,0.000000,0.000000,0.000000,0.0000,1,0,0,0.003364,0.012484,0.005466
972,973.000,-0.5772,14.3074,0.0000,0.002188,-0.054855,0.000000,-0.5597,14.2921,0.0096,0.0000,0.2993,0.0000,14.3742,0.000599,1.000000,0.000000,0.000000,0.000000,0.0000,1,0,0,-0.008692,0.000335,-0.023950
973,974.000,-0.5751,14.2528,0.0000,0.002062,-0.054272,0.000000,-0.5647,14.2509,-0.0083,0.0000,0.2941,0.0000,14.3190,0.000589,1.000000,0.000000,0.000000,0.000000,0.0000,1,0,0,0.007654,-0.015675,0.002894
974,975.000,-0.5730,14.1988,0.0000,0.002140,-0.053681,0.000000,-0.5606,14.1837,-0.0251,0.1011,0.2973,0.0000,14.2644,0.000628,1.000000,0.000000,0.000000,0.000000,0.0000,1,0,0,0.005378,-0.031875,-0.006967
975,976.000,-0.5708,14.1454,0.0000,0.002222,-0.053098,0.000000,-0.5686,14.1391,-0.0009,0.1027,0.2937,0.0000,14.2104,0.000623,1.000000,0.000000,0.000000,0.000000,0.0000,1,0,0,-0.001050,0.008641,0.003466
976,977.000,-0.5686,14.0926,0.0000,0.002302,-0.052529,0.000000,-0.5745,14.1081,0.0087,0.1010,0.2872,0.0000,14.1569,0.000609,1.000000,0.000000,0.000000,0.000000,0.0000,1,0,0,0.001313,0.004391,-0.015175
977,978.000,-0.5663,14.0404,0.0000,0.002182,-0.051941,0.000000,-0.5660,14.0159,0.0039,0.0000,0.2966,0.0000,14.1041,0.000593,1.000000,0.000000,0.000000,0.000000,0.0000,1,0,0,0.004166,-0.012870,0.000642
978,979.000,-0.5641,13.9887,0.0000,0.002265,-0.051361,0.000000,-0.5680,13.9733,-0.0093,0.1010,0.2922,0.0000,14.0518,0.000619,1.000000,0.000000,0.000000,0.000000,0.0000,1,0,0,0.007463,-0.007237,-0.015536
979,980.000,-0.5619,13.9377,0.0000,0.002147,-0.050801,0.000000,-0.5579,13.9533,-0.0051,0.0000,0.2822,0.0000,14.0001,0.000565,1.000000,0.000000,0.000000,0.000000,0.0000,1,0,0,-0.001126,0.011459,-0.009360
980,981.000,-0.5597,13.8871,0.0000,0.002230,-0.050239,0.000000,-0.5646,13.8963,-0.0110,0.1000,0.2836,0.0000,13.9490,0.000602,1.000000,0.000000,0.000000,0.000000,0.0000,1,0,0,-0.014269,-0.003658,-0.012375
981,982.000,-0.5575,13.8372,0.0000,0.002115,-0.049686,0.000000,-0.5678,13.8617,-0.0216,0.0000,0.2787,0.0000,13.8984,0.000558,1.000000,0.000000,0.000000,0.000000,0.0000,1,0,0,-0.018053,-0.006081,0.023270
982,983.000,-0.5554,13.7878,0.0000,0.002202,-0.049136,0.000000,-0.5604,13.8092,-0.0061,0.1007,0.2773,0.0000,13.8484,0.000590,1.000000,0.000000,0.000000,0.000000,0.0000,1,0,0,0.016392,0.005017,-0.003430
983,984.000,-0.5532,13.7389,0.0000,0.002089,-0.048589,0.000000,-0.5554,13.7647,0.0090,0.0000,0.2756,0.0000,13.7989,0.000552,1.000000,0.000000,0.000000,0.000000,0.0000,1,0,0,0.000356,-0.003296,0.017536
984,985.000,-0.5512,13.6906,0.0000,0.001977,-0.048042,0.000000,-0.5543,13.7081,-0.0014,0.0000,0.2758,0.0000,13.7500,0.000552,1.000000,0.000000,0.000000,0.000000,0.0000,1,0,0,0.000716,0.000214,-0.003990
985,986.000,-0.5492,13.6428,0.0000,0.002076,-0.047495,0.000000,-0.5597,13.6559,0.0167,0.1043,0.2753,0.0000,13.7017,0.000589,1.000000,0.000000,0.000000,0.000000,0.0000,1,0,0,-0.010469,-0.014083,0.010114
986,987.000,-0.5471,13.5956,0.0000,0.001966,-0.046943,0.000000,-0.5470,13.5890,-0.0033,0.0000,0.2782,0.0000,13.6539,0.000557,1.000000,0.000000,0.000000,0.000000,0.0000,1,0,0,0.010599,-0.008010,0.002956
987,988.000,-0.5451,13.5489,0.0000,0.002059,-0.046406,0.000000,-0.5432,13.5657,-0.0013,0.1000,0.2708,0.0000,13.6066,0.000578,1.000000,0.000000,0.000000,0.000000,0.0000,1,0,0,0.000763,0.008203,0.011600
988,989.000,-0.5431,13.5028,0.0000,0.001952,-0.045864,0.000000,-0.5395,13.5037,-0.0028,0.0000,0.2732,0.0000,13.5599,0.000547,1.000000,0.000000,0.000000,0.000000,0.0000,1,0,0,-0.005332,0.011077,0.009490
989,990.000,-0.5412,13.4572,0.0000,0.001847,-0.045324,0.000000,-0.5259,13.4517,-0.0010,0.0000,0.2719,0.0000,13.5137,0.000544,1.000000,0.000000,0.000000,0.000000,0.0000,1,0,0,-0.011628,0.009022,0.013891
990,991.000,-0.5393,13.4121,0.0000,0.001947,-0.044781,0.000000,-0.5373,13.3920,-0.0069,0.1023,0.2735,0.0000,13.4681,0.000584,1.000000,0.000000,0.000000,0.000000,0.0000,1,0,0,0.003975,-0.010492,0.004362
991,992.000,-0.5374,13.3676,0.0000,0.001844,-0.044253,0.000000,-0.5371,13.3704,-0.0082,0.0000,0.2661,0.0000,13.4230,0.000533,1.000000,0.000000,0.000000,0.000000,0.0000,1,0,0,0.006754,-0.006017,0.013295
992,993.000,-0.5355,13.3236,0.0000,0.001945,-0.043722,0.000000,-0.5362,13.3118,-0.0063,0.1016,0.2676,0.0000,13.3784,0.000573,1.000000,0.000000,0.000000,0.000000,0.0000,1,0,0,0.003063,-0.019874,0.004876
993,994.000,-0.5336,13.2802,0.0000,0.001845,-0.043194,0.000000,-0.5296,13.2618,-0.0098,0.0000,0.2658,0.0000,13.3344,0.000532,1.000000,0.000000,0.000000,0.000000,0.0000,1,0,0,0.003765,-0.001737,-0.004550
994,995.000,-0.5319,13.2372,0.0000,0.001745,-0.042670,0.000000,-0.5223,13.2206,0.0158,0.0000,0.2640,0.0000,13.2909,0.000528,1.000000,0.000000,0.000000,0.000000,0.0000,1,0,0,-0.002029,-0.001194,0.002084
995,996.000,-0.5302,13.1948,0.0000,0.001647,-0.042154,0.000000,-0.5180,13.1871,-0.0194,0.0000,0.2595,0.0000,13.2479,0.000519,1.000000,0.000000,0.000000,0.000000,0.0000,1,0,0,-0.005226,-0.007073,-0.012166
996,997.000,-0.5285,13.1529,0.0000,0.001753,-0.041656,0.000000,-0.5167,13.1694,-0.0020,0.1016,0.2512,0.0000,13.2055,0.000542,1.000000,0.000000,0.000000,0.000000,0.0000,1,0,0,-0.013689,-0.005904,0.011258
997,998.000,-0.5268,13.1115,0.0000,0.001657,-0.041158,0.000000,-0.5154,13.1200,0.0052,0.0000,0.2504,0.0000,13.1635,0.000501,1.000000,0.000000,0.000000,0.000000,0.0000,1,0,0,0.001948,0.004122,0.001640
998,999.000,-0.5250,13.0706,0.0000,0.001767,-0.040663,0.000000,-0.5195,13.0786,0.0019,0.1022,0.2497,0.0000,13.1221,0.000540,1.000000,0.000000,0.000000,0.000000,0.0000,1,0,0,0.001694,-0.007697,-0.006477
999,1000.000,-0.5233,13.0302,0.0000,0.001673,-0.040177,0.000000,-0.5166,13.0488,-0.0105,0.0000,0.2446,0.0000,13.0812,0.000490,1.000000,0.000000,0.000000,0.000000,0.0000,1,0,0,0.007639,-0.011716,-0.003003
1000,1001.000,-0.5216,12.9903,0.0000,0.001783,-0.039695,0.000000,-0.5165,13.0077,-0.0003,0.1008,0.2429,0.0000,13.0407,0.000526,1.000000,0.000000,0.000000,0.000000,0.0000,1,0,0,-0.004503,-0.007422,-0.004424
1001,1002.000,-0.5199,12.9508,0.0000,0.001691,-0.039219,0.000000,-0.5201,12.9778,-0.0017,0.0000,0.2396,0.0000,13.0007,0.000480,1.000000,0.000000,0.000000,0.000000,0.0000,1,0,0,0.001523,0.008282,-0.010938
1002,1003.000,-0.5182,12.9118,0.0000,0.001601,-0.038752,0.000000,-0.5069,12.9410,0.0006,0.0000,0.2354,0.0000,12.9612,0.000471,1.000000,0.000000,0.000000,0.000000,0.0000,1,0,0,0.001356,-0.012427,-0.007110
1003,1004.000,-0.5167,12.8733,0.0000,0.001511,-0.038280,0.000000,-0.5075,12.8861,-0.0011,0.0000,0.2375,0.0000,12.9222,0.000475,1.000000,0.000000,0.000000,0.000000,0.0000,1,0,0,-0.018771,0.017406,-0.003716
1004,1005.000,-0.5151,12.8353,0.0000,0.001629,-0.037786,0.000000,-0.5064,12.7942,0.0064,0.1027,0.2485,0.0000,12.8837,0.000538,1.000000,0.000000,0.000000,0.000000,0.0000,1,0,0,-0.007633,-0.011015,-0.014189
1005,1006.000,-0.5135,12.7977,0.0000,0.001541,-0.037301,0.000000,-0.5040,12.7654,0.0010,0.0000,0.2445,0.0000,12.8456,0.000489,1.000000,0.000000,0.000000,0.000000,0.0000,1,0,0,-0.004423,-0.001833,-0.006930
1006,1007.000,-0.5119,12.7606,0.0000,0.001664,-0.036840,0.000000,-0.5149,12.7653,0.0199,0.1040,0.2318,0.0000,12.8080,0.000509,1.000000,0.000000,0.000000,0.000000,0.0000,1,0,0,-0.013350,0.004151,0.009878
1007,1008.000,-0.5103,12.7240,0.0000,0.001579,-0.036380,0.000000,-0.5122,12.7173,0.0005,0.0000,0.2322,0.0000,12.7709,0.000465,1.000000,0.000000,0.000000,0.000000,0.0000,1,0,0,0.003371,0.016068,0.020116
1008,1009.000,-0.5086,12.6879,0.0000,0.001697,-0.035915,0.000000,-0.5077,12.6697,-0.0219,0.1011,0.2340,0.0000,12.7343,0.000510,1.000000,0.000000,0.000000,0.000000,0.0000,1,0,0,0.007836,0.015112,0.020528
1009,1010.000,-0.5070,12.6522,0.0000,0.001614,-0.035449,0.000000,-0.4975,12.6165,-0.0049,0.0000,0.2349,0.0000,12.6981,0.000470,1.000000,0.000000,0.000000,0.000000,0.0000,1,0,0,0.002391,-0.000352,-0.004865
1010,1011.000,-0.5054,12.6170,0.0000,0.001532,-0.034992,0.000000,-0.4924,12.5887,-0.0028,0.0000,0.2300,0.0000,12.6624,0.000460,1.000000,0.000000,0.000000,0.000000,0.0000,1,0,0,0.011509,0.000873,-0.009991
1011,1012.000,-0.5038,12.5822,0.0000,0.001659,-0.034537,0.000000,-0.5154,12.5483,0.0017,0.1039,0.2293,0.0000,12.6271,0.000504,1.000000,0.000000,0.000000,0.000000,0.0000,1,0,0,0.016020,0.004504,-0.007115
1012,1013.000,-0.5022,12.5479,0.0000,0.001580,-0.034097,0.000000,-0.4910,12.5338,-0.0053,0.0000,0.2214,0.0000,12.5923,0.000443,1.000000,0.000000,0.000000,0.000000,0.0000,1,0,0,0.019119,0.005701,0.018580
1013,1014.000,-0.5006,12.5140,0.0000,0.001701,-0.033665,0.000000,-0.5034,12.5067,-0.0041,0.1000,0.2178,0.0000,12.5580,0.000480,1.000000,0.000000,0.000000,0.000000,0.0000,1,0,0,-0.018968,-0.005560,0.006464
1014,1015.000,-0.4989,12.4806,0.0000,0.001623,-0.033233,0.000000,-0.5034,12.4595,-0.0008,0.0000,0.2180,0.0000,12.5240,0.000436,1.000000,0.000000,0.000000,0.000000,0.0000,1,0,0,-0.012167,0.001742,-0.007506
1015,1016.000,-0.4972,12.4476,0.0000,0.001748,-0.032803,0.000000,-0.5104,12.4224,-0.0026,0.1007,0.2167,0.0000,12.4905,0.000478,1.000000,0.000000,0.000000,0.000000,0.0000,1,0,0,0.008243,0.013357,0.003439
1016,1017.000,-0.4955,12.4150,0.0000,0.001672,-0.032385,0.000000,-0.5063,12.4031,-0.0045,0.0000,0.2110,0.0000,12.4575,0.000422,1.000000,0.000000,0.000000,0.000000,0.0000,1,0,0,0.013157,0.004525,-0.018605
1017,1018.000,-0.4939,12.3828,0.0000,0.001597,-0.031979,0.000000,-0.5121,12.3916,0.0038,0.0000,0.2045,0.0000,12.4249,0.000409,1.000000,0.000000,0.000000,0.000000,0.0000,1,0,0,0.004688,0.018837,0.018913
1018,1019.000,-0.4923,12.3510,0.0000,0.001523,-0.031564,0.000000,-0.4910,12.3274,0.0130,0.0000,0.2093,0.0000,12.3926,0.000419,1.000000,0.000000,0.000000,0.000000,0.0000,1,0,0,0.005720,-0.006156,0.013941
1019,1020.000,-0.4908,12.3197,0.0000,0.001450,-0.031149,0.000000,-0.4765,12.2917,-0.0013,0.0000,0.2087,0.0000,12.3608,0.000418,1.000000,0.000000,0.000000,0.000000,0.0000,1,0,0,-0.005652,0.007535,-0.008902
1020,1021.000,-0.4893,12.2887,0.0000,0.001581,-0.030752,0.000000,-0.4968,12.2824,0.0105,0.1011,0.2001,0.0000,12.3294,0.000449,1.000000,0.000000,0.000000,0.000000,0.0000,1,0,0,-0.011336,0.005263,0.009933
1021,1022.000,-0.4878,12.2581,0.0000,0.001509,-0.030370,0.000000,-0.4948,12.2789,0.0191,0.0000,0.1927,0.0000,12.2984,0.000386,1.000000,0.000000,0.000000,0.000000,0.0000,1,0,0,0.010417,0.011076,0.004447
1022,1023.000,-0.4862,12.2280,0.0000,0.001640,-0.029987,0.000000,-0.5009,12.2353,0.0101,0.1004,0.1931,0.0000,12.2678,0.000436,1.000000,0.000000,0.000000,0.000000,0.0000,1,0,0,-0.002827,-0.001226,0.008197
1023,1024.000,-0.4846,12.1982,0.0000,0.001571,-0.029601,0.000000,-0.4903,12.1901,0.0000,0.0000,0.1947,0.0000,12.2376,0.000390,1.000000,0.000000,0.000000,0.000000,0.0000,1,0,0,0.010843,0.008116,-0.013678
1024,1025.000,-0.4830,12.1688,0.0000,0.001502,-0.029236,0.000000,-0.4831,12.1950,-0.0043,0.0000,0.1844,0.0000,12.2078,0.000369,1.000000,0.000000,0.000000,0.000000,0.0000,1,0,0,0.019593,0.003377,0.010303
1025,1026.000,-0.4816,12.1397,0.0000,0.001434,-0.028867,0.000000,-0.4865,12.1507,-0.0016,0.0000,0.1861,0.0000,12.1783,0.000372,1.000000,0.000000,0.000000,0.000000,0.0000,1,0,0,-0.001316,-0.012827,0.005861
1026,1027.000,-0.4802,12.1110,0.0000,0.001367,-0.028488,0.000000,-0.4734,12.0940,0.0042,0.0000,0.1909,0.0000,12.1493,0.000382,1.000000,0.000000,0.000000,0.000000,0.0000,1,0,0,-0.008917,-0.005947,-0.012805
1027,1028.000,-0.4788,12.0827,0.0000,0.001301,-0.028113,0.000000,-0.4717,12.0684,-0.0109,0.0000,0.1889,0.0000,12.1205,0.000378,1.000000,0.000000,0.000000,0.000000,0.0000,1,0,0,-0.008844,-0.013096,-0.004771
1028,1029.000,-0.4775,12.0548,0.0000,0.001438,-0.027752,0.000000,-0.4765,12.0538,0.0063,0.1007,0.1822,0.0000,12.0922,0.000417,1.000000,0.000000,0.000000,0.000000,0.0000,1,0,0,0.007519,-0.001514,-0.004189
1029,1030.000,-0.4761,12.0272,0.0000,0.001373,-0.027397,0.000000,-0.4872,12.0345,0.0016,0.0000,0.1787,0.0000,12.0642,0.000358,1.000000,0.000000,0.000000,0.000000,0.0000,1,0,0,0.001667,0.006123,-0.013495
1030,1031.000,-0.4747,12.0000,0.0000,0.001310,-0.027054,0.000000,-0.4648,12.0199,-0.0122,0.0000,0.1733,0.0000,12.0366,0.000347,1.000000,0.000000,0.000000,0.000000,0.0000,1,0,0,0.015523,0.012511,0.000976
1031,1032.000,-0.4734,11.9731,0.0000,0.001247,-0.026719,0.000000,-0.4743,12.0046,-0.0041,0.0000,0.1684,0.0000,12.0094,0.000337,1.000000,0.000000,0.000000,0.000000,0.0000,1,0,0,0.002304,-0.009885,-0.004525
1032,1033.000,-0.4721,11.9466,0.0000,0.001388,-0.026387,0.000000,-0.4758,11.9731,-0.0172,0.1013,0.1679,0.0000,11.9825,0.000392,1.000000,0.000000,0.000000,0.000000,0.0000,1,0,0,0.008315,0.020551,0.004981
1033,1034.000,-0.4708,11.9203,0.0000,0.001326,-0.026045,0.000000,-0.4698,11.9268,-0.0006,0.0000,0.1722,0.0000,11.9559,0.000345,1.000000,0.000000,0.000000,0.000000,0.0000,1,0,0,-0.002659,0.001909,-0.000993
1034,1035.000,-0.4695,11.8945,0.0000,0.001266,-0.025718,0.000000,-0.4749,11.9223,-0.0028,0.0000,0.1648,0.0000,11.9296,0.000330,1.000000,0.000000,0.000000,0.000000,0.0000,1,0,0,-0.000305,0.012035,0.005117
1035,1036.000,-0.4682,11.8689,0.0000,0.001206,-0.025400,0.000000,-0.4692,11.9078,0.0032,0.0000,0.1605,0.0000,11.9037,0.000321,1.000000,0.000000,0.000000,0.000000,0.0000,1,0,0,0.007343,0.009104,0.012981
1036,1037.000,-0.4670,11.8437,0.0000,0.001348,-0.025070,0.000000,-0.4687,11.8521,-0.0044,0.1002,0.1665,0.0000,11.8781,0.000389,1.000000,0.000000,0.000000,0.000000,0.0000,1,0,0,-0.000654,0.009492,-0.007946
1037,1038.000,-0.4656,11.8188,0.0000,0.001289,-0.024742,0.000000,-0.4735,11.8232,0.0012,0.0000,0.1655,0.0000,11.8529,0.000331,1.000000,0.000000,0.000000,0.000000,0.0000,1,0,0,0.001522,0.003459,-0.003349
1038,1039.000,-0.4644,11.7942,0.0000,0.001232,-0.024423,0.000000,-0.4529,11.8046,0.0084,0.0000,0.1608,0.0000,11.8279,0.000322,1.000000,0.000000,0.000000,0.000000,0.0000,1,0,0,0.000789,0.001609,0.025106
1039,1040.000,-0.4632,11.7699,0.0000,0.001175,-0.024110,0.000000,-0.4488,11.7848,0.0060,0.0000,0.1575,0.0000,11.8033,0.000315,1.000000,0.000000,0.000000,0.000000,0.0000,1,0,0,0.003566,0.021376,-0.004624
1040,1041.000,-0.4619,11.7460,0.0000,0.001320,-0.023799,0.000000,-0.4612,11.7592,0.0172,0.1007,0.1570,0.0000,11.7790,0.000373,1.000000,0.000000,0.000000,0.000000,0.0000,1,0,0,0.009843,0.009520,0.012253
1041,1042.000,-0.4606,11.7223,0.0000,0.001265,-0.023482,0.000000,-0.4445,11.7159,0.0085,0.0000,0.1600,0.0000,11.7550,0.000320,1.000000,0.000000,0.000000,0.000000,0.0000,1,0,0,0.002332,-0.003199,-0.002491
1042,1043.000,-0.4594,11.6990,0.0000,0.001210,-0.023161,0.000000,-0.4570,11.6774,0.0159,0.0000,0.1617,0.0000,11.7314,0.000324,1.000000,0.000000,0.000000,0.000000,0.0000,1,0,0,0.005369,-0.000149,-0.006472
1043,1044.000,-0.4582,11.6760,0.0000,0.001156,-0.022848,0.000000,-0.4561,11.6620,0.0076,0.0000,0.1574,0.0000,11.7080,0.000315,1.000000,0.000000,0.000000,0.000000,0.0000,1,0,0,-0.008195,-0.013254,-0.011639
1044,1045.000,-0.4571,11.6533,0.0000,0.001103,-0.022533,0.000000,-0.4482,11.6284,0.0004,0.0000,0.1587,0.0000,11.6850,0.000318,1.000000,0.000000,0.000000,0.000000,0.0000,1,0,0,0.002286,-0.005274,0.003500
1045,1046.000,-0.4560,11.6309,0.0000,0.001051,-0.022237,0.000000,-0.4514,11.6383,-0.0074,0.0000,0.1493,0.0000,11.6623,0.000299,1.000000,0.000000,0.000000,0.000000,0.0000,1,0,0,-0.006511,0.010842,-0.011320
1046,1047.000,-0.4550,11.6088,0.0000,0.000999,-0.021940,0.000000,-0.4463,11.6038,0.0027,0.0000,0.1494,0.0000,11.6398,0.000299,1.000000,0.000000,0.000000,0.000000,0.0000,1,0,0,0.020751,0.007577,-0.007503
1047,1048.000,-0.4540,11.5870,0.0000,0.000948,-0.021647,0.000000,-0.4370,11.5834,-0.0029,0.0000,0.1479,0.0000,11.6177,0.000296,1.000000,0.000000,0.000000,0.000000,0.0000,1,0,0,-0.010264,0.002903,-0.003435
1048,1049.000,-0.4530,11.5655,0.0000,0.001101,-0.021364,0.000000,-0.4479,11.5745,0.0072,0.1022,0.1425,0.0000,11.5959,0.000351,1.000000,0.000000,0.000000,0.000000,0.0000,1,0,0,-0.008127,-0.011443,-0.001059
1049,1050.000,-0.4519,11.5443,0.0000,0.001052,-0.021066,0.000000,-0.4431,11.5156,0.0099,0.0000,0.1501,0.0000,11.5744,0.000300,1.000000,0.000000,0.000000,0.000000,0.0000,1,0,0,0.017815,0.000579,0.008486
1050,1051.000,-0.4509,11.5234,0.0000,0.001002,-0.020779,0.000000,-0.4424,11.5064,0.0042,0.0000,0.1447,0.0000,11.5531,0.000290,1.000000,0.000000,0.000000,0.000000,0.0000,1,0,0,0.007538,-0.001273,-0.004656
1051,1052.000,-0.4498,11.5027,0.0000,0.001158,-0.020508,0.000000,-0.4478,11.5106,-0.0071,0.1018,0.1366,0.0000,11.5322,0.000341,1.000000,0.000000,0.000000,0.000000,0.0000,1,0,0,0.003904,-0.000932,-0.010938
1052,1053.000,-0.4487,11.4824,0.0000,0.001110,-0.020236,0.000000,-0.4441,11.4843,-0.0044,0.0000,0.1370,0.0000,11.5115,0.000274,1.000000,0.000000,0.000000,0.000000,0.0000,1,0,0,-0.000726,0.004284,0.002559
1053,1054.000,-0.4476,11.4623,0.0000,0.001062,-0.019970,0.000000,-0.4446,11.4676,-0.0095,0.0000,0.1341,0.0000,11.4911,0.000268,1.000000,0.000000,0.000000,0.000000,0.0000,1,0,0,0.005201,-0.004597,0.017080
1054,1055.000,-0.4465,11.4424,0.0000,0.001016,-0.019707,0.000000,-0.4407,11.4469,-0.0029,0.0000,0.1328,0.0000,11.4710,0.000266,1.000000,0.000000,0.000000,0.000000,0.0000,1,0,0,0.013127,0.004050,-0.006480
1055,1056.000,-0.4456,11.4229,0.0000,0.000970,-0.019442,0.000000,-0.4454,11.4158,-0.0077,0.0000,0.1337,0.0000,11.4511,0.000268,1.000000,0.000000,0.000000,0.000000,0.0000,1,0,0,0.009836,0.016149,0.013596
1056,1057.000,-0.4446,11.4035,0.0000,0.000924,-0.019191,0.000000,-0.4427,11.4248,-0.0072,0.0000,0.1261,0.0000,11.4315,0.000252,1.000000,0.000000,0.000000,0.000000,0.0000,1,0,0,0.004779,-0.004928,-0.000552
1057,1058.000,-0.4436,11.3845,0.0000,0.001088,-0.018947,0.000000,-0.4504,11.4062,0.0061,0.1044,0.1234,0.0000,11.4122,0.000323,1.000000,0.000000,0.000000,0.000000,0.0000,1,0,0,0.009361,0.020610,-0.000033
1058,1059.000,-0.4425,11.3656,0.0000,0.001044,-0.018714,0.000000,-0.4472,11.4100,-0.0001,0.0000,0.1173,0.0000,11.3931,0.000235,1.000000,0.000000,0.000000,0.000000,0.0000,1,0,0,-0.000720,0.012652,-0.002984
1059,1060.000,-0.4415,11.3470,0.0000,0.001000,-0.018481,0.000000,-0.4357,11.3842,0.0042,0.0000,0.1176,0.0000,11.3743,0.000235,1.000000,0.000000,0.000000,0.000000,0.0000,1,0,0,0.003920,-0.018057,0.010033
1060,1061.000,-0.4405,11.3287,0.0000,0.000957,-0.018238,0.000000,-0.4297,11.3398,0.0002,0.0000,0.1228,0.0000,11.3556,0.000246,1.000000,0.000000,0.000000,0.000000,0.0000,1,0,0,0.003228,0.001354,-0.001745
1061,1062.000,-0.4395,11.3106,0.0000,0.001114,-0.017987,0.000000,-0.4420,11.3023,0.0120,0.1002,0.1265,0.0000,11.3372,0.000323,1.000000,0.000000,0.000000,0.000000,0.0000,1,0,0,-0.001756,-0.011733,-0.012949
1062,1063.000,-0.4384,11.2927,0.0000,0.001072,-0.017729,0.000000,-0.4523,11.2615,0.0128,0.0000,0.1300,0.0000,11.3191,0.000260,1.000000,0.000000,0.000000,0.000000,0.0000,1,0,0,-0.019730,-0.011746,0.013971
1063,1064.000,-0.4374,11.2751,0.0000,0.001030,-0.017479,0.000000,-0.4452,11.2536,-0.0009,0.0000,0.1261,0.0000,11.3012,0.000252,1.000000,0.000000,0.000000,0.000000,0.0000,1,0,0,0.018723,-0.014595,0.002974
1064,1065.000,-0.4363,11.2578,0.0000,0.000989,-0.017234,0.000000,-0.4373,11.2372,-0.0079,0.0000,0.1237,0.0000,11.2836,0.000247,1.000000,0.000000,0.000000,0.000000,0.0000,1,0,0,0.022466,-0.011751,-0.009238
1065,1066.000,-0.4354,11.2406,0.0000,0.000949,-0.017009,0.000000,-0.4270,11.2506,-0.0133,0.0000,0.1137,0.0000,11.2662,0.000228,1.000000,0.000000,0.000000,0.000000,0.0000,1,0,0,0.010554,0.002673,0.005100
1066,1067.000,-0.4344,11.2237,0.0000,0.000909,-0.016787,0.000000,-0.4225,11.2390,-0.0090,0.0000,0.1122,0.0000,11.2491,0.000225,1.000000,0.000000,0.000000,0.000000,0.0000,1,0,0,0.011949,0.016173,0.008557
1067,1068.000,-0.4336,11.2071,0.0000,0.000869,-0.016566,0.000000,-0.4275,11.2181,0.0030,0.0000,0.1114,0.0000,11.2321,0.000223,1.000000,0.000000,0.000000,0.000000,0.0000,1,0,0,0.005583,0.007606,0.008906
1068,1069.000,-0.4327,11.1906,0.0000,0.000830,-0.016342,0.000000,-0.4300,11.1932,0.0134,0.0000,0.1128,0.0000,11.2154,0.000226,1.000000,0.000000,0.000000,0.000000,0.0000,1,0,0,-0.008387,0.013725,-0.011649
1069,1070.000,-0.4319,11.1744,0.0000,0.000792,-0.016120,0.000000,-0.4223,11.1712,0.0110,0.0000,0.1119,0.0000,11.1990,0.000224,1.000000,0.000000,0.000000,0.000000,0.0000,1,0,0,0.000367,-0.014771,0.005792
1070,1071.000,-0.4310,11.1584,0.0000,0.000956,-0.015904,0.000000,-0.4290,11.1620,0.0053,0.1010,0.1091,0.0000,11.1827,0.000298,1.000000,0.000000,0.000000,0.000000,0.0000,1,0,0,0.000343,-0.010831,-0.007219
1071,1072.000,-0.4301,11.1426,0.0000,0.000919,-0.015696,0.000000,-0.4261,11.1557,-0.0085,0.0000,0.1047,0.0000,11.1667,0.000210,1.000000,0.000000,0.000000,0.000000,0.0000,1,0,0,0.002406,-0.007658,-0.011967
1072,1073.000,-0.4292,11.1270,0.0000,0.000882,-0.015480,0.000000,-0.4261,11.1194,-0.0038,0.0000,0.1092,0.0000,11.1509,0.000219,1.000000,0.000000,0.000000,0.000000,0.0000,1,0,0,-0.019407,0.010672,0.026158
1073,1074.000,-0.4283,11.1116,0.0000,0.000845,-0.015280,0.000000,-0.4268,11.1336,-0.0072,0.0000,0.1005,0.0000,11.1352,0.000201,1.000000,0.000000,0.000000,0.000000,0.0000,1,0,0,0.008487,-0.000138,0.004314
1074,1075.000,-0.4275,11.0963,0.0000,0.000809,-0.015282,0.000000,-0.4165,11.1173,-0.0076,0.0000,0.0000,0.0000,11.1198,0.000000,1.000000,0.000000,0.000000,0.000000,0.0000,1,0,0,-0.002598,0.002032,-0.001240
1075,1076.000,-0.4266,11.0811,0.0000,0.000973,-0.015076,0.000000,-0.4252,11.1007,0.0056,0.1003,0.1039,0.0000,11.1045,0.000289,1.000000,0.000000,0.000000,0.000000,0.0000,1,0,0,0.003249,-0.012204,-0.001455
1076,1077.000,-0.4256,11.0662,0.0000,0.000938,-0.014872,0.000000,-0.4234,11.0802,-0.0050,0.0000,0.1034,0.0000,11.0893,0.000207,1.000000,0.000000,0.000000,0.000000,0.0000,1,0,0,-0.019075,-0.009613,-0.004064
1077,1078.000,-0.4247,11.0514,0.0000,0.000903,-0.014668,0.000000,-0.4205,11.0641,-0.0093,0.0000,0.1031,0.0000,11.0743,0.000206,1.000000,0.000000,0.000000,0.000000,0.0000,1,0,0,0.008101,0.000875,-0.004259
1078,1079.000,-0.4237,11.0368,0.0000,0.001069,-0.014470,0.000000,-0.4344,11.0554,0.0005,0.1003,0.1000,0.0000,11.0595,0.000283,1.000000,0.000000,0.000000,0.000000,0.0000,1,0,0,-0.018833,-0.008432,-0.008813
1079,1080.000,-0.4227,11.0224,0.0000,0.001035,-0.014267,0.000000,-0.4250,11.0238,0.0100,0.0000,0.1025,0.0000,11.0449,0.000205,1.000000,0.000000,0.000000,0.000000,0.0000,1,0,0,0.015702,-0.005043,0.002902
1080,1081.000,-0.4217,11.0083,0.0000,0.001001,-0.014068,0.000000,-0.4249,11.0112,0.0167,0.0000,0.1007,0.0000,11.0306,0.000202,1.000000,0.000000,0.000000,0.000000,0.0000,1,0,0,-0.023300,0.010067,-0.006273
1081,1082.000,-0.4207,10.9942,0.0000,0.000967,-0.014070,0.000000,-0.4257,11.0199,0.0038,0.0000,0.0000,0.0000,11.0164,0.000000,1.000000,0.000000,0.000000,0.000000,0.0000,1,0,0,-0.000533,0.003648,-0.007973
1082,1083.000,-0.4197,10.9801,0.0000,0.000934,-0.014072,0.000000,-0.4435,10.9953,0.0063,0.0000,0.0000,0.0000,11.0023,0.000000,1.000000,0.000000,0.000000,0.000000,0.0000,1,0,0,-0.003174,0.001734,0.003400
1083,1084.000,-0.4187,10.9662,0.0000,0.001101,-0.013860,0.000000,-0.4399,10.9670,0.0015,0.1004,0.1073,0.0000,10.9882,0.000294,1.000000,0.000000,0.000000,0.000000,0.0000,1,0,0,-0.003659,-0.002458,0.000555
1084,1085.000,-0.4176,10.9524,0.0000,0.001069,-0.013646,0.000000,-0.4248,10.9457,-0.0027,0.0000,0.1082,0.0000,10.9742,0.000216,1.000000,0.000000,0.000000,0.000000,0.0000,1,0,0,-0.003012,-0.007164,0.005490
1085,1086.000,-0.4166,10.9389,0.0000,0.001036,-0.013438,0.000000,-0.4164,10.9350,-0.0066,0.0000,0.1051,0.0000,10.9604,0.000210,1.000000,0.000000,0.000000,0.000000,0.0000,1,0,0,-0.003838,0.002939,0.027132
1086,1087.000,-0.4156,10.9255,0.0000,0.001004,-0.013237,0.000000,-0.4019,10.9265,-0.0074,0.0000,0.1017,0.0000,10.9468,0.000204,1.000000,0.000000,0.000000,0.000000,0.0000,1,0,0,0.005184,0.004223,0.004966
1087,1088.000,-0.4146,10.9123,0.0000,0.000973,-0.013239,0.000000,-0.4014,10.9191,-0.0038,0.0000,0.0000,0.0000,10.9334,0.000000,1.000000,0.000000,0.000000,0.000000,0.0000,1,0,0,-0.002878,-0.004181,0.000834
1088,1089.000,-0.4136,10.8991,0.0000,0.000941,-0.013241,0.000000,-0.3864,10.9195,-0.0051,0.0000,0.0000,0.0000,10.9202,0.000000,1.000000,0.000000,0.000000,0.000000,0.0000,1,0,0,-0.001918,-0.001819,0.007595
1089,1090.000,-0.4127,10.8852,0.0000,0.000908,-0.014579,0.000000,-0.4010,10.8802,0.0027,0.0000,-0.6676,0.0000,10.9069,0.001336,1.000000,0.000000,0.000000,0.000000,0.0000,1,0,0,0.022583,0.004264,-0.010539
1090,1091.000,-0.4118,10.8695,0.0000,0.000910,-0.016713,0.000000,-0.4029,10.8469,0.0025,0.0193,-1.0653,0.0000,10.8930,0.002132,1.000000,0.000000,0.000000,0.000000,2.1712,0,0,0,0.013117,-0.021439,-0.014078
1091,1092.000,-0.4109,10.8518,0.0000,0.000909,-0.018668,0.000000,-0.4069,10.8367,-0.0124,0.0202,-0.9756,0.0000,10.8773,0.001953,0.999989,0.000000,0.000000,0.004737,2.1696,0,0,0,-0.005287,0.010027,-0.015012
1092,1093.000,-0.4100,10.8323,0.0000,0.000905,-0.020458,0.000000,-0.4140,10.8120,-0.0065,0.0207,-0.8935,0.0000,10.8596,0.001789,0.999989,0.000000,0.000000,0.004733,1.6255,0,0,0,0.003040,-0.006307,-0.004471
1093,1094.000,-0.4091,10.8110,0.0000,0.000897,-0.022098,0.000000,-0.4134,10.7959,0.0081,0.0211,-0.8183,0.0000,10.8400,0.001638,0.999966,0.000000,0.000000,0.008283,1.6251,0,0,0,-0.006562,0.010526,0.011121
1094,1095.000,-0.4082,10.7881,0.0000,0.000886,-0.023600,0.000000,-0.4108,10.7939,0.0089,0.0209,-0.7494,0.0000,10.8187,0.001500,0.999966,0.000000,0.000000,0.008278,1.2178,0,0,0,-0.001330,0.014984,0.009904
1095,1096.000,-0.4073,10.7638,0.0000,0.000872,-0.024975,0.000000,-0.4127,10.7420,-0.0035,0.0215,-0.6863,0.0000,10.7958,0.001374,0.999940,0.000000,0.000000,0.010939,1.2182,0,0,0,0.005906,0.003767,0.002972
1096,1097.000,-0.4064,10.7382,0.0000,0.000853,-0.026235,0.000000,-0.3955,10.6963,0.0004,0.0201,-0.6286,0.0000,10.7715,0.001259,0.999940,0.000000,0.000000,0.010936,0.9134,1,0,0,0.010706,0.002231,-0.013909
1097,1098.000,-0.4056,10.7114,0.0000,0.000838,-0.027389,0.000000,-0.4132,10.6995,0.0030,0.0236,-0.5756,0.0000,10.7459,0.001153,0.999916,0.000000,0.000000,0.012932,0.9144,1,0,0,0.005846,0.000146,0.002705
1098,1099.000,-0.4048,10.6835,0.0000,0.000819,-0.028446,0.000000,-0.4071,10.6773,0.0169,0.0230,-0.5272,0.0000,10.7191,0.001056,0.999916,0.000000,0.000000,0.012930,0.6865,1,0,0,0.001709,0.012469,-0.015929
1099,1100.000,-0.4039,10.6546,0.0000,0.000799,-0.029414,0.000000,-0.4039,10.6409,0.0116,0.0234,-0.4828,0.0000,10.6912,0.000967,0.999896,0.000000,0.000000,0.014430,0.6879,1,0,0,-0.008191,0.001405,0.018624
1100,1101.000,-0.4032,10.6247,0.0000,0.000780,-0.030301,0.000000,-0.4037,10.5926,0.0165,0.0249,-0.4421,0.0000,10.6622,0.000886,0.999896,0.000000,0.000000,0.014431,0.5177,1,0,0,0.005329,-0.008499,-0.013258
1101,1102.000,-0.4024,10.5940,0.0000,0.000757,-0.031113,0.000000,-0.3982,10.5988,0.0091,0.0242,-0.4049,0.0000,10.6324,0.000812,0.999879,0.000000,0.000000,0.015559,0.5193,1,0,0,0.014842,-0.003456,-0.017537
1102,1103.000,-0.4016,10.5625,0.0000,0.000730,-0.031857,0.000000,-0.3814,10.5748,0.0068,0.0228,-0.3709,0.0000,10.6017,0.000744,0.999879,0.000000,0.000000,0.015564,0.3922,1,0,0,-0.000092,-0.001499,-0.011938
1103,1104.000,-0.4009,10.5303,0.0000,0.000707,-0.032538,0.000000,-0.3892,10.5558,-0.0002,0.0254,-0.3396,0.0000,10.5702,0.000681,0.999865,0.000000,0.000000,0.016414,0.3941,1,0,0,-0.004696,0.003603,-0.009121
1104,1105.000,-0.4002,10.4975,0.0000,0.000686,-0.033162,0.000000,-0.4003,10.5190,-0.0000,0.0277,-0.3109,0.0000,10.5380,0.000625,0.999865,0.000000,0.000000,0.016424,0.2994,1,0,0,-0.002274,0.004340,0.011006
1105,1106.000,-0.3996,10.4640,0.0000,0.000664,-0.033733,0.000000,-0.3938,10.4663,-0.0001,0.0278,-0.2847,0.0000,10.5051,0.000572,0.999854,0.000000,0.000000,0.017067,0.3013,1,0,0,0.010365,-0.011800,-0.010248
1106,1107.000,-0.3989,10.4300,0.0000,0.000645,-0.034256,0.000000,-0.3981,10.4597,-0.0044,0.0295,-0.2607,0.0000,10.4717,0.000525,0.999854,0.000000,0.000000,0.017081,0.2308,1,0,0,0.016940,-0.006730,0.016283
1107,1108.000,-0.3983,10.3955,0.0000,0.000628,-0.034735,0.000000,-0.4004,10.4207,-0.0135,0.0312,-0.2387,0.0000,10.4377,0.000482,0.999854,0.000000,0.000000,0.017094,0.2328,1,0,0,0.004808,0.000492,-0.014562
1108,1109.000,-0.3976,10.3606,0.0000,0.000611,-0.035174,0.000000,-0.3989,10.3665,-0.0051,0.0320,-0.2185,0.0000,10.4032,0.000442,0.999854,0.000000,0.000000,0.017108,0.2350,1,0,0,-0.020515,-0.005033,-0.001924
1109,1110.000,-0.3970,10.3252,0.0000,0.000596,-0.035576,0.000000,-0.3953,10.3105,-0.0068,0.0330,-0.2001,0.0000,10.3682,0.000406,0.999853,0.000000,0.000000,0.017121,0.2375,1,0,0,-0.009475,-0.015087,-0.002452
1110,1111.000,-0.3965,10.2895,0.0000,0.000581,-0.035943,0.000000,-0.3966,10.2657,0.0005,0.0341,-0.1832,0.0000,10.3328,0.000373,0.999853,0.000000,0.000000,0.017135,0.2401,1,0,0,0.004714,0.000135,-0.001101
1111,1112.000,-0.3959,10.2533,0.0000,0.000572,-0.036280,0.000000,-0.4134,10.2763,-0.0050,0.0367,-0.1676,0.0000,10.2971,0.000343,0.999853,0.000000,0.000000,0.017148,0.2429,1,0,0,-0.000208,-0.004877,-0.002632
1112,1113.000,-0.3953,10.2169,0.0000,0.000558,-0.036589,0.000000,-0.4008,10.2470,-0.0138,0.0353,-0.1535,0.0000,10.2610,0.000315,0.999844,0.000000,0.000000,0.017665,0.2459,1,0,0,0.009223,-0.016430,0.001765
1113,1114.000,-0.3948,10.1802,0.0000,0.000542,-0.036872,0.000000,-0.3864,10.2062,0.0029,0.0344,-0.1406,0.0000,10.2246,0.000290,0.999835,0.000000,0.000000,0.018181,0.1915,1,0,0,0.001829,0.010931,0.005740
1114,1115.000,-0.3942,10.1432,0.0000,0.000530,-0.037130,0.000000,-0.3965,10.1422,0.0020,0.0364,-0.1287,0.0000,10.1878,0.000268,0.999837,0.000000,0.000000,0.018082,0.1372,1,0,0,0.002780,-0.000505,0.011007
1115,1116.000,-0.3937,10.1059,0.0000,0.000517,-0.037367,0.000000,-0.3924,10.0970,-0.0026,0.0366,-0.1178,0.0000,10.1508,0.000247,0.999838,0.000000,0.000000,0.017984,0.1536,1,0,0,0.007626,-0.000005,-0.006196
1116,1117.000,-0.3932,10.0685,0.0000,0.000507,-0.037584,0.000000,-0.3936,10.0498,0.0002,0.0381,-0.1078,0.0000,10.1136,0.000229,0.999830,0.000000,0.000000,0.018417,0.1701,1,0,0,0.004764,0.001384,-0.000174
1117,1118.000,-0.3927,10.0308,0.0000,0.000496,-0.037783,0.000000,-0.3902,10.0107,-0.0072,0.0378,-0.0987,0.0000,10.0761,0.000212,0.999822,0.000000,0.000000,0.018851,0.1258,1,0,0,-0.017763,-0.002554,0.005038
1118,1119.000,-0.3922,9.9929,0.0000,0.000487,-0.037965,0.000000,-0.3923,9.9834,-0.0121,0.0392,-0.0903,0.0000,10.0385,0.000197,0.999825,0.000000,0.000000,0.018692,0.0816,1,0,0,0.004836,0.005135,-0.005578
1119,1120.000,-0.3917,9.9548,0.0000,0.000474,-0.038132,0.000000,-0.3815,9.9409,0.0006,0.0375,-0.0828,0.0000,10.0006,0.000182,0.999828,0.000000,0.000000,0.018532,0.1055,1,0,0,-0.002746,-0.019012,-0.019193
1120,1121.000,-0.3912,9.9166,0.0000,0.000468,-0.038284,0.000000,-0.3966,9.9341,-0.0086,0.0407,-0.0756,0.0000,9.9626,0.000172,0.999821,0.000000,0.000000,0.018922,0.1296,1,0,0,-0.011795,-0.023049,0.003923
1121,1122.000,-0.3908,9.8783,0.0000,0.000458,-0.038424,0.000000,-0.3875,9.8928,-0.0120,0.0393,-0.0693,0.0000,9.9244,0.000159,0.999814,0.000000,0.000000,0.019311,0.0909,1,0,0,0.001837,-0.003342,0.001715
1122,1123.000,-0.3903,9.8398,0.0000,0.000449,-0.038552,0.000000,-0.3852,9.8555,-0.0014,0.0397,-0.0634,0.0000,9.8860,0.000150,0.999817,0.000000,0.000000,0.019120,0.0524,1,0,0,0.007255,0.002674,-0.000644
1123,1124.000,-0.3899,9.8012,0.0000,0.000442,-0.038669,0.000000,-0.3904,9.8002,0.0043,0.0411,-0.0580,0.0000,9.8475,0.000142,0.999821,0.000000,0.000000,0.018929,0.0805,1,0,0,0.002663,-0.006266,-0.008079
1124,1125.000,-0.3894,9.7625,0.0000,0.000434,-0.038776,0.000000,-0.3835,9.7559,0.0071,0.0406,-0.0531,0.0000,9.8089,0.000134,0.999814,0.000000,0.000000,0.019296,0.1088,1,0,0,-0.009740,0.004117,0.001785
1125,1126.000,-0.3890,9.7236,0.0000,0.000426,-0.038874,0.000000,-0.3780,9.7279,0.0026,0.0410,-0.0486,0.0000,9.7702,0.000127,0.999807,0.000000,0.000000,0.019663,0.0732,1,0,0,-0.004690,0.012511,0.009058
1126,1127.000,-0.3886,9.6847,0.0000,0.000425,-0.038964,0.000000,-0.3940,9.6602,-0.0049,0.0443,-0.0443,0.0000,9.7314,0.000125,0.999811,0.000000,0.000000,0.019455,0.0377,1,0,0,0.010813,-0.010974,0.015950
1127,1128.000,-0.3882,9.6457,0.0000,0.000425,-0.039046,0.000000,-0.3923,9.6177,0.0066,0.0446,-0.0405,0.0000,9.6925,0.000121,0.999815,0.000000,0.000000,0.019248,0.0681,1,0,0,0.002550,0.017232,-0.002693
1128,1129.000,-0.3877,9.6066,0.0000,0.000423,-0.039121,0.000000,-0.3902,9.5919,-0.0055,0.0439,-0.0371,0.0000,9.6535,0.000115,0.999808,0.000000,0.000000,0.019604,0.0987,1,0,0,0.007706,0.003169,-0.008755
1129,1130.000,-0.3873,9.5675,0.0000,0.000421,-0.039190,0.000000,-0.3901,9.5325,0.0010,0.0443,-0.0339,0.0000,9.6145,0.000112,0.999801,0.000000,0.000000,0.019960,0.0647,1,0,0,-0.012638,0.021008,-0.015042
1130,1131.000,-0.3869,9.5283,0.0000,0.000418,-0.039253,0.000000,-0.3841,9.5235,0.0085,0.0437,-0.0311,0.0000,9.5753,0.000107,0.999805,0.000000,0.000000,0.019745,0.0309,1,0,0,-0.005345,-0.002480,0.004109
1131,1132.000,-0.3865,9.4890,0.0000,0.000417,-0.039311,0.000000,-0.3886,9.4922,0.0022,0.0449,-0.0284,0.0000,9.5361,0.000106,0.999809,0.000000,0.000000,0.019530,0.0625,1,0,0,0.018307,-0.010462,0.001077
1132,1133.000,-0.3861,9.4496,0.0000,0.000412,-0.039364,0.000000,-0.3747,9.4678,-0.0000,0.0428,-0.0260,0.0000,9.4968,0.000100,0.999802,0.000000,0.000000,0.019881,0.0942,1,0,0,-0.003643,0.000821,-0.006769
1133,1134.000,-0.3857,9.4102,0.0000,0.000416,-0.039412,0.000000,-0.3937,9.4122,0.0020,0.0470,-0.0236,0.0000,9.4575,0.000105,0.999795,0.000000,0.000000,0.020232,0.0611,1,0,0,-0.020502,0.012107,0.008859
1134,1135.000,-0.3852,9.3708,0.0000,0.000421,-0.039456,0.000000,-0.3996,9.3811,0.0011,0.0478,-0.0215,0.0000,9.4181,0.000105,0.999800,0.000000,0.000000,0.020015,0.0282,1,0,0,-0.018005,0.007143,0.002997
1135,1136.000,-0.3848,9.3313,0.0000,0.000422,-0.039497,0.000000,-0.3885,9.3439,-0.0138,0.0463,-0.0197,0.0000,9.3787,0.000101,0.999804,0.000000,0.000000,0.019797,0.0604,1,0,0,0.013624,-0.007415,0.009964
1136,1137.000,-0.3844,9.2918,0.0000,0.000419,-0.039534,0.000000,-0.3733,9.3120,0.0075,0.0439,-0.0181,0.0000,9.3393,0.000095,0.999797,0.000000,0.000000,0.020147,0.0927,1,0,0,0.000422,0.011330,-0.004752
1137,1138.000,-0.3840,9.2523,0.0000,0.000413,-0.039568,0.000000,-0.3657,9.2408,0.0012,0.0425,-0.0166,0.0000,9.2998,0.000091,0.999790,0.000000,0.000000,0.020496,0.0601,1,0,0,0.015653,0.001905,0.006268
1138,1139.000,-0.3836,9.2127,0.0000,0.000408,-0.039599,0.000000,-0.3645,9.2085,0.0065,0.0432,-0.0151,0.0000,9.2602,0.000092,0.999794,0.000000,0.000000,0.020278,0.0276,1,0,0,0.007994,-0.008332,0.006214
1139,1140.000,-0.3832,9.1731,0.0000,0.000407,-0.039628,0.000000,-0.3764,9.1693,0.0003,0.0450,-0.0138,0.0000,9.2207,0.000094,0.999799,0.000000,0.000000,0.020060,0.0603,1,0,0,-0.004625,-0.004246,-0.006961
1140,1141.000,-0.3828,9.1334,0.0000,0.000407,-0.039654,0.000000,-0.3819,9.1735,0.0091,0.0458,-0.0125,0.0000,9.1811,0.000095,0.999792,0.000000,0.000000,0.020409,0.0930,1,0,0,-0.013343,-0.009313,0.000100
1141,1142.000,-0.3823,9.0938,0.0000,0.000413,-0.039677,0.000000,-0.3892,9.1110,0.0041,0.0484,-0.0113,0.0000,9.1414,0.000099,0.999785,0.000000,0.000000,0.020759,0.0608,1,0,0,-0.015408,-0.010522,0.008514
1142,1143.000,-0.3819,9.0541,0.0000,0.000416,-0.039699,0.000000,-0.3860,9.0849,-0.0034,0.0470,-0.0104,0.0000,9.1018,0.000096,0.999789,0.000000,0.000000,0.020542,0.0286,1,0,0,-0.001789,0.000891,0.013222
1143,1144.000,-0.3815,9.0144,0.0000,0.000420,-0.039719,0.000000,-0.3849,9.0360,0.0023,0.0478,-0.0094,0.0000,9.0621,0.000097,0.999793,0.000000,0.000000,0.020325,0.0614,1,0,0,-0.007907,-0.014338,-0.006811
1144,1145.000,-0.3811,8.9746,0.0000,0.000424,-0.039737,0.000000,-0.3864,8.9811,0.0060,0.0481,-0.0085,0.0000,9.0224,0.000098,0.999786,0.000000,0.000000,0.020676,0.0943,1,0,0,0.002283,-0.005365,-0.009771
1145,1146.000,-0.3807,8.9349,0.0000,0.000428,-0.039753,0.000000,-0.3847,8.9352,-0.0035,0.0478,-0.0078,0.0000,8.9827,0.000097,0.999779,0.000000,0.000000,0.021027,0.0620,1,0,0,0.008565,0.007248,-0.010495
1146,1147.000,-0.3802,8.8951,0.0000,0.000428,-0.039769,0.000000,-0.3720,8.8785,0.0040,0.0456,-0.0072,0.0000,8.9430,0.000092,0.999783,0.000000,0.000000,0.020811,0.0299,1,0,0,-0.009105,-0.012011,-0.002331
1147,1148.000,-0.3798,8.8554,0.0000,0.000430,-0.039783,0.000000,-0.3713,8.8624,0.0054,0.0467,-0.0065,0.0000,8.9033,0.000094,0.999788,0.000000,0.000000,0.020595,0.0627,1,0,0,-0.007403,0.001464,0.003986
1148,1149.000,-0.3794,8.8156,0.0000,0.000433,-0.039795,0.000000,-0.3768,8.8122,0.0106,0.0472,-0.0058,0.0000,8.8635,0.000095,0.999781,0.000000,0.000000,0.020948,0.0957,1,0,0,0.013545,0.016337,0.006341
1149,1150.000,-0.3789,8.7758,0.0000,0.000439,-0.039807,0.000000,-0.3847,8.7860,0.0098,0.0490,-0.0052,0.0000,8.8237,0.000099,0.999773,0.000000,0.000000,0.021301,0.0635,1,0,0,0.003487,0.021787,0.005049
1150,1151.000,-0.3785,8.7360,0.0000,0.000442,-0.039808,0.000000,-0.3733,8.7382,0.0191,0.0473,0.0000,0.0000,8.7839,0.000095,0.999778,0.000000,0.000000,0.021087,0.0314,1,0,0,0.000183,-0.018318,-0.008663
1151,1152.000,-0.3781,8.6962,0.0000,0.000443,-0.039809,0.000000,-0.3690,8.7284,0.0093,0.0464,0.0000,0.0000,8.7442,0.000093,0.999782,0.000000,0.000000,0.020872,0.0643,1,0,0,0.002388,0.001257,-0.006473
1152,1153.000,-0.3776,8.6563,0.0000,0.000446,-0.039810,0.000000,-0.3773,8.6936,0.0037,0.0474,0.0000,0.0000,8.7044,0.000095,0.999775,0.000000,0.000000,0.021227,0.0973,1,0,0,0.001758,-0.004542,0.001359
1153,1154.000,-0.3772,8.6165,0.0000,0.000452,-0.039811,0.000000,-0.3806,8.6316,0.0010,0.0486,0.0000,0.0000,8.6646,0.000097,0.999767,0.000000,0.000000,0.021581,0.0652,1,0,0,-0.010843,0.010860,0.000328
1154,1155.000,-0.3767,8.5767,0.0000,0.000454,-0.039812,0.000000,-0.3709,8.5916,-0.0074,0.0470,0.0000,0.0000,8.6248,0.000094,0.999772,0.000000,0.000000,0.021369,0.0331,1,0,0,-0.006478,-0.012190,-0.003895
1155,1156.000,-0.3763,8.5369,0.0000,0.000460,-0.039813,0.000000,-0.3775,8.5340,-0.0005,0.0487,0.0000,0.0000,8.5850,0.000098,0.999776,0.000000,0.000000,0.021157,0.0660,1,0,0,-0.002382,0.004539,-0.005653
1156,1157.000,-0.3758,8.4971,0.0000,0.000468,-0.039814,0.000000,-0.3819,8.5195,0.0047,0.0496,0.0000,0.0000,8.5452,0.000099,0.999769,0.000000,0.000000,0.021513,0.0990,1,0,0,0.002410,-0.014350,0.004603
1157,1158.000,-0.3753,8.4573,0.0000,0.000472,-0.039815,0.000000,-0.3692,8.4829,-0.0078,0.0478,0.0000,0.0000,8.5054,0.000096,0.999761,0.000000,0.000000,0.021869,0.0669,1,0,0,-0.002829,-0.001261,0.024940
1158,1159.000,-0.3748,8.4175,0.0000,0.000475,-0.039816,0.000000,-0.3710,8.4388,-0.0020,0.0475,0.0000,0.0000,8.4656,0.000095,0.999765,0.000000,0.000000,0.021659,0.0348,1,0,0,-0.011216,-0.000482,-0.008879
1159,1160.000,-0.3744,8.3777,0.0000,0.000478,-0.039817,0.000000,-0.3688,8.3860,0.0115,0.0474,0.0000,0.0000,8.4258,0.000095,0.999770,0.000000,0.000000,0.021449,0.0677,1,0,0,0.001430,-0.016586,-0.005097
1160,1161.000,-0.3739,8.3378,0.0000,0.000483,-0.039818,0.000000,-0.3723,8.3355,-0.0021,0.0483,0.0000,0.0000,8.3860,0.000097,0.999762,0.000000,0.000000,0.021807,0.1006,1,0,0,-0.022897,0.015160,0.003292
1161,1162.000,-0.3734,8.2980,0.0000,0.000486,-0.039819,0.000000,-0.3653,8.2917,0.0046,0.0472,0.0000,0.0000,8.3462,0.000095,0.999754,0.000000,0.000000,0.022164,0.0685,1,0,0,-0.006473,0.005448,0.015643
1162,1163.000,-0.3729,8.2582,0.0000,0.000491,-0.039821,0.000000,-0.3706,8.2463,0.0063,0.0482,0.0000,0.0000,8.3064,0.000097,0.999759,0.000000,0.000000,0.021956,0.0364,1,0,0,-0.008183,-0.003676,-0.001128
1163,1164.000,-0.3724,8.2184,0.0000,0.000492,-0.039822,0.000000,-0.3599,8.2191,0.0039,0.0465,0.0000,0.0000,8.2666,0.000093,0.999763,0.000000,0.000000,0.021747,0.0694,1,0,0,0.001469,0.000553,-0.010341
1164,1165.000,-0.3719,8.1786,0.0000,0.000497,-0.039823,0.000000,-0.3687,8.1716,0.0014,0.0483,0.0000,0.0000,8.2268,0.000097,0.999756,0.000000,0.000000,0.022107,0.1024,1,0,0,0.004515,-0.029889,-0.009163
1165,1166.000,-0.3714,8.1387,0.0000,0.000502,-0.039824,0.000000,-0.3668,8.1353,0.0032,0.0484,0.0000,0.0000,8.1870,0.000097,0.999748,0.000000,0.000000,0.022467,0.0703,1,0,0,-0.006756,0.000273,0.007228
1166,1167.000,-0.3709,8.0989,0.0000,0.000511,-0.039825,0.000000,-0.3758,8.0900,-0.0013,0.0504,0.0000,0.0000,8.1472,0.000101,0.999752,0.000000,0.000000,0.022261,0.0382,1,0,0,0.011573,0.001147,-0.009124
1167,1168.000,-0.3704,8.0591,0.0000,0.000516,-0.039826,0.000000,-0.3673,8.0684,0.0092,0.0482,0.0000,0.0000,8.1074,0.000097,0.999757,0.000000,0.000000,0.022054,0.0712,1,0,0,0.017982,-0.010904,0.003830
1168,1169.000,-0.3699,8.0193,0.0000,0.000522,-0.039827,0.000000,-0.3659,8.0261,-0.0094,0.0486,0.0000,0.0000,8.0676,0.000097,0.999749,0.000000,0.000000,0.022416,0.1042,1,0,0,0.000659,0.013544,0.010279
1169,1170.000,-0.3694,7.9794,0.0000,0.000529,-0.039829,0.000000,-0.3732,7.9724,-0.0016,0.0496,0.0000,0.0000,8.0278,0.000099,0.999741,0.000000,0.000000,0.022778,0.0720,1,0,0,0.001535,-0.011969,0.003722
1170,1171.000,-0.3688,7.9396,0.0000,0.000537,-0.039830,0.000000,-0.3727,7.9494,0.0018,0.0499,0.0000,0.0000,7.9880,0.000100,0.999745,0.000000,0.000000,0.022573,0.0400,1,0,0,0.010926,-0.001142,0.011463
1171,1172.000,-0.3683,7.8998,0.0000,0.000544,-0.039831,0.000000,-0.3652,7.8963,-0.0040,0.0490,0.0000,0.0000,7.9482,0.000098,0.999750,0.000000,0.000000,0.022368,0.0729,1,0,0,-0.003122,0.011155,-0.017368
1172,1173.000,-0.3677,7.8599,0.0000,0.000550,-0.039832,0.000000,-0.3647,7.8410,-0.0001,0.0491,0.0000,0.0000,7.9083,0.000098,0.999742,0.000000,0.000000,0.022732,0.1058,1,0,0,-0.005177,0.010861,0.002128
1173,1174.000,-0.3672,7.8201,0.0000,0.000554,-0.039834,0.000000,-0.3610,7.8137,0.0081,0.0479,0.0000,0.0000,7.8685,0.000096,0.999733,0.000000,0.000000,0.023095,0.0737,1,0,0,-0.003823,0.016985,-0.001266
1174,1175.000,-0.3666,7.7803,0.0000,0.000562,-0.039835,0.000000,-0.3705,7.7828,0.0011,0.0496,0.0000,0.0000,7.8287,0.000099,0.999738,0.000000,0.000000,0.022892,0.0416,1,0,0,0.007973,-0.000478,-0.009711
1175,1176.000,-0.3661,7.7404,0.0000,0.000570,-0.039836,0.000000,-0.3698,7.7346,0.0000,0.0500,0.0000,0.0000,7.7889,0.000100,0.999743,0.000000,0.000000,0.022689,0.0745,1,0,0,0.023007,0.003085,0.010062
1176,1177.000,-0.3655,7.7006,0.0000,0.000575,-0.039837,0.000000,-0.3640,7.7141,-0.0004,0.0483,0.0000,0.0000,7.7491,0.000097,0.999734,0.000000,0.000000,0.023055,0.1074,1,0,0,0.008555,0.002957,0.001444
1177,1178.000,-0.3649,7.6608,0.0000,0.000585,-0.039839,0.000000,-0.3709,7.6809,-0.0002,0.0507,0.0000,0.0000,7.7093,0.000102,0.999726,0.000000,0.000000,0.023420,0.0753,1,0,0,0.011742,-0.007241,-0.007127
1178,1179.000,-0.3643,7.6209,0.0000,0.000591,-0.039840,0.000000,-0.3662,7.6392,-0.0070,0.0489,0.0000,0.0000,7.6694,0.000098,0.999730,0.000000,0.000000,0.023219,0.0432,1,0,0,-0.000872,0.005146,0.007163
1179,1180.000,-0.3637,7.5811,0.0000,0.000594,-0.039841,0.000000,-0.3538,7.5955,0.0037,0.0472,0.0000,0.0000,7.6296,0.000094,0.999735,0.000000,0.000000,0.023018,0.0761,1,0,0,0.014933,-0.014692,-0.006958
1180,1181.000,-0.3631,7.5412,0.0000,0.000598,-0.039843,0.000000,-0.3536,7.5768,0.0024,0.0478,0.0000,0.0000,7.5898,0.000096,0.999727,0.000000,0.000000,0.023385,0.1090,1,0,0,0.006714,0.014348,-0.014394
1181,1182.000,-0.3625,7.5014,0.0000,0.000606,-0.039844,0.000000,-0.3631,7.5141,0.0046,0.0499,0.0000,0.0000,7.5500,0.000100,0.999718,0.000000,0.000000,0.023752,0.0769,1,0,0,0.003224,0.008666,-0.001812
1182,1183.000,-0.3619,7.4615,0.0000,0.000613,-0.039845,0.000000,-0.3600,7.4754,0.0074,0.0494,0.0000,0.0000,7.5101,0.000099,0.999723,0.000000,0.000000,0.023553,0.0449,1,0,0,0.008996,0.009248,-0.010040
1183,1184.000,-0.3613,7.4217,0.0000,0.000621,-0.039847,0.000000,-0.3677,7.4300,0.0024,0.0500,0.0000,0.0000,7.4703,0.000100,0.999727,0.000000,0.000000,0.023353,0.0778,1,0,0,0.003374,0.008218,-0.008391
1184,1185.000,-0.3607,7.3818,0.0000,0.000630,-0.039848,0.000000,-0.3609,7.3902,0.0054,0.0499,0.0000,0.0000,7.4305,0.000100,0.999719,0.000000,0.000000,0.023722,0.1108,1,0,0,0.023081,0.006063,-0.007917
1185,1186.000,-0.3601,7.3420,0.0000,0.000637,-0.039850,0.000000,-0.3632,7.3496,-0.0128,0.0497,0.0000,0.0000,7.3907,0.000100,0.999710,0.000000,0.000000,0.024091,0.0787,1,0,0,0.005131,-0.001350,0.003556
1186,1187.000,-0.3594,7.3021,0.0000,0.000648,-0.039851,0.000000,-0.3662,7.3134,0.0071,0.0513,0.0000,0.0000,7.3508,0.000103,0.999714,0.000000,0.000000,0.023894,0.0466,1,0,0,0.007272,-0.002645,-0.009510
1187,1188.000,-0.3588,7.2623,0.0000,0.000657,-0.039853,0.000000,-0.3609,7.2718,-0.0060,0.0503,0.0000,0.0000,7.3110,0.000101,0.999719,0.000000,0.000000,0.023696,0.0795,1,0,0,-0.008604,0.006605,-0.015737
1188,1189.000,-0.3581,7.2224,0.0000,0.000665,-0.039854,0.000000,-0.3639,7.2344,0.0060,0.0497,0.0000,0.0000,7.2712,0.000099,0.999710,0.000000,0.000000,0.024067,0.1124,1,0,0,-0.008785,0.015609,0.000662
1189,1190.000,-0.3574,7.1826,0.0000,0.000673,-0.039856,0.000000,-0.3602,7.1782,0.0057,0.0497,0.0000,0.0000,7.2313,0.000099,0.999701,0.000000,0.000000,0.024438,0.0803,1,0,0,-0.016425,0.025142,0.007577
1190,1191.000,-0.3567,7.1427,0.0000,0.000679,-0.039857,0.000000,-0.3545,7.1434,0.0022,0.0487,0.0000,0.0000,7.1915,0.000097,0.999706,0.000000,0.000000,0.024242,0.0482,1,0,0,-0.020501,0.009840,0.005506
1191,1192.000,-0.3561,7.1029,0.0000,0.000685,-0.039859,0.000000,-0.3554,7.0997,0.0145,0.0490,0.0000,0.0000,7.1516,0.000098,0.999711,0.000000,0.000000,0.024047,0.0811,1,0,0,-0.002770,0.022156,0.003741
1192,1193.000,-0.3554,7.0630,0.0000,0.000693,-0.039860,0.000000,-0.3589,7.0680,0.0047,0.0498,0.0000,0.0000,7.1118,0.000100,0.999702,0.000000,0.000000,0.024419,0.1140,1,0,0,0.015433,0.010830,-0.006283
1193,1194.000,-0.3547,7.0232,0.0000,0.000703,-0.039862,0.000000,-0.3620,7.0207,0.0022,0.0509,0.0000,0.0000,7.0720,0.000102,0.999693,0.000000,0.000000,0.024792,0.0819,1,0,0,0.001702,0.014814,-0.019364
1194,1195.000,-0.3540,6.9833,0.0000,0.000706,-0.039864,0.000000,-0.3447,6.9932,0.0023,0.0471,0.0000,0.0000,7.0321,0.000094,0.999697,0.000000,0.000000,0.024598,0.0499,1,0,0,-0.000132,-0.015814,-0.026049
1195,1196.000,-0.3533,6.9434,0.0000,0.000718,-0.039865,0.000000,-0.3642,6.9562,-0.0045,0.0518,0.0000,0.0000,6.9923,0.000104,0.999702,0.000000,0.000000,0.024404,0.0828,1,0,0,0.007226,-0.004369,0.006989
1196,1197.000,-0.3525,6.9036,0.0000,0.000731,-0.039867,0.000000,-0.3663,6.9089,0.0064,0.0525,0.0000,0.0000,6.9524,0.000105,0.999693,0.000000,0.000000,0.024778,0.1158,1,0,0,0.014256,-0.000195,0.001720
1197,1198.000,-0.3518,6.8637,0.0000,0.000741,-0.039868,0.000000,-0.3587,6.8483,0.0083,0.0508,0.0000,0.0000,6.9126,0.000102,0.999684,0.000000,0.000000,0.025153,0.0837,1,0,0,0.003521,-0.001177,-0.001903
1198,1199.000,-0.3511,6.8238,0.0000,0.000748,-0.039870,0.000000,-0.3523,6.8174,-0.0008,0.0493,0.0000,0.0000,6.8727,0.000099,0.999688,0.000000,0.000000,0.024961,0.0516,1,0,0,0.004797,0.010318,0.001046
1199,1200.000,-0.3503,6.7840,0.0000,0.000753,-0.039872,0.000000,-0.3499,6.7773,-0.0015,0.0483,0.0000,0.0000,6.8328,0.000097,0.999693,0.000000,0.000000,0.024769,0.0845,1,0,0,-0.015046,0.012655,0.002848
1200,1201.000,-0.3496,6.7441,0.0000,0.000761,-0.039874,0.000000,-0.3496,6.7326,0.0126,0.0499,0.0000,0.0000,6.7930,0.000100,0.999684,0.000000,0.000000,0.025145,0.1174,1,0,0,-0.001588,-0.002692,-0.007053
1201,1202.000,-0.3488,6.7042,0.0000,0.000764,-0.039875,0.000000,-0.3383,6.6937,0.0014,0.0475,0.0000,0.0000,6.7531,0.000095,0.999674,0.000000,0.000000,0.025521,0.0853,1,0,0,0.005176,0.005370,-0.002999
1202,1203.000,-0.3480,6.6643,0.0000,0.000774,-0.039877,0.000000,-0.3533,6.6589,0.0103,0.0507,0.0000,0.0000,6.7133,0.000101,0.999679,0.000000,0.000000,0.025331,0.0533,1,0,0,0.013198,-0.002436,0.003283
1203,1204.000,-0.3472,6.6245,0.0000,0.000777,-0.039879,0.000000,-0.3371,6.6276,-0.0013,0.0476,0.0000,0.0000,6.6734,0.000095,0.999684,0.000000,0.000000,0.025141,0.0863,1,0,0,-0.006418,-0.007651,-0.006055
1204,1205.000,-0.3465,6.5846,0.0000,0.000789,-0.039881,0.000000,-0.3508,6.5933,0.0118,0.0514,0.0000,0.0000,6.6335,0.000103,0.999674,0.000000,0.000000,0.025519,0.1194,1,0,0,0.003450,0.011613,-0.021454
1205,1206.000,-0.3457,6.5447,0.0000,0.000792,-0.039882,0.000000,-0.3393,6.5659,0.0013,0.0476,0.0000,0.0000,6.5937,0.000095,0.999665,0.000000,0.000000,0.025898,0.0874,1,0,0,-0.009814,0.007470,0.002950
1206,1207.000,-0.3449,6.5048,0.0000,0.000803,-0.039884,0.000000,-0.3514,6.5296,-0.0021,0.0511,0.0000,0.0000,6.5538,0.000102,0.999669,0.000000,0.000000,0.025710,0.0554,1,0,0,-0.000990,-0.011948,0.013522
1207,1208.000,-0.3441,6.4649,0.0000,0.000809,-0.039886,0.000000,-0.3397,6.4808,-0.0068,0.0489,0.0000,0.0000,6.5139,0.000098,0.999674,0.000000,0.000000,0.025522,0.0884,1,0,0,-0.008244,0.004116,-0.005600
1208,1209.000,-0.3433,6.4250,0.0000,0.000815,-0.039888,0.000000,-0.3413,6.4270,0.0065,0.0490,0.0000,0.0000,6.4741,0.000098,0.999664,0.000000,0.000000,0.025903,0.1215,1,0,0,-0.000324,0.002762,-0.008838
1209,1210.000,-0.3424,6.3851,0.0000,0.000822,-0.039890,0.000000,-0.3387,6.3819,0.0029,0.0490,0.0000,0.0000,6.4342,0.000098,0.999655,0.000000,0.000000,0.026283,0.0896,1,0,0,0.002045,0.015365,-0.011360
1210,1211.000,-0.3416,6.3453,0.0000,0.000830,-0.039892,0.000000,-0.3465,6.3415,0.0023,0.0501,0.0000,0.0000,6.3943,0.000100,0.999659,0.000000,0.000000,0.026098,0.0577,1,0,0,0.006119,-0.003773,0.004032
1211,1212.000,-0.3408,6.3054,0.0000,0.000836,-0.039893,0.000000,-0.3379,6.2989,0.0021,0.0486,0.0000,0.0000,6.3544,0.000097,0.999664,0.000000,0.000000,0.025913,0.0907,1,0,0,-0.004455,-0.001098,-0.002864
1212,1213.000,-0.3399,6.2655,0.0000,0.000842,-0.039895,0.000000,-0.3348,6.2592,-0.0005,0.0488,0.0000,0.0000,6.3146,0.000098,0.999654,0.000000,0.000000,0.026296,0.1239,1,0,0,0.000788,0.004004,-0.001369
1213,1214.000,-0.3391,6.2256,0.0000,0.000845,-0.039897,0.000000,-0.3307,6.2285,0.0076,0.0475,0.0000,0.0000,6.2747,0.000095,0.999644,0.000000,0.000000,0.026679,0.0920,1,0,0,0.011702,-0.015989,-0.002004
1214,1215.000,-0.3383,6.1857,0.0000,0.000850,-0.039899,0.000000,-0.3295,6.1733,-0.0050,0.0484,0.0000,0.0000,6.2348,0.000097,0.999649,0.000000,0.000000,0.026497,0.0602,1,0,0,0.005011,0.004953,-0.000120
1215,1216.000,-0.3374,6.1458,0.0000,0.000862,-0.039901,0.000000,-0.3386,6.1403,-0.0036,0.0517,0.0000,0.0000,6.1949,0.000103,0.999654,0.000000,0.000000,0.026314,0.0934,1,0,0,0.002060,-0.009461,-0.013033
1216,1217.000,-0.3365,6.1059,0.0000,0.000870,-0.039903,0.000000,-0.3389,6.0881,-0.0020,0.0499,0.0000,0.0000,6.1550,0.000100,0.999643,0.000000,0.000000,0.026700,0.1266,1,0,0,-0.012964,-0.006577,0.004382
1217,1218.000,-0.3357,6.0660,0.0000,0.000880,-0.039905,0.000000,-0.3397,6.0461,-0.0041,0.0512,0.0000,0.0000,6.1151,0.000102,0.999633,0.000000,0.000000,0.027086,0.0947,1,0,0,0.017422,-0.001974,0.001929
1218,1219.000,-0.3348,6.0261,0.0000,0.000885,-0.039907,0.000000,-0.3270,6.0263,-0.0034,0.0483,0.0000,0.0000,6.0752,0.000097,0.999638,0.000000,0.000000,0.026907,0.0629,1,0,0,-0.010792,-0.010268,0.004585
1219,1220.000,-0.3339,5.9862,0.0000,0.000899,-0.039909,0.000000,-0.3453,5.9949,0.0007,0.0528,0.0000,0.0000,6.0354,0.000106,0.999643,0.000000,0.000000,0.026727,0.0961,1,0,0,-0.007915,0.007208,0.002336
1220,1221.000,-0.3330,5.9462,0.0000,0.000905,-0.039911,0.000000,-0.3302,5.9339,0.0014,0.0485,0.0000,0.0000,5.9955,0.000097,0.999632,0.000000,0.000000,0.027116,0.1293,1,0,0,0.007185,-0.003117,-0.006102
1221,1222.000,-0.3321,5.9063,0.0000,0.000913,-0.039913,0.000000,-0.3302,5.8867,-0.0054,0.0501,0.0000,0.0000,5.9556,0.000100,0.999622,0.000000,0.000000,0.027506,0.0974,1,0,0,-0.011480,-0.017214,-0.002115
1222,1223.000,-0.3312,5.8664,0.0000,0.000922,-0.039915,0.000000,-0.3282,5.8555,-0.0025,0.0502,0.0000,0.0000,5.9157,0.000100,0.999626,0.000000,0.000000,0.027329,0.0656,1,0,0,-0.008846,0.018353,0.021275
1223,1224.000,-0.3302,5.8265,0.0000,0.000933,-0.039917,0.000000,-0.3351,5.8249,0.0061,0.0513,0.0000,0.0000,5.8758,0.000103,0.999631,0.000000,0.000000,0.027152,0.0988,1,0,0,-0.007734,0.001548,-0.003156
1224,1225.000,-0.3293,5.7866,0.0000,0.000940,-0.039919,0.000000,-0.3249,5.7683,-0.0040,0.0495,0.0000,0.0000,5.8359,0.000099,0.999621,0.000000,0.000000,0.027544,0.1321,1,0,0,-0.006424,-0.008043,0.005200
1225,1226.000,-0.3283,5.7467,0.0000,0.000948,-0.039922,0.000000,-0.3261,5.7208,-0.0025,0.0499,0.0000,0.0000,5.7959,0.000100,0.999610,0.000000,0.000000,0.027937,0.1002,1,0,0,-0.007651,0.005255,0.026684
1226,1227.000,-0.3274,5.7067,0.0000,0.000958,-0.039924,0.000000,-0.3289,5.6941,0.0002,0.0507,0.0000,0.0000,5.7560,0.000101,0.999615,0.000000,0.000000,0.027763,0.0684,1,0,0,-0.017847,-0.027524,-0.012771
1227,1228.000,-0.3264,5.6668,0.0000,0.000968,-0.039926,0.000000,-0.3286,5.6549,-0.0023,0.0507,0.0000,0.0000,5.7161,0.000101,0.999619,0.000000,0.000000,0.027589,0.1016,1,0,0,-0.003969,-0.014178,-0.002306
1228,1229.000,-0.3255,5.6269,0.0000,0.000977,-0.039928,0.000000,-0.3267,5.6213,-0.0018,0.0505,0.0000,0.0000,5.6762,0.000101,0.999608,0.000000,0.000000,0.027984,0.1349,1,0,0,0.011234,-0.000393,0.009682
1229,1230.000,-0.3245,5.5870,0.0000,0.000985,-0.039930,0.000000,-0.3213,5.5793,0.0104,0.0499,0.0000,0.0000,5.6363,0.000100,0.999597,0.000000,0.000000,0.028380,0.1031,1,0,0,-0.003307,-0.006483,0.017888
1230,1231.000,-0.3235,5.5470,0.0000,0.000991,-0.039933,0.000000,-0.3186,5.5593,0.0023,0.0489,0.0000,0.0000,5.5964,0.000098,0.999602,0.000000,0.000000,0.028209,0.0713,1,0,0,0.014901,-0.000973,-0.003292
1231,1232.000,-0.3225,5.5071,0.0000,0.001002,-0.039935,0.000000,-0.3230,5.5177,0.0055,0.0511,0.0000,0.0000,5.5565,0.000102,0.999607,0.000000,0.000000,0.028039,0.1046,1,0,0,-0.012904,-0.012272,-0.004938
1232,1233.000,-0.3215,5.4672,0.0000,0.001011,-0.039937,0.000000,-0.3230,5.4821,-0.0002,0.0504,0.0000,0.0000,5.5165,0.000101,0.999596,0.000000,0.000000,0.028437,0.1379,1,0,0,-0.007043,-0.009896,0.000967
1233,1234.000,-0.3205,5.4272,0.0000,0.001021,-0.039939,0.000000,-0.3179,5.4127,-0.0034,0.0508,0.0000,0.0000,5.4766,0.000102,0.999584,0.000000,0.000000,0.028836,0.1062,1,0,0,-0.007147,0.021098,-0.004304
1234,1235.000,-0.3194,5.3873,0.0000,0.001026,-0.039942,0.000000,-0.3104,5.3691,-0.0041,0.0484,0.0000,0.0000,5.4367,0.000097,0.999589,0.000000,0.000000,0.028669,0.0745,1,0,0,-0.006933,-0.012206,-0.012115
1235,1236.000,-0.3184,5.3473,0.0000,0.001035,-0.039944,0.000000,-0.3130,5.3485,-0.0024,0.0503,0.0000,0.0000,5.3967,0.000101,0.999594,0.000000,0.000000,0.028502,0.1078,1,0,0,0.000141,-0.003691,0.002242
1236,1237.000,-0.3174,5.3074,0.0000,0.001040,-0.039946,0.000000,-0.3084,5.3053,0.0019,0.0484,0.0000,0.0000,5.3568,0.000097,0.999582,0.000000,0.000000,0.028904,0.1412,1,0,0,-0.000445,-0.003432,-0.015528
1237,1238.000,-0.3163,5.2674,0.0000,0.001051,-0.039949,0.000000,-0.3179,5.2676,-0.0055,0.0513,0.0000,0.0000,5.3169,0.000103,0.999570,0.000000,0.000000,0.029306,0.1096,1,0,0,-0.000168,0.006762,-0.013261
1238,1239.000,-0.3153,5.2275,0.0000,0.001053,-0.039951,0.000000,-0.3037,5.2190,0.0037,0.0472,0.0000,0.0000,5.2769,0.000094,0.999575,0.000000,0.000000,0.029143,0.0780,1,0,0,0.005138,-0.020416,0.001600
1239,1240.000,-0.3142,5.1875,0.0000,0.001058,-0.039954,0.000000,-0.3089,5.1959,-0.0057,0.0484,0.0000,0.0000,5.2370,0.000097,0.999580,0.000000,0.000000,0.028980,0.1114,1,0,0,-0.011387,-0.004277,-0.013128
1240,1241.000,-0.3132,5.1476,0.0000,0.001065,-0.039956,0.000000,-0.3108,5.1574,-0.0059,0.0490,0.0000,0.0000,5.1970,0.000098,0.999568,0.000000,0.000000,0.029386,0.1451,1,0,0,-0.000201,-0.012073,-0.004250
1241,1242.000,-0.3121,5.1076,0.0000,0.001076,-0.039958,0.000000,-0.3072,5.1179,-0.0031,0.0514,0.0000,0.0000,5.1571,0.000103,0.999556,0.000000,0.000000,0.029792,0.1135,1,0,0,0.006068,-0.008488,-0.011213
1242,1243.000,-0.3110,5.0677,0.0000,0.001081,-0.039961,0.000000,-0.3030,5.0753,-0.0010,0.0484,0.0000,0.0000,5.1172,0.000097,0.999561,0.000000,0.000000,0.029633,0.0822,1,0,0,-0.001863,-0.007376,0.002640
1243,1244.000,-0.3099,5.0277,0.0000,0.001091,-0.039963,0.000000,-0.3097,5.0274,0.0036,0.0511,0.0000,0.0000,5.0772,0.000102,0.999566,0.000000,0.000000,0.029475,0.1157,1,0,0,0.000068,-0.020947,0.020887
1244,1245.000,-0.3088,4.9877,0.0000,0.001108,-0.039966,0.000000,-0.3139,4.9973,0.0086,0.0542,0.0000,0.0000,5.0372,0.000108,0.999553,0.000000,0.000000,0.029886,0.1494,1,0,0,-0.002718,-0.005933,0.007206
1245,1246.000,-0.3077,4.9478,0.0000,0.001116,-0.039968,0.000000,-0.3063,4.9504,0.0001,0.0498,0.0000,0.0000,4.9973,0.000100,0.999541,0.000000,0.000000,0.030297,0.1179,1,0,0,0.011467,0.015077,-0.009351
1246,1247.000,-0.3066,4.9078,0.0000,0.001127,-0.039971,0.000000,-0.3041,4.9059,0.0049,0.0514,0.0000,0.0000,4.9573,0.000103,0.999546,0.000000,0.000000,0.030143,0.0865,1,0,0,0.018408,-0.008278,-0.009810
1247,1248.000,-0.3055,4.8678,0.0000,0.001142,-0.039973,0.000000,-0.3081,4.8509,0.0120,0.0531,0.0000,0.0000,4.9174,0.000106,0.999550,0.000000,0.000000,0.029989,0.1200,1,0,0,-0.010355,-0.009539,-0.008701
1248,1249.000,-0.3043,4.8279,0.0000,0.001154,-0.039976,0.000000,-0.3030,4.8209,-0.0036,0.0521,0.0000,0.0000,4.8774,0.000104,0.999538,0.000000,0.000000,0.030405,0.1536,1,0,0,0.000505,-0.008503,-0.001182
1249,1250.000,-0.3032,4.7879,0.0000,0.001165,-0.039979,0.000000,-0.3007,4.7805,0.0008,0.0511,0.0000,0.0000,4.8374,0.000102,0.999525,0.000000,0.000000,0.030820,0.1221,1,0,0,-0.000983,0.004563,0.006685
1250,1251.000,-0.3020,4.7479,0.0000,0.001175,-0.039971,0.000000,-0.3004,4.7504,0.0019,0.0508,0.0051,0.0000,4.7975,0.000102,0.999530,0.000000,0.000000,0.030671,0.0906,1,0,0,-0.004321,0.003725,-0.004848
1251,1252.000,-0.3008,4.7079,0.0000,0.001184,-0.039974,0.000000,-0.2993,4.7126,0.0002,0.0503,0.0000,0.0000,4.7575,0.000101,0.999534,0.000000,0.000000,0.030521,0.1241,1,0,0,-0.002789,-0.009551,-0.009021
1252,1253.000,-0.2996,4.6680,0.0000,0.001193,-0.039977,0.000000,-0.2997,4.6626,0.0108,0.0505,0.0000,0.0000,4.7175,0.000101,0.999521,0.000000,0.000000,0.030941,0.1578,1,0,0,0.005120,0.004682,0.022562
1253,1254.000,-0.2984,4.6280,0.0000,0.001206,-0.039969,0.000000,-0.3016,4.6148,-0.0003,0.0524,0.0052,0.0000,4.6776,0.000105,0.999508,0.000000,0.000000,0.031362,0.1263,1,0,0,0.000332,0.000336,-0.000157
1254,1255.000,-0.2972,4.5880,0.0000,0.001216,-0.039972,0.000000,-0.2914,4.5757,-0.0036,0.0505,0.0000,0.0000,4.6376,0.000101,0.999513,0.000000,0.000000,0.031217,0.0950,1,0,0,0.011109,0.010587,0.000699
1255,1256.000,-0.2960,4.5480,0.0000,0.001226,-0.039974,0.000000,-0.2930,4.5405,-0.0036,0.0509,0.0000,0.0000,4.5976,0.000102,0.999517,0.000000,0.000000,0.031072,0.1286,1,0,0,0.015071,-0.005121,-0.012641
1256,1257.000,-0.2948,4.5081,0.0000,0.001236,-0.039967,0.000000,-0.2930,4.4977,-0.0026,0.0511,0.0051,0.0000,4.5577,0.000103,0.999504,0.000000,0.000000,0.031497,0.1623,1,0,0,-0.009654,0.004472,0.007898
1257,1258.000,-0.2935,4.4681,0.0000,0.001245,-0.039970,0.000000,-0.2866,4.4589,-0.0015,0.0504,0.0000,0.0000,4.5177,0.000101,0.999490,0.000000,0.000000,0.031922,0.1309,1,0,0,-0.013935,-0.003225,-0.006687
1258,1259.000,-0.2923,4.4281,0.0000,0.001261,-0.039962,0.000000,-0.2936,4.4259,0.0088,0.0534,0.0052,0.0000,4.4777,0.000107,0.999495,0.000000,0.000000,0.031783,0.0997,1,0,0,-0.005461,0.000744,-0.002288
1259,1260.000,-0.2910,4.3882,0.0000,0.001272,-0.039965,0.000000,-0.2899,4.3887,0.0021,0.0518,0.0000,0.0000,4.4378,0.000104,0.999499,0.000000,0.000000,0.031643,0.1334,1,0,0,0.012856,-0.001358,-0.003579
1260,1261.000,-0.2897,4.3482,0.0000,0.001284,-0.039968,0.000000,-0.2883,4.3636,-0.0057,0.0517,0.0000,0.0000,4.3978,0.000104,0.999486,0.000000,0.000000,0.032074,0.1672,1,0,0,0.024173,0.001465,-0.014326
1261,1262.000,-0.2884,4.3082,0.0000,0.001299,-0.039960,0.000000,-0.2928,4.3302,0.0096,0.0533,0.0052,0.0000,4.3578,0.000107,0.999472,0.000000,0.000000,0.032504,0.1359,1,0,0,-0.013403,0.013510,-0.018620
1262,1263.000,-0.2871,4.2683,0.0000,0.001311,-0.039963,0.000000,-0.2825,4.2702,-0.0021,0.0519,0.0000,0.0000,4.3179,0.000104,0.999476,0.000000,0.000000,0.032370,0.1047,1,0,0,0.014836,0.007669,-0.005706
1263,1264.000,-0.2858,4.2283,0.0000,0.001329,-0.039956,0.000000,-0.2910,4.2153,0.0033,0.0546,0.0052,0.0000,4.2779,0.000110,0.999480,0.000000,0.000000,0.032236,0.1384,1,0,0,0.004702,-0.010237,0.001523
1264,1265.000,-0.2845,4.1884,0.0000,0.001347,-0.039959,0.000000,-0.2894,4.1833,0.0035,0.0545,0.0000,0.0000,4.2380,0.000109,0.999466,0.000000,0.000000,0.032672,0.1722,1,0,0,-0.003813,-0.001853,0.007784
1265,1266.000,-0.2831,4.1484,0.0000,0.001360,-0.039962,0.000000,-0.2822,4.1502,-0.0046,0.0524,0.0000,0.0000,4.1980,0.000105,0.999452,0.000000,0.000000,0.033107,0.1408,1,0,0,-0.004674,0.000302,-0.015661
1266,1267.000,-0.2817,4.1084,0.0000,0.001369,-0.039965,0.000000,-0.2795,4.1059,-0.0035,0.0502,0.0000,0.0000,4.1581,0.000100,0.999456,0.000000,0.000000,0.032979,0.1095,1,0,0,0.006249,-0.017612,-0.010722
1267,1268.000,-0.2804,4.0685,0.0000,0.001381,-0.039958,0.000000,-0.2809,4.0706,-0.0070,0.0518,0.0053,0.0000,4.1181,0.000104,0.999460,0.000000,0.000000,0.032850,0.1432,1,0,0,-0.011902,-0.006790,0.004070
1268,1269.000,-0.2790,4.0285,0.0000,0.001388,-0.039961,0.000000,-0.2739,4.0393,-0.0080,0.0496,0.0000,0.0000,4.0781,0.000099,0.999446,0.000000,0.000000,0.033291,0.1771,1,0,0,-0.014186,0.010392,0.009652
1269,1270.000,-0.2776,3.9886,0.0000,0.001402,-0.039954,0.000000,-0.2805,3.9969,0.0047,0.0528,0.0052,0.0000,4.0382,0.000106,0.999431,0.000000,0.000000,0.033732,0.1459,1,0,0,-0.001866,0.010493,-0.008483
1270,1271.000,-0.2762,3.9486,0.0000,0.001414,-0.039936,0.000000,-0.2763,3.9372,0.0007,0.0516,0.0103,0.0000,3.9982,0.000105,0.999435,0.000000,0.000000,0.033609,0.1150,1,0,0,0.006980,0.017255,0.014302
1271,1272.000,-0.2748,3.9087,0.0000,0.001427,-0.039904,0.000000,-0.2808,3.9201,-0.0021,0.0523,0.0177,0.0000,3.9583,0.000110,0.999439,0.000000,0.000000,0.033486,0.1489,1,0,0,-0.003665,0.009503,-0.011926
1272,1273.000,-0.2733,3.8688,0.0000,0.001433,-0.039835,0.000000,-0.2713,3.8703,0.0027,0.0488,0.0360,0.0000,3.9183,0.000121,0.999424,0.000000,0.000000,0.033934,0.1830,1,0,0,-0.008506,-0.006642,-0.004963
1273,1274.000,-0.2719,3.8290,0.0000,0.001443,-0.039738,0.000000,-0.2757,3.8273,0.0005,0.0502,0.0503,0.0000,3.8785,0.000142,0.999409,0.000000,0.000000,0.034381,0.1519,1,0,0,-0.015178,0.001662,0.005135
1274,1275.000,-0.2704,3.7894,0.0000,0.001446,-0.039616,0.000000,-0.2673,3.7910,-0.0047,0.0472,0.0624,0.0000,3.8387,0.000157,0.999413,0.000000,0.000000,0.034265,0.1210,1,0,0,-0.025510,0.001735,-0.008497
1275,1276.000,-0.2690,3.7498,0.0000,0.001453,-0.039467,0.000000,-0.2708,3.7482,0.0026,0.0486,0.0763,0.0000,3.7990,0.000181,0.999417,0.000000,0.000000,0.034149,0.1550,1,0,0,0.009366,0.010089,0.002521
1276,1277.000,-0.2675,3.7104,0.0000,0.001462,-0.039296,0.000000,-0.2760,3.7068,-0.0031,0.0495,0.0869,0.0000,3.7595,0.000200,0.999401,0.000000,0.000000,0.034603,0.1892,1,0,0,-0.002146,-0.016888,-0.004329
1277,1278.000,-0.2661,3.6712,0.0000,0.001462,-0.039105,0.000000,-0.2638,3.6648,0.0016,0.0451,0.0971,0.0000,3.7201,0.000214,0.999385,0.000000,0.000000,0.035057,0.1581,1,0,0,0.007362,-0.021154,-0.013449
1278,1279.000,-0.2646,3.6322,0.0000,0.001464,-0.038888,0.000000,-0.2672,3.6100,-0.0083,0.0456,0.1103,0.0000,3.6809,0.000239,0.999389,0.000000,0.000000,0.034948,0.1272,1,0,0,0.006689,0.010553,0.012606
1279,1280.000,-0.2631,3.5935,0.0000,0.001466,-0.038670,0.000000,-0.2640,3.5918,-0.0035,0.0455,0.1106,0.0000,3.6419,0.000239,0.999393,0.000000,0.000000,0.034838,0.1612,1,0,0,0.004858,0.003812,0.009482
1280,1281.000,-0.2617,3.5549,0.0000,0.001463,-0.038428,0.000000,-0.2574,3.5421,0.0068,0.0426,0.1226,0.0000,3.6031,0.000260,0.999377,0.000000,0.000000,0.035299,0.1953,1,0,0,-0.008285,-0.027579,0.017433
1281,1282.000,-0.2602,3.5166,0.0000,0.001459,-0.038183,0.000000,-0.2586,3.5172,-0.0014,0.0422,0.1241,0.0000,3.5645,0.000262,0.999360,0.000000,0.000000,0.035760,0.1642,1,0,0,-0.012908,0.008739,-0.015253
1282,1283.000,-0.2588,3.4786,0.0000,0.001463,-0.037940,0.000000,-0.2664,3.4919,0.0008,0.0454,0.1227,0.0000,3.5262,0.000262,0.999364,0.000000,0.000000,0.035657,0.1334,1,0,0,-0.000266,-0.008514,0.013294
1283,1284.000,-0.2573,3.4407,0.0000,0.001462,-0.037674,0.000000,-0.2590,3.4444,-0.0031,0.0427,0.1348,0.0000,3.4882,0.000283,0.999368,0.000000,0.000000,0.035554,0.1674,1,0,0,0.006262,0.002256,-0.012915
1284,1285.000,-0.2558,3.4032,0.0000,0.001459,-0.037394,0.000000,-0.2561,3.3968,-0.0040,0.0416,0.1414,0.0000,3.4504,0.000295,0.999351,0.000000,0.000000,0.036022,0.2015,1,0,0,-0.009861,-0.000503,-0.017342
1285,1286.000,-0.2544,3.3660,0.0000,0.001454,-0.037105,0.000000,-0.2524,3.3614,0.0026,0.0402,0.1462,0.0000,3.4128,0.000304,0.999334,0.000000,0.000000,0.036490,0.1705,1,0,0,0.008541,0.014201,0.009812
1286,1287.000,-0.2529,3.3290,0.0000,0.001450,-0.036815,0.000000,-0.2524,3.3287,-0.0045,0.0403,0.1463,0.0000,3.3756,0.000304,0.999338,0.000000,0.000000,0.036394,0.1396,1,0,0,0.004601,0.009705,0.031341
1287,1288.000,-0.2515,3.2923,0.0000,0.001444,-0.036519,0.000000,-0.2505,3.2970,-0.0067,0.0393,0.1494,0.0000,3.3386,0.000309,0.999341,0.000000,0.000000,0.036298,0.1735,1,0,0,0.012876,-0.003665,0.002558
1288,1289.000,-0.2500,3.2560,0.0000,0.001440,-0.036214,0.000000,-0.2501,3.2576,0.0060,0.0394,0.1543,0.0000,3.3019,0.000319,0.999324,0.000000,0.000000,0.036772,0.2077,1,0,0,-0.002936,0.005743,-0.002703
1289,1290.000,-0.2486,3.2199,0.0000,0.001435,-0.035909,0.000000,-0.2478,3.2266,0.0095,0.0387,0.1543,0.0000,3.2656,0.000318,0.999306,0.000000,0.000000,0.037247,0.1767,1,0,0,0.011345,-0.012992,-0.009855
1290,1291.000,-0.2472,3.1842,0.0000,0.001431,-0.035594,0.000000,-0.2485,3.1825,0.0021,0.0392,0.1589,0.0000,3.2295,0.000328,0.999309,0.000000,0.000000,0.037157,0.1459,1,0,0,0.002228,0.014290,-0.012761
1291,1292.000,-0.2457,3.1487,0.0000,0.001426,-0.035284,0.000000,-0.2439,3.1564,-0.0047,0.0379,0.1565,0.0000,3.1937,0.000322,0.999313,0.000000,0.000000,0.037068,0.1798,1,0,0,0.018554,-0.003845,-0.005521
1292,1293.000,-0.2443,3.1136,0.0000,0.001422,-0.034978,0.000000,-0.2432,3.1291,0.0012,0.0383,0.1543,0.0000,3.1583,0.000318,0.999295,0.000000,0.000000,0.037549,0.2140,1,0,0,-0.005620,-0.008601,-0.006798
1293,1294.000,-0.2429,3.0788,0.0000,0.001418,-0.034659,0.000000,-0.2423,3.0853,0.0076,0.0383,0.1613,0.0000,3.1232,0.000332,0.999277,0.000000,0.000000,0.038031,0.1829,1,0,0,0.012325,0.002828,-0.013091
1294,1295.000,-0.2415,3.0443,0.0000,0.001413,-0.034331,0.000000,-0.2414,3.0461,-0.0006,0.0366,0.1654,0.0000,3.0883,0.000339,0.999280,0.000000,0.000000,0.037948,0.1520,1,0,0,0.003046,-0.000840,0.010268
1295,1296.000,-0.2401,3.0101,0.0000,0.001411,-0.033999,0.000000,-0.2428,3.0081,-0.0056,0.0383,0.1673,0.0000,3.0538,0.000343,0.999283,0.000000,0.000000,0.037866,0.1859,1,0,0,-0.003708,-0.000124,0.005273
1296,1297.000,-0.2387,2.9763,0.0000,0.001409,-0.033669,0.000000,-0.2418,2.9770,0.0009,0.0378,0.1667,0.0000,3.0197,0.000342,0.999264,0.000000,0.000000,0.038353,0.2199,1,0,0,0.009406,0.002342,0.018266
1297,1298.000,-0.2373,2.9428,0.0000,0.001407,-0.033351,0.000000,-0.2426,2.9536,0.0050,0.0372,0.1606,0.0000,2.9858,0.000330,0.999245,0.000000,0.000000,0.038841,0.1886,1,0,0,-0.013453,-0.000321,-0.004262
1298,1299.000,-0.2359,2.9096,0.0000,0.001401,-0.033022,0.000000,-0.2380,2.9122,-0.0039,0.0353,0.1659,0.0000,2.9523,0.000339,0.999248,0.000000,0.000000,0.038765,0.1574,1,0,0,0.006307,-0.028869,-0.001883
1299,1300.000,-0.2345,2.8767,0.0000,0.001396,-0.032690,0.000000,-0.2324,2.8781,0.0019,0.0350,0.1672,0.0000,2.9191,0.000342,0.999251,0.000000,0.000000,0.038688,0.1911,1,0,0,0.014139,-0.002471,0.002412
1300,1301.000,-0.2331,2.8442,0.0000,0.001391,-0.032357,0.000000,-0.2328,2.8440,-0.0032,0.0348,0.1682,0.0000,2.8863,0.000344,0.999232,0.000000,0.000000,0.039181,0.2249,1,0,0,-0.006195,-0.005536,0.001574
1301,1302.000,-0.2317,2.8120,0.0000,0.001388,-0.032020,0.000000,-0.2329,2.8076,-0.0004,0.0354,0.1697,0.0000,2.8537,0.000347,0.999213,0.000000,0.000000,0.039674,0.1935,1,0,0,0.011944,-0.002710,0.009537
1302,1303.000,-0.2303,2.7802,0.0000,0.001382,-0.031689,0.000000,-0.2333,2.7809,-0.0003,0.0339,0.1670,0.0000,2.8215,0.000341,0.999215,0.000000,0.000000,0.039603,0.1622,1,0,0,-0.008733,0.005683,-0.013002
1303,1304.000,-0.2289,2.7486,0.0000,0.001376,-0.031356,0.000000,-0.2288,2.7417,-0.0063,0.0330,0.1682,0.0000,2.7897,0.000343,0.999218,0.000000,0.000000,0.039532,0.1958,1,0,0,0.001267,0.004927,0.005695
1304,1305.000,-0.2275,2.7174,0.0000,0.001371,-0.031020,0.000000,-0.2253,2.7057,-0.0030,0.0333,0.1694,0.0000,2.7581,0.000345,0.999198,0.000000,0.000000,0.040030,0.2295,1,0,0,0.008180,-0.029759,-0.010308
1305,1306.000,-0.2262,2.6866,0.0000,0.001363,-0.030693,0.000000,-0.2277,2.6875,0.0006,0.0316,0.1647,0.0000,2.7270,0.000336,0.999178,0.000000,0.000000,0.040528,0.1980,1,0,0,0.000839,0.015266,-0.020054
1306,1307.000,-0.2248,2.6561,0.0000,0.001363,-0.030376,0.000000,-0.2297,2.6649,0.0043,0.0347,0.1602,0.0000,2.6961,0.000328,0.999181,0.000000,0.000000,0.040461,0.1666,1,0,0,0.004027,0.004383,0.012933
1307,1308.000,-0.2234,2.6258,0.0000,0.001358,-0.030048,0.000000,-0.2204,2.6154,-0.0023,0.0320,0.1654,0.0000,2.6655,0.000337,0.999184,0.000000,0.000000,0.040395,0.2001,1,0,0,-0.007363,0.003761,0.002024
1308,1309.000,-0.2221,2.5960,0.0000,0.001351,-0.029721,0.000000,-0.2190,2.5885,-0.0016,0.0310,0.1649,0.0000,2.6353,0.000336,0.999163,0.000000,0.000000,0.040897,0.2337,1,0,0,-0.007255,0.017366,0.002264
1309,1310.000,-0.2207,2.5664,0.0000,0.001344,-0.029397,0.000000,-0.2206,2.5615,-0.0008,0.0303,0.1635,0.0000,2.6054,0.000333,0.999143,0.000000,0.000000,0.041400,0.2020,1,0,0,-0.006712,0.016434,-0.001621
1310,1311.000,-0.2194,2.5372,0.0000,0.001338,-0.029079,0.000000,-0.2165,2.5355,-0.0019,0.0306,0.1603,0.0000,2.5759,0.000327,0.999145,0.000000,0.000000,0.041338,0.1706,1,0,0,-0.009207,0.002729,0.002792
1311,1312.000,-0.2181,2.5082,0.0000,0.001329,-0.028768,0.000000,-0.2089,2.5140,-0.0014,0.0287,0.1569,0.0000,2.5466,0.000319,0.999148,0.000000,0.000000,0.041276,0.2040,1,0,0,0.003876,0.009347,-0.011571
1312,1313.000,-0.2167,2.4796,0.0000,0.001330,-0.028451,0.000000,-0.2196,2.4792,0.0024,0.0333,0.1599,0.0000,2.5177,0.000327,0.999127,0.000000,0.000000,0.041783,0.2377,1,0,0,-0.000435,0.008808,-0.017778
1313,1314.000,-0.2154,2.4513,0.0000,0.001328,-0.028139,0.000000,-0.2197,2.4479,-0.0049,0.0318,0.1577,0.0000,2.4891,0.000322,0.999105,0.000000,0.000000,0.042290,0.2061,1,0,0,-0.008336,0.012904,-0.014139
1314,1315.000,-0.2141,2.4233,0.0000,0.001323,-0.027821,0.000000,-0.2149,2.4108,-0.0002,0.0297,0.1601,0.0000,2.4608,0.000326,0.999108,0.000000,0.000000,0.042232,0.1745,1,0,0,-0.000896,-0.004508,0.001886
1315,1316.000,-0.2128,2.3957,0.0000,0.001320,-0.027516,0.000000,-0.2116,2.3944,0.0019,0.0299,0.1539,0.0000,2.4328,0.000314,0.999110,0.000000,0.000000,0.042174,0.2077,1,0,0,-0.012786,-0.017083,-0.028503
1316,1317.000,-0.2114,2.3683,0.0000,0.001314,-0.027218,0.000000,-0.2111,2.3729,-0.0012,0.0284,0.1506,0.0000,2.4051,0.000307,0.999089,0.000000,0.000000,0.042685,0.2410,1,0,0,0.001520,0.007325,0.006548
1317,1318.000,-0.2101,2.3412,0.0000,0.001309,-0.026917,0.000000,-0.2095,2.3418,0.0032,0.0286,0.1518,0.0000,2.3777,0.000309,0.999067,0.000000,0.000000,0.043195,0.2091,1,0,0,-0.004415,0.020871,0.001163
1318,1319.000,-0.2088,2.3145,0.0000,0.001307,-0.026614,0.000000,-0.2107,2.3085,-0.0039,0.0300,0.1530,0.0000,2.3507,0.000312,0.999069,0.000000,0.000000,0.043140,0.1774,1,0,0,-0.015659,0.008767,0.003924
1319,1320.000,-0.2075,2.2880,0.0000,0.001306,-0.026327,0.000000,-0.2147,2.2981,-0.0018,0.0296,0.1446,0.0000,2.3239,0.000295,0.999071,0.000000,0.000000,0.043086,0.2106,1,0,0,-0.009580,-0.007002,0.002895
1320,1321.000,-0.2062,2.2618,0.0000,0.001302,-0.026032,0.000000,-0.2121,2.2576,-0.0014,0.0284,0.1489,0.0000,2.2974,0.000303,0.999049,0.000000,0.000000,0.043599,0.2437,1,0,0,0.019643,-0.016865,0.005577
1321,1322.000,-0.2049,2.2359,0.0000,0.001300,-0.025750,0.000000,-0.2056,2.2457,0.0024,0.0284,0.1424,0.0000,2.2712,0.000291,0.999027,0.000000,0.000000,0.044113,0.2117,1,0,0,-0.001400,0.001084,0.009842
1322,1323.000,-0.2036,2.2103,0.0000,0.001295,-0.025460,0.000000,-0.2080,2.2093,-0.0021,0.0273,0.1463,0.0000,2.2453,0.000298,0.999029,0.000000,0.000000,0.044061,0.1797,1,0,0,0.011319,0.007732,0.001867
1323,1324.000,-0.2023,2.1850,0.0000,0.001289,-0.025182,0.000000,-0.2031,2.1930,-0.0012,0.0257,0.1405,0.0000,2.2197,0.000286,0.999031,0.000000,0.000000,0.044009,0.2127,1,0,0,-0.016263,-0.021117,0.007448
1324,1325.000,-0.2010,2.1600,0.0000,0.001282,-0.024900,0.000000,-0.1986,2.1628,0.0014,0.0254,0.1426,0.0000,2.1944,0.000290,0.999008,0.000000,0.000000,0.044524,0.2457,1,0,0,-0.006544,-0.005796,0.013354
1325,1326.000,-0.1998,2.1352,0.0000,0.001279,-0.024620,0.000000,-0.2018,2.1365,-0.0005,0.0268,0.1413,0.0000,2.1693,0.000288,0.998985,0.000000,0.000000,0.045040,0.2137,1,0,0,-0.011499,-0.018163,-0.013044
1326,1327.000,-0.1985,2.1107,0.0000,0.001271,-0.024342,0.000000,-0.1953,2.1127,-0.0033,0.0241,0.1400,0.0000,2.1445,0.000284,0.998987,0.000000,0.000000,0.044990,0.1818,1,0,0,-0.003900,0.004633,0.010675
1327,1328.000,-0.1972,2.0865,0.0000,0.001266,-0.024064,0.000000,-0.1993,2.0836,0.0007,0.0255,0.1403,0.0000,2.1200,0.000285,0.998990,0.000000,0.000000,0.044940,0.2149,1,0,0,-0.021542,-0.013711,-0.001470
1328,1329.000,-0.1960,2.0626,0.0000,0.001260,-0.023790,0.000000,-0.1924,2.0580,0.0014,0.0244,0.1386,0.0000,2.0958,0.000282,0.998966,0.000000,0.000000,0.045458,0.2480,1,0,0,0.001716,-0.006239,0.004301
1329,1330.000,-0.1947,2.0389,0.0000,0.001256,-0.023524,0.000000,-0.1996,2.0448,0.0018,0.0254,0.1343,0.0000,2.0719,0.000274,0.998943,0.000000,0.000000,0.045977,0.2161,1,0,0,-0.009806,-0.007813,-0.017005
1330,1331.000,-0.1934,2.0156,0.0000,0.001251,-0.023260,0.000000,-0.1887,2.0167,-0.0022,0.0242,0.1332,0.0000,2.0482,0.000271,0.998945,0.000000,0.000000,0.045929,0.1842,1,0,0,0.011509,-0.010211,-0.005590
1331,1332.000,-0.1922,1.9924,0.0000,0.001246,-0.022989,0.000000,-0.1919,1.9834,0.0008,0.0244,0.1370,0.0000,2.0248,0.000278,0.998947,0.000000,0.000000,0.045882,0.2172,1,0,0,0.001707,0.007845,-0.024204
1332,1333.000,-0.1910,1.9696,0.0000,0.001240,-0.022723,0.000000,-0.1870,1.9615,-0.0021,0.0231,0.1345,0.0000,2.0017,0.000273,0.998923,0.000000,0.000000,0.046403,0.2503,1,0,0,0.005255,0.000897,-0.002980
1333,1334.000,-0.1897,1.9470,0.0000,0.001236,-0.022466,0.000000,-0.1904,1.9484,0.0022,0.0239,0.1297,0.0000,1.9788,0.000264,0.998898,0.000000,0.000000,0.046923,0.2183,1,0,0,0.008086,0.017863,-0.002912
1334,1335.000,-0.1885,1.9246,0.0000,0.001231,-0.022212,0.000000,-0.1919,1.9229,-0.0019,0.0234,0.1283,0.0000,1.9562,0.000261,0.998901,0.000000,0.000000,0.046879,0.1864,1,0,0,0.003558,-0.000390,0.006909
1335,1336.000,-0.1873,1.9026,0.0000,0.001223,-0.021952,0.000000,-0.1803,1.8947,-0.0026,0.0211,0.1314,0.0000,1.9338,0.000266,0.998903,0.000000,0.000000,0.046834,0.2193,1,0,0,0.002914,-0.004564,0.002271
1336,1337.000,-0.1860,1.8807,0.0000,0.001216,-0.021705,0.000000,-0.1832,1.8840,-0.0008,0.0217,0.1244,0.0000,1.9118,0.000253,0.998878,0.000000,0.000000,0.047357,0.2524,1,0,0,-0.004959,-0.002327,0.006446
1337,1338.000,-0.1848,1.8591,0.0000,0.001212,-0.021458,0.000000,-0.1855,1.8558,0.0011,0.0227,0.1249,0.0000,1.8899,0.000254,0.998853,0.000000,0.000000,0.047879,0.2204,1,0,0,-0.012922,-0.022958,-0.002682
1338,1339.000,-0.1836,1.8378,0.0000,0.001208,-0.021205,0.000000,-0.1863,1.8243,-0.0020,0.0225,0.1277,0.0000,1.8683,0.000260,0.998855,0.000000,0.000000,0.047837,0.1885,1,0,0,-0.027382,-0.002614,-0.013051
1339,1340.000,-0.1824,1.8167,0.0000,0.001198,-0.020961,0.000000,-0.1715,1.8087,0.0031,0.0196,0.1235,0.0000,1.8470,0.000250,0.998857,0.000000,0.000000,0.047794,0.2215,1,0,0,0.000995,0.006323,0.007841
1340,1341.000,-0.1812,1.7959,0.0000,0.001194,-0.020722,0.000000,-0.1778,1.7929,0.0003,0.0217,0.1209,0.0000,1.8259,0.000246,0.998832,0.000000,0.000000,0.048320,0.2546,1,0,0,0.008300,-0.014261,0.001173
1341,1342.000,-0.1800,1.7753,0.0000,0.001189,-0.020484,0.000000,-0.1782,1.7797,0.0003,0.0212,0.1201,0.0000,1.8050,0.000244,0.998806,0.000000,0.000000,0.048845,0.2227,1,0,0,-0.008101,-0.001014,-0.000436
1342,1343.000,-0.1788,1.7549,0.0000,0.001185,-0.020247,0.000000,-0.1757,1.7494,0.0005,0.0213,0.1200,0.0000,1.7844,0.000244,0.998808,0.000000,0.000000,0.048805,0.1908,1,0,0,0.013231,0.010366,-0.004663
1343,1344.000,-0.1777,1.7348,0.0000,0.001181,-0.020015,0.000000,-0.1771,1.7308,0.0007,0.0215,0.1172,0.0000,1.7640,0.000238,0.998810,0.000000,0.000000,0.048765,0.2237,1,0,0,-0.002056,-0.009922,0.001888
1344,1345.000,-0.1765,1.7149,0.0000,0.001178,-0.019785,0.000000,-0.1779,1.7118,0.0006,0.0212,0.1163,0.0000,1.7439,0.000237,0.998784,0.000000,0.000000,0.049292,0.2567,1,0,0,-0.009513,0.002750,-0.027697
1345,1346.000,-0.1753,1.6952,0.0000,0.001176,-0.019566,0.000000,-0.1814,1.7008,-0.0032,0.0218,0.1106,0.0000,1.7239,0.000226,0.998758,0.000000,0.000000,0.049820,0.2246,1,0,0,0.004301,0.008632,0.003333
1346,1347.000,-0.1741,1.6758,0.0000,0.001174,-0.019342,0.000000,-0.1751,1.6725,0.0041,0.0214,0.1132,0.0000,1.7043,0.000231,0.998760,0.000000,0.000000,0.049782,0.1924,1,0,0,-0.021753,0.008422,0.010804
1347,1348.000,-0.1729,1.6565,0.0000,0.001170,-0.019121,0.000000,-0.1715,1.6560,-0.0006,0.0198,0.1115,0.0000,1.6848,0.000227,0.998762,0.000000,0.000000,0.049743,0.2251,1,0,0,-0.006034,-0.003829,0.021387
1348,1349.000,-0.1718,1.6375,0.0000,0.001164,-0.018899,0.000000,-0.1700,1.6355,-0.0004,0.0190,0.1126,0.0000,1.6655,0.000229,0.998736,0.000000,0.000000,0.050272,0.2577,1,0,0,0.009756,-0.001523,-0.002105
1349,1350.000,-0.1706,1.6187,0.0000,0.001158,-0.018683,0.000000,-0.1692,1.6175,0.0014,0.0187,0.1090,0.0000,1.6465,0.000221,0.998709,0.000000,0.000000,0.050801,0.2254,1,0,0,-0.010647,-0.000899,-0.008682
1350,1351.000,-0.1695,1.6002,0.0000,0.001154,-0.018472,0.000000,-0.1694,1.6041,0.0020,0.0195,0.1068,0.0000,1.6277,0.000217,0.998711,0.000000,0.000000,0.050763,0.1931,1,0,0,0.018644,0.009633,0.003900
1351,1352.000,-0.1683,1.5818,0.0000,0.001149,-0.018257,0.000000,-0.1648,1.5775,0.0002,0.0184,0.1086,0.0000,1.6091,0.000220,0.998713,0.000000,0.000000,0.050726,0.2258,1,0,0,-0.013455,-0.004254,-0.001396
1352,1353.000,-0.1672,1.5636,0.0000,0.001143,-0.018050,0.000000,-0.1658,1.5648,-0.0016,0.0180,0.1047,0.0000,1.5907,0.000213,0.998686,0.000000,0.000000,0.051255,0.2585,1,0,0,0.003217,-0.000926,-0.009176
1353,1354.000,-0.1660,1.5457,0.0000,0.001137,-0.017844,0.000000,-0.1636,1.5462,-0.0011,0.0178,0.1041,0.0000,1.5725,0.000211,0.998658,0.000000,0.000000,0.051785,0.2262,1,0,0,0.016707,0.014281,0.012060
1354,1355.000,-0.1649,1.5279,0.0000,0.001134,-0.017646,0.000000,-0.1671,1.5362,-0.0003,0.0189,0.1004,0.0000,1.5546,0.000205,0.998660,0.000000,0.000000,0.051748,0.1940,1,0,0,-0.010892,-0.009709,-0.003422
1355,1356.000,-0.1638,1.5104,0.0000,0.001128,-0.017437,0.000000,-0.1607,1.4986,-0.0018,0.0169,0.1055,0.0000,1.5368,0.000214,0.998662,0.000000,0.000000,0.051712,0.2268,1,0,0,0.006629,0.004158,0.004734
1356,1357.000,-0.1626,1.4931,0.0000,0.001122,-0.017234,0.000000,-0.1617,1.4885,-0.0028,0.0170,0.1029,0.0000,1.5193,0.000209,0.998634,0.000000,0.000000,0.052242,0.2595,1,0,0,-0.010807,-0.006611,-0.001518
1357,1358.000,-0.1615,1.4759,0.0000,0.001118,-0.017032,0.000000,-0.1601,1.4696,-0.0035,0.0179,0.1021,0.0000,1.5019,0.000207,0.998607,0.000000,0.000000,0.052773,0.2273,1,0,0,-0.006817,-0.018871,0.007812
1358,1359.000,-0.1604,1.4590,0.0000,0.001113,-0.016833,0.000000,-0.1602,1.4521,-0.0009,0.0169,0.1008,0.0000,1.4847,0.000205,0.998608,0.000000,0.000000,0.052737,0.1950,1,0,0,0.002704,0.027682,-0.004027
1359,1360.000,-0.1593,1.4423,0.0000,0.001105,-0.016635,0.000000,-0.1566,1.4366,-0.0023,0.0156,0.1002,0.0000,1.4678,0.000203,0.998610,0.000000,0.000000,0.052702,0.2277,1,0,0,0.005584,0.004321,-0.006614
1360,1361.000,-0.1582,1.4257,0.0000,0.001102,-0.016448,0.000000,-0.1635,1.4295,-0.0017,0.0174,0.0949,0.0000,1.4510,0.000193,0.998582,0.000000,0.000000,0.053233,0.2605,1,0,0,0.005669,-0.004319,-0.007012
1361,1362.000,-0.1571,1.4094,0.0000,0.001097,-0.016259,0.000000,-0.1548,1.4094,-0.0028,0.0165,0.0957,0.0000,1.4345,0.000194,0.998554,0.000000,0.000000,0.053765,0.2282,1,0,0,0.007770,0.013018,-0.009666
1362,1363.000,-0.1560,1.3932,0.0000,0.001092,-0.016074,0.000000,-0.1529,1.3967,-0.0022,0.0159,0.0933,0.0000,1.4181,0.000189,0.998555,0.000000,0.000000,0.053731,0.1959,1,0,0,0.012441,0.021456,0.017784
1363,1364.000,-0.1549,1.3772,0.0000,0.001087,-0.015888,0.000000,-0.1532,1.3738,-0.0024,0.0159,0.0945,0.0000,1.4019,0.000192,0.998557,0.000000,0.000000,0.053696,0.2286,1,0,0,0.000475,-0.019397,0.000167
1364,1365.000,-0.1538,1.3614,0.0000,0.001081,-0.015707,0.000000,-0.1544,1.3605,0.0027,0.0152,0.0916,0.0000,1.3859,0.000186,0.998529,0.000000,0.000000,0.054228,0.2613,1,0,0,0.010657,0.004508,-0.004970
1365,1366.000,-0.1527,1.3458,0.0000,0.001076,-0.015528,0.000000,-0.1521,1.3472,-0.0013,0.0153,0.0905,0.0000,1.3701,0.000184,0.998499,0.000000,0.000000,0.054761,0.2290,1,0,0,-0.000099,-0.000217,-0.010275
1366,1367.000,-0.1517,1.3304,0.0000,0.001070,-0.015350,0.000000,-0.1541,1.3264,-0.0032,0.0152,0.0903,0.0000,1.3544,0.000183,0.998501,0.000000,0.000000,0.054727,0.1967,1,0,0,-0.000921,-0.007366,0.000563
1367,1368.000,-0.1506,1.3151,0.0000,0.001064,-0.015173,0.000000,-0.1447,1.3106,0.0000,0.0143,0.0895,0.0000,1.3390,0.000181,0.998503,0.000000,0.000000,0.054694,0.2295,1,0,0,0.010447,-0.001319,0.002571
1368,1369.000,-0.1495,1.3000,0.0000,0.001055,-0.014997,0.000000,-0.1403,1.2979,0.0035,0.0130,0.0893,0.0000,1.3237,0.000181,0.998474,0.000000,0.000000,0.055227,0.2623,1,0,0,-0.008731,-0.000423,0.008228
1369,1370.000,-0.1485,1.2851,0.0000,0.001051,-0.014830,0.000000,-0.1527,1.2913,0.0015,0.0154,0.0846,0.0000,1.3086,0.000172,0.998444,0.000000,0.000000,0.055761,0.2301,1,0,0,0.021541,-0.000074,0.003259
1370,1371.000,-0.1474,1.2704,0.0000,0.001046,-0.014660,0.000000,-0.1487,1.2675,0.0004,0.0142,0.0862,0.0000,1.2937,0.000175,0.998446,0.000000,0.000000,0.055728,0.1980,1,0,0,-0.005350,0.021575,0.001941
1371,1372.000,-0.1464,1.2558,0.0000,0.001041,-0.014490,0.000000,-0.1467,1.2538,-0.0041,0.0144,0.0863,0.0000,1.2789,0.000175,0.998448,0.000000,0.000000,0.055696,0.2309,1,0,0,0.011311,-0.006663,0.020522
1372,1373.000,-0.1454,1.2414,0.0000,0.001035,-0.014320,0.000000,-0.1460,1.2375,-0.0022,0.0135,0.0860,0.0000,1.2643,0.000174,0.998418,0.000000,0.000000,0.056231,0.2638,1,0,0,-0.013402,-0.000996,0.003238
1373,1374.000,-0.1443,1.2271,0.0000,0.001031,-0.014153,0.000000,-0.1410,1.2231,-0.0033,0.0142,0.0846,0.0000,1.2499,0.000172,0.998387,0.000000,0.000000,0.056766,0.2315,1,0,0,0.000363,-0.004846,0.015929
1374,1375.000,-0.1433,1.2131,0.0000,0.001026,-0.013993,0.000000,-0.1434,1.2141,-0.0013,0.0139,0.0812,0.0000,1.2356,0.000165,0.998389,0.000000,0.000000,0.056736,0.1994,1,0,0,0.000508,-0.011189,0.015123
1375,1376.000,-0.1423,1.1992,0.0000,0.001022,-0.013837,0.000000,-0.1435,1.2081,-0.0027,0.0139,0.0791,0.0000,1.2215,0.000161,0.998391,0.000000,0.000000,0.056705,0.2321,1,0,0,0.005350,-0.001806,-0.013378
1376,1377.000,-0.1413,1.1854,0.0000,0.001015,-0.013676,0.000000,-0.1387,1.1865,0.0008,0.0125,0.0813,0.0000,1.2076,0.000165,0.998360,0.000000,0.000000,0.057241,0.2648,1,0,0,0.004904,0.015421,-0.001199
1377,1378.000,-0.1402,1.1718,0.0000,0.001010,-0.013517,0.000000,-0.1414,1.1679,-0.0020,0.0130,0.0810,0.0000,1.1938,0.000164,0.998329,0.000000,0.000000,0.057777,0.2325,1,0,0,-0.011646,-0.000538,-0.005679
1378,1379.000,-0.1392,1.1584,0.0000,0.001004,-0.013360,0.000000,-0.1371,1.1545,-0.0004,0.0124,0.0796,0.0000,1.1802,0.000161,0.998331,0.000000,0.000000,0.057748,0.2003,1,0,0,0.006811,-0.000995,0.001906
1379,1380.000,-0.1382,1.1451,0.0000,0.001000,-0.013208,0.000000,-0.1382,1.1469,0.0014,0.0135,0.0767,0.0000,1.1667,0.000156,0.998333,0.000000,0.000000,0.057718,0.2330,1,0,0,0.014742,-0.013722,-0.000020
1380,1381.000,-0.1372,1.1320,0.0000,0.000996,-0.013058,0.000000,-0.1382,1.1348,-0.0027,0.0130,0.0762,0.0000,1.1534,0.000155,0.998302,0.000000,0.000000,0.058255,0.2658,1,0,0,-0.004621,0.010613,-0.013133
1381,1382.000,-0.1362,1.1190,0.0000,0.000989,-0.012906,0.000000,-0.1361,1.1152,-0.0004,0.0116,0.0773,0.0000,1.1402,0.000157,0.998270,0.000000,0.000000,0.058792,0.2334,1,0,0,0.004287,0.009833,-0.002020
1382,1383.000,-0.1353,1.1061,0.0000,0.000984,-0.012759,0.000000,-0.1324,1.1100,0.0003,0.0122,0.0743,0.0000,1.1272,0.000151,0.998272,0.000000,0.000000,0.058764,0.2011,1,0,0,-0.003814,-0.010365,-0.004155
1383,1384.000,-0.1343,1.0935,0.0000,0.000979,-0.012610,0.000000,-0.1365,1.0882,-0.0017,0.0124,0.0756,0.0000,1.1144,0.000153,0.998274,0.000000,0.000000,0.058735,0.2338,1,0,0,0.005555,0.002402,0.001923
1384,1385.000,-0.1333,1.0809,0.0000,0.000976,-0.012470,0.000000,-0.1358,1.0888,0.0011,0.0127,0.0709,0.0000,1.1017,0.000144,0.998242,0.000000,0.000000,0.059273,0.2666,1,0,0,0.004826,0.005217,-0.006747
1385,1386.000,-0.1323,1.0685,0.0000,0.000969,-0.012327,0.000000,-0.1303,1.0688,0.0022,0.0112,0.0730,0.0000,1.0891,0.000148,0.998210,0.000000,0.000000,0.059811,0.2342,1,0,0,-0.006538,-0.007787,0.006383
1386,1387.000,-0.1314,1.0563,0.0000,0.000964,-0.012183,0.000000,-0.1299,1.0546,0.0008,0.0113,0.0728,0.0000,1.0767,0.000148,0.998211,0.000000,0.000000,0.059783,0.2018,1,0,0,0.000487,0.011169,0.001826
1387,1388.000,-0.1304,1.0442,0.0000,0.000957,-0.012034,0.000000,-0.1274,1.0333,-0.0013,0.0108,0.0755,0.0000,1.0644,0.000153,0.998213,0.000000,0.000000,0.059755,0.2344,1,0,0,0.002068,0.015934,0.004204
1388,1389.000,-0.1294,1.0322,0.0000,0.000952,-0.011893,0.000000,-0.1276,1.0273,-0.0001,0.0110,0.0713,0.0000,1.0523,0.000144,0.998181,0.000000,0.000000,0.060293,0.2671,1,0,0,-0.005894,-0.000774,0.002187
1389,1390.000,-0.1285,1.0204,0.0000,0.000947,-0.011756,0.000000,-0.1311,1.0209,-0.0037,0.0110,0.0698,0.0000,1.0403,0.000141,0.998148,0.000000,0.000000,0.060832,0.2348,1,0,0,-0.026993,-0.008583,-0.010452
1390,1391.000,-0.1276,1.0087,0.0000,0.000942,-0.011623,0.000000,-0.1282,1.0095,0.0021,0.0110,0.0673,0.0000,1.0284,0.000136,0.998150,0.000000,0.000000,0.060805,0.2024,1,0,0,-0.016128,-0.001327,-0.008921
1391,1392.000,-0.1266,0.9971,0.0000,0.000935,-0.011487,0.000000,-0.1240,0.9893,-0.0014,0.0103,0.0694,0.0000,1.0167,0.000140,0.998151,0.000000,0.000000,0.060777,0.2351,1,0,0,0.011655,-0.001287,0.003380
1392,1393.000,-0.1257,0.9857,0.0000,0.000929,-0.011355,0.000000,-0.1261,0.9854,0.0012,0.0100,0.0666,0.0000,1.0051,0.000135,0.998118,0.000000,0.000000,0.061317,0.2678,1,0,0,-0.012248,-0.002049,0.005303
1393,1394.000,-0.1248,0.9744,0.0000,0.000922,-0.011221,0.000000,-0.1260,0.9684,0.0049,0.0097,0.0683,0.0000,0.9937,0.000138,0.998085,0.000000,0.000000,0.061856,0.2355,1,0,0,0.003444,-0.011390,-0.010619
1394,1395.000,-0.1238,0.9633,0.0000,0.000916,-0.011087,0.000000,-0.1228,0.9593,0.0021,0.0099,0.0680,0.0000,0.9824,0.000137,0.998087,0.000000,0.000000,0.061829,0.2033,1,0,0,-0.006683,-0.019115,0.001088
1395,1396.000,-0.1229,0.9522,0.0000,0.000912,-0.010960,0.000000,-0.1232,0.9538,0.0012,0.0104,0.0644,0.0000,0.9712,0.000130,0.998088,0.000000,0.000000,0.061803,0.2361,1,0,0,0.011798,0.011277,0.009001
1396,1397.000,-0.1220,0.9413,0.0000,0.000907,-0.010833,0.000000,-0.1217,0.9389,0.0044,0.0103,0.0646,0.0000,0.9601,0.000131,0.998055,0.000000,0.000000,0.062344,0.2689,1,0,0,-0.006922,-0.003788,0.004781
1397,1398.000,-0.1211,0.9306,0.0000,0.000902,-0.010709,0.000000,-0.1219,0.9314,-0.0012,0.0100,0.0629,0.0000,0.9492,0.000127,0.998021,0.000000,0.000000,0.062884,0.2366,1,0,0,0.004617,0.003059,0.004660
1398,1399.000,-0.1202,0.9199,0.0000,0.000896,-0.010588,0.000000,-0.1176,0.9220,0.0007,0.0094,0.0617,0.0000,0.9384,0.000125,0.998022,0.000000,0.000000,0.062859,0.2043,1,0,0,-0.008597,0.006247,-0.002500
1399,1400.000,-0.1193,0.9094,0.0000,0.000890,-0.010466,0.000000,-0.1174,0.9057,-0.0006,0.0092,0.0620,0.0000,0.9277,0.000125,0.998024,0.000000,0.000000,0.062833,0.2370,1,0,0,0.026304,-0.003680,0.005029
1400,1401.000,-0.1184,0.8990,0.0000,0.000886,-0.010342,0.000000,-0.1170,0.8983,-0.0028,0.0096,0.0626,0.0000,0.9172,0.000127,0.997990,0.000000,0.000000,0.063375,0.2698,1,0,0,-0.000997,0.003462,0.002148
1401,1402.000,-0.1175,0.8887,0.0000,0.000880,-0.010223,0.000000,-0.1164,0.8888,-0.0029,0.0088,0.0608,0.0000,0.9068,0.000123,0.997955,0.000000,0.000000,0.063916,0.2375,1,0,0,0.013882,0.009772,-0.016369
1402,1403.000,-0.1167,0.8785,0.0000,0.000875,-0.010103,0.000000,-0.1150,0.8725,-0.0004,0.0094,0.0605,0.0000,0.8964,0.000123,0.997957,0.000000,0.000000,0.063892,0.2053,1,0,0,0.001278,-0.031377,0.001645
1403,1404.000,-0.1158,0.8685,0.0000,0.000870,-0.009987,0.000000,-0.1131,0.8643,-0.0018,0.0091,0.0591,0.0000,0.8863,0.000120,0.997958,0.000000,0.000000,0.063868,0.2380,1,0,0,0.004702,0.003599,-0.014304
1404,1405.000,-0.1149,0.8586,0.0000,0.000863,-0.009873,0.000000,-0.1131,0.8566,-0.0004,0.0078,0.0578,0.0000,0.8762,0.000117,0.997924,0.000000,0.000000,0.064410,0.2707,1,0,0,-0.016333,0.009923,0.001160
1405,1406.000,-0.1141,0.8487,0.0000,0.000858,-0.009759,0.000000,-0.1156,0.8428,0.0016,0.0089,0.0581,0.0000,0.8662,0.000118,0.997888,0.000000,0.000000,0.064953,0.2384,1,0,0,0.003071,-0.009345,0.007719
1406,1407.000,-0.1132,0.8390,0.0000,0.000853,-0.009645,0.000000,-0.1149,0.8321,-0.0011,0.0087,0.0579,0.0000,0.8564,0.000117,0.997890,0.000000,0.000000,0.064929,0.2063,1,0,0,-0.000432,-0.002409,-0.002916
1407,1408.000,-0.1124,0.8295,0.0000,0.000847,-0.009535,0.000000,-0.1109,0.8262,0.0016,0.0085,0.0562,0.0000,0.8467,0.000114,0.997891,0.000000,0.000000,0.064906,0.2390,1,0,0,0.011482,0.000020,-0.023023
1408,1409.000,-0.1115,0.8200,0.0000,0.000843,-0.009428,0.000000,-0.1136,0.8241,0.0041,0.0086,0.0541,0.0000,0.8370,0.000110,0.997856,0.000000,0.000000,0.065450,0.2718,1,0,0,-0.002879,-0.005546,-0.011071
1409,1410.000,-0.1107,0.8106,0.0000,0.000839,-0.009320,0.000000,-0.1117,0.8118,0.0021,0.0090,0.0551,0.0000,0.8275,0.000112,0.997820,0.000000,0.000000,0.065993,0.2395,1,0,0,-0.000632,-0.002846,-0.012568
1410,1411.000,-0.1098,0.8013,0.0000,0.000833,-0.009211,0.000000,-0.1089,0.7995,-0.0010,0.0077,0.0556,0.0000,0.8181,0.000112,0.997822,0.000000,0.000000,0.065971,0.2072,1,0,0,-0.007339,0.003018,0.020717
1411,1412.000,-0.1090,0.7922,0.0000,0.000827,-0.009103,0.000000,-0.1083,0.7925,0.0008,0.0074,0.0549,0.0000,0.8088,0.000111,0.997823,0.000000,0.000000,0.065949,0.2399,1,0,0,-0.001528,0.004696,0.001667
1412,1413.000,-0.1082,0.7831,0.0000,0.000822,-0.008999,0.000000,-0.1036,0.7863,-0.0023,0.0079,0.0525,0.0000,0.7996,0.000106,0.997787,0.000000,0.000000,0.066493,0.2726,1,0,0,-0.011957,-0.003614,-0.011320
1413,1414.000,-0.1074,0.7742,0.0000,0.000816,-0.008895,0.000000,-0.1056,0.7696,0.0010,0.0077,0.0529,0.0000,0.7906,0.000107,0.997750,0.000000,0.000000,0.067038,0.2404,1,0,0,-0.007558,-0.013546,0.008955
1414,1415.000,-0.1066,0.7653,0.0000,0.000811,-0.008793,0.000000,-0.1074,0.7628,-0.0012,0.0077,0.0520,0.0000,0.7816,0.000105,0.997752,0.000000,0.000000,0.067016,0.2081,1,0,0,0.003733,-0.000570,-0.004461
1415,1416.000,-0.1057,0.7566,0.0000,0.000806,-0.008691,0.000000,-0.1019,0.7526,-0.0011,0.0074,0.0519,0.0000,0.7727,0.000105,0.997753,0.000000,0.000000,0.066995,0.2409,1,0,0,0.000062,-0.007462,-0.010982
1416,1417.000,-0.1049,0.7480,0.0000,0.000800,-0.008589,0.000000,-0.1036,0.7444,-0.0026,0.0073,0.0518,0.0000,0.7639,0.000105,0.997717,0.000000,0.000000,0.067541,0.2737,1,0,0,-0.010532,-0.007276,-0.005060
1417,1418.000,-0.1041,0.7394,0.0000,0.000796,-0.008489,0.000000,-0.1041,0.7375,-0.0009,0.0078,0.0511,0.0000,0.7553,0.000103,0.997679,0.000000,0.000000,0.068086,0.2415,1,0,0,-0.005907,-0.009305,0.007666
1418,1419.000,-0.1034,0.7310,0.0000,0.000791,-0.008389,0.000000,-0.1063,0.7251,-0.0008,0.0075,0.0507,0.0000,0.7467,0.000103,0.997681,0.000000,0.000000,0.068066,0.2092,1,0,0,-0.012763,-0.000583,-0.011559
1419,1420.000,-0.1026,0.7226,0.0000,0.000787,-0.008296,0.000000,-0.1024,0.7223,-0.0025,0.0074,0.0475,0.0000,0.7382,0.000096,0.997682,0.000000,0.000000,0.068046,0.2418,1,0,0,0.005022,-0.005220,-0.013511
1420,1421.000,-0.1018,0.7144,0.0000,0.000781,-0.008200,0.000000,-0.0996,0.7123,-0.0016,0.0069,0.0489,0.0000,0.7299,0.000099,0.997645,0.000000,0.000000,0.068593,0.2745,1,0,0,0.006166,-0.012400,0.013456
1421,1422.000,-0.1010,0.7062,0.0000,0.000776,-0.008106,0.000000,-0.1017,0.7084,-0.0023,0.0068,0.0479,0.0000,0.7216,0.000097,0.997607,0.000000,0.000000,0.069139,0.2421,1,0,0,0.004265,0.007664,-0.009002
1422,1423.000,-0.1002,0.6982,0.0000,0.000772,-0.008012,0.000000,-0.1013,0.6938,0.0020,0.0070,0.0476,0.0000,0.7134,0.000096,0.997608,0.000000,0.000000,0.069120,0.2098,1,0,0,0.011036,-0.004408,-0.005089
1423,1424.000,-0.0995,0.6902,0.0000,0.000768,-0.007921,0.000000,-0.1020,0.6900,-0.0009,0.0073,0.0461,0.0000,0.7053,0.000093,0.997610,0.000000,0.000000,0.069100,0.2425,1,0,0,0.016807,0.000304,-0.001403
1424,1425.000,-0.0987,0.6823,0.0000,0.000763,-0.007832,0.000000,-0.0960,0.6844,-0.0009,0.0066,0.0457,0.0000,0.6973,0.000092,0.997572,0.000000,0.000000,0.069647,0.2751,1,0,0,-0.012622,-0.014031,0.001135
1425,1426.000,-0.0979,0.6745,0.0000,0.000757,-0.007739,0.000000,-0.0946,0.6679,-0.0014,0.0063,0.0473,0.0000,0.6894,0.000095,0.997533,0.000000,0.000000,0.070195,0.2427,1,0,0,0.013214,-0.003360,0.007687
1426,1427.000,-0.0972,0.6669,0.0000,0.000753,-0.007653,0.000000,-0.0992,0.6671,-0.0029,0.0067,0.0436,0.0000,0.6816,0.000088,0.997535,0.000000,0.000000,0.070176,0.2103,1,0,0,0.006464,0.004793,-0.010006
1427,1428.000,-0.0964,0.6592,0.0000,0.000747,-0.007565,0.000000,-0.0937,0.6588,0.0006,0.0060,0.0451,0.0000,0.6739,0.000091,0.997536,0.000000,0.000000,0.070157,0.2429,1,0,0,0.005004,-0.001093,-0.015304
1428,1429.000,-0.0957,0.6517,0.0000,0.000742,-0.007476,0.000000,-0.0932,0.6495,0.0007,0.0061,0.0454,0.0000,0.6663,0.000092,0.997497,0.000000,0.000000,0.070704,0.2756,1,0,0,0.001117,-0.004871,0.001655
1429,1430.000,-0.0949,0.6443,0.0000,0.000737,-0.007389,0.000000,-0.0960,0.6432,0.0008,0.0059,0.0442,0.0000,0.6587,0.000089,0.997458,0.000000,0.000000,0.071252,0.2433,1,0,0,-0.008495,0.018742,0.002856
1430,1431.000,-0.0942,0.6369,0.0000,0.000732,-0.007303,0.000000,-0.0931,0.6364,-0.0019,0.0062,0.0437,0.0000,0.6512,0.000088,0.997460,0.000000,0.000000,0.071234,0.2110,1,0,0,0.008012,0.000459,-0.010797
1431,1432.000,-0.0935,0.6297,0.0000,0.000726,-0.007217,0.000000,-0.0945,0.6266,-0.0022,0.0056,0.0437,0.0000,0.6439,0.000088,0.997461,0.000000,0.000000,0.071216,0.2437,1,0,0,0.001966,0.003724,-0.005331
1432,1433.000,-0.0928,0.6225,0.0000,0.000721,-0.007135,0.000000,-0.0942,0.6216,-0.0007,0.0058,0.0421,0.0000,0.6366,0.000085,0.997422,0.000000,0.000000,0.071764,0.2765,1,0,0,-0.000766,-0.004332,-0.006704
1433,1434.000,-0.0920,0.6154,0.0000,0.000717,-0.007051,0.000000,-0.0920,0.6134,-0.0038,0.0058,0.0428,0.0000,0.6294,0.000086,0.997382,0.000000,0.000000,0.072313,0.2442,1,0,0,0.002209,0.005187,-0.016312
1434,1435.000,-0.0913,0.6084,0.0000,0.000711,-0.006967,0.000000,-0.0908,0.6000,0.0011,0.0053,0.0425,0.0000,0.6223,0.000086,0.997383,0.000000,0.000000,0.072296,0.2120,1,0,0,-0.011294,0.001431,0.006592
1435,1436.000,-0.0906,0.6015,0.0000,0.000707,-0.006887,0.000000,-0.0890,0.5998,0.0028,0.0059,0.0412,0.0000,0.6152,0.000083,0.997384,0.000000,0.000000,0.072278,0.2448,1,0,0,0.001563,-0.000138,-0.007528
1436,1437.000,-0.0899,0.5946,0.0000,0.000691,-0.006805,0.000000,-0.0900,0.5910,0.0018,0.0000,0.0417,0.0000,0.6083,0.000084,0.997345,0.000000,0.000000,0.072828,0.2776,1,0,0,-0.007349,0.003006,-0.010157
1437,1438.000,-0.0892,0.5879,0.0000,0.000687,-0.006728,0.000000,-0.0904,0.5902,0.0008,0.0061,0.0392,0.0000,0.6014,0.000079,0.997304,0.000000,0.000000,0.073378,0.2457,1,0,0,-0.017538,-0.001385,-0.024082
1438,1439.000,-0.0885,0.5812,0.0000,0.000683,-0.006647,0.000000,-0.0893,0.5797,-0.0020,0.0056,0.0409,0.0000,0.5946,0.000083,0.997305,0.000000,0.000000,0.073363,0.2144,1,0,0,-0.010953,0.004845,0.006587
1439,1440.000,-0.0879,0.5746,0.0000,0.000679,-0.006570,0.000000,-0.0894,0.5717,-0.0010,0.0059,0.0395,0.0000,0.5879,0.000080,0.997306,0.000000,0.000000,0.073348,0.2479,1,0,0,0.005631,-0.011364,0.002622
1440,1441.000,-0.0872,0.5680,0.0000,0.000677,-0.006497,0.000000,-0.0882,0.5701,-0.0025,0.0062,0.0370,0.0000,0.5812,0.000075,0.997265,0.000000,0.000000,0.073902,0.2814,1,0,0,-0.006010,0.000725,-0.004739
1441,1442.000,-0.0865,0.5616,0.0000,0.000673,-0.006422,0.000000,-0.0863,0.5615,-0.0006,0.0056,0.0386,0.0000,0.5747,0.000078,0.997224,0.000000,0.000000,0.074457,0.2493,1,0,0,-0.003620,0.006477,0.001027
1442,1443.000,-0.0858,0.5552,0.0000,0.000668,-0.006346,0.000000,-0.0844,0.5539,-0.0036,0.0052,0.0385,0.0000,0.5682,0.000078,0.997225,0.000000,0.000000,0.074445,0.2172,1,0,0,0.001611,-0.012246,0.004811
1443,1444.000,-0.0852,0.5489,0.0000,0.000665,-0.006273,0.000000,-0.0860,0.5501,0.0011,0.0054,0.0374,0.0000,0.5618,0.000076,0.997226,0.000000,0.000000,0.074433,0.2501,1,0,0,-0.007985,0.001023,-0.000217
1444,1445.000,-0.0845,0.5426,0.0000,0.000661,-0.006201,0.000000,-0.0872,0.5427,-0.0005,0.0053,0.0369,0.0000,0.5555,0.000075,0.997184,0.000000,0.000000,0.074989,0.2830,1,0,0,-0.003645,0.011567,-0.031942
1445,1446.000,-0.0838,0.5365,0.0000,0.000656,-0.006130,0.000000,-0.0805,0.5365,0.0035,0.0050,0.0359,0.0000,0.5492,0.000073,0.997142,0.000000,0.000000,0.075545,0.2505,1,0,0,0.003996,-0.012828,0.002359
1446,1447.000,-0.0832,0.5304,0.0000,0.000642,-0.006060,0.000000,-0.0822,0.5283,-0.0016,0.0000,0.0360,0.0000,0.5430,0.000072,0.997143,0.000000,0.000000,0.075534,0.2181,1,0,0,0.010987,-0.004265,0.001699
1447,1448.000,-0.0826,0.5244,0.0000,0.000639,-0.005992,0.000000,-0.0840,0.5276,-0.0005,0.0053,0.0344,0.0000,0.5369,0.000070,0.997144,0.000000,0.000000,0.075523,0.2513,1,0,0,0.004714,-0.001969,0.005773
1448,1449.000,-0.0819,0.5184,0.0000,0.000625,-0.005925,0.000000,-0.0820,0.5182,-0.0014,0.0000,0.0346,0.0000,0.5308,0.000069,0.997102,0.000000,0.000000,0.076081,0.2851,1,0,0,-0.006593,0.001807,-0.000609
1449,1450.000,-0.0813,0.5125,0.0000,0.000622,-0.005855,0.000000,-0.0798,0.5097,-0.0004,0.0053,0.0352,0.0000,0.5248,0.000071,0.997059,0.000000,0.000000,0.076638,0.2540,1,0,0,0.000130,0.002067,0.017306
1450,1451.000,-0.0807,0.5067,0.0000,0.000619,-0.005789,0.000000,-0.0781,0.5104,-0.0017,0.0054,0.0339,0.0000,0.5189,0.000069,0.997059,0.000000,0.000000,0.076633,0.2234,1,0,0,0.016929,0.019634,-0.002141
1451,1452.000,-0.0801,0.5009,0.0000,0.000617,-0.005720,0.000000,-0.0798,0.4979,0.0004,0.0055,0.0350,0.0000,0.5131,0.000071,0.997060,0.000000,0.000000,0.076628,0.2574,1,0,0,-0.009635,-0.002666,-0.005394
1452,1453.000,-0.0794,0.4952,0.0000,0.000614,-0.005653,0.000000,-0.0761,0.4944,-0.0009,0.0050,0.0344,0.0000,0.5073,0.000070,0.997016,0.000000,0.000000,0.077193,0.2913,1,0,0,0.013806,-0.010534,-0.006223
1453,1454.000,-0.0788,0.4896,0.0000,0.000601,-0.005588,0.000000,-0.0783,0.4900,0.0003,0.0000,0.0333,0.0000,0.5016,0.000067,0.996972,0.000000,0.000000,0.077758,0.2594,1,0,0,0.013039,-0.002227,-0.003267
1454,1455.000,-0.0782,0.4841,0.0000,0.000598,-0.005522,0.000000,-0.0794,0.4797,-0.0005,0.0051,0.0336,0.0000,0.4959,0.000068,0.996972,0.000000,0.000000,0.077757,0.2281,1,0,0,-0.003297,-0.008225,-0.015240
1455,1456.000,-0.0776,0.4786,0.0000,0.000596,-0.005460,0.000000,-0.0756,0.4828,0.0012,0.0055,0.0314,0.0000,0.4904,0.000064,0.996972,0.000000,0.000000,0.077756,0.2622,1,0,0,0.015334,0.007499,0.002243
1456,1457.000,-0.0771,0.4732,0.0000,0.000594,-0.005394,0.000000,-0.0789,0.4693,-0.0039,0.0051,0.0338,0.0000,0.4848,0.000068,0.996928,0.000000,0.000000,0.078327,0.2961,1,0,0,-0.005799,-0.005416,-0.010682
1457,1458.000,-0.0765,0.4678,0.0000,0.000592,-0.005332,0.000000,-0.0741,0.4690,-0.0015,0.0051,0.0314,0.0000,0.4794,0.000064,0.996883,0.000000,0.000000,0.078898,0.2642,1,0,0,0.024063,0.002300,0.016553
1458,1459.000,-0.0759,0.4625,0.0000,0.000579,-0.005271,0.000000,-0.0768,0.4595,0.0001,0.0000,0.0314,0.0000,0.4740,0.000063,0.996882,0.000000,0.000000,0.078902,0.2320,1,0,0,0.019576,0.004203,0.008669
1459,1460.000,-0.0753,0.4573,0.0000,0.000577,-0.005210,0.000000,-0.0750,0.4597,-0.0023,0.0050,0.0311,0.0000,0.4687,0.000063,0.996882,0.000000,0.000000,0.078906,0.2655,1,0,0,-0.016645,0.009007,0.013507
1460,1461.000,-0.0747,0.4521,0.0000,0.000565,-0.005149,0.000000,-0.0785,0.4493,-0.0001,0.0000,0.0310,0.0000,0.4634,0.000062,0.996837,0.000000,0.000000,0.079479,0.2995,1,0,0,0.004328,-0.008138,-0.006023
1461,1462.000,-0.0742,0.4470,0.0000,0.000553,-0.005087,0.000000,-0.0703,0.4452,0.0028,0.0000,0.0316,0.0000,0.4582,0.000063,0.996791,0.000000,0.000000,0.080053,0.2683,1,0,0,0.011350,-0.001681,0.009440
1462,1463.000,-0.0736,0.4419,0.0000,0.000552,-0.005024,0.000000,-0.0718,0.4337,-0.0010,0.0052,0.0322,0.0000,0.4531,0.000065,0.996790,0.000000,0.000000,0.080063,0.2381,1,0,0,0.010134,-0.012609,-0.008109
1463,1464.000,-0.0731,0.4369,0.0000,0.000551,-0.004966,0.000000,-0.0690,0.4306,0.0006,0.0052,0.0297,0.0000,0.4480,0.000060,0.996749,0.000000,0.000000,0.080571,0.2731,1,0,0,-0.019830,-0.004899,-0.004497
1464,1465.000,-0.0725,0.4320,0.0000,0.000539,-0.004908,0.000000,-0.0709,0.4336,-0.0009,0.0000,0.0293,0.0000,0.4430,0.000059,0.996708,0.000000,0.000000,0.081079,0.2505,1,0,0,-0.009030,0.003177,-0.002938
1465,1466.000,-0.0720,0.4271,0.0000,0.000528,-0.004853,0.000000,-0.0687,0.4243,-0.0002,0.0000,0.0283,0.0000,0.4380,0.000057,0.996666,0.000000,0.000000,0.081587,0.2283,1,0,0,0.017463,-0.013711,0.023895
1466,1467.000,-0.0715,0.4223,0.0000,0.000528,-0.004798,0.000000,-0.0732,0.4277,0.0007,0.0055,0.0281,0.0000,0.4331,0.000057,0.996667,0.000000,0.000000,0.081576,0.2071,1,0,0,-0.009937,-0.018886,0.007922
1467,1468.000,-0.0709,0.4175,0.0000,0.000527,-0.004742,0.000000,-0.0713,0.4137,-0.0023,0.0054,0.0285,0.0000,0.4283,0.000058,0.996668,0.000000,0.000000,0.081564,0.2461,1,0,0,-0.007384,-0.019640,0.007198
1468,1469.000,-0.0704,0.4128,0.0000,0.000527,-0.004690,0.000000,-0.0704,0.4133,-0.0012,0.0054,0.0265,0.0000,0.4235,0.000054,0.996623,0.000000,0.000000,0.082111,0.2848,1,0,0,0.013881,-0.002957,-0.013929
1469,1470.000,-0.0699,0.4081,0.0000,0.000527,-0.004634,0.000000,-0.0740,0.4038,0.0017,0.0053,0.0286,0.0000,0.4187,0.000058,0.996578,0.000000,0.000000,0.082658,0.2589,1,0,0,0.000284,-0.013690,-0.007509
1470,1471.000,-0.0693,0.4035,0.0000,0.000516,-0.004578,0.000000,-0.0686,0.4011,-0.0002,0.0000,0.0284,0.0000,0.4140,0.000057,0.996577,0.000000,0.000000,0.082674,0.2325,1,0,0,-0.015917,-0.018519,-0.004769
1471,1472.000,-0.0688,0.3990,0.0000,0.000506,-0.004525,0.000000,-0.0651,0.3940,-0.0020,0.0000,0.0274,0.0000,0.4094,0.000055,0.996575,0.000000,0.000000,0.082689,0.2675,1,0,0,0.005923,0.002065,-0.001542
1472,1473.000,-0.0683,0.3945,0.0000,0.000506,-0.004474,0.000000,-0.0671,0.3957,-0.0032,0.0053,0.0261,0.0000,0.4048,0.000053,0.996528,0.000000,0.000000,0.083255,0.3035,1,0,0,0.003819,0.007761,-0.013781
1473,1474.000,-0.0678,0.3900,0.0000,0.000506,-0.004424,0.000000,-0.0659,0.3876,0.0007,0.0052,0.0255,0.0000,0.4003,0.000052,0.996481,0.000000,0.000000,0.083821,0.2766,1,0,0,-0.003199,0.001290,-0.000157
1474,1475.000,-0.0673,0.3856,0.0000,0.000506,-0.004373,0.000000,-0.0686,0.3861,0.0014,0.0050,0.0258,0.0000,0.3959,0.000053,0.996478,0.000000,0.000000,0.083857,0.2493,1,0,0,0.002476,0.004371,0.020734
1475,1476.000,-0.0668,0.3813,0.0000,0.000496,-0.004322,0.000000,-0.0665,0.3762,0.0002,0.0000,0.0263,0.0000,0.3914,0.000053,0.996475,0.000000,0.000000,0.083892,0.2826,1,0,0,0.002639,0.002955,0.016633
1476,1477.000,-0.0663,0.3770,0.0000,0.000496,-0.004271,0.000000,-0.0630,0.3736,0.0004,0.0051,0.0259,0.0000,0.3871,0.000053,0.996426,0.000000,0.000000,0.084471,0.3162,1,0,0,0.014890,-0.020802,-0.013265
1477,1478.000,-0.0658,0.3727,0.0000,0.000486,-0.004221,0.000000,-0.0654,0.3738,0.0005,0.0000,0.0254,0.0000,0.3828,0.000051,0.996377,0.000000,0.000000,0.085050,0.2875,1,0,0,-0.005693,-0.006376,-0.000993
1478,1479.000,-0.0653,0.3685,0.0000,0.000487,-0.004174,0.000000,-0.0639,0.3692,-0.0019,0.0055,0.0243,0.0000,0.3785,0.000050,0.996373,0.000000,0.000000,0.085096,0.2592,1,0,0,-0.011775,-0.003401,-0.016059
1479,1480.000,-0.0649,0.3644,0.0000,0.000477,-0.004124,0.000000,-0.0643,0.3623,0.0008,0.0000,0.0255,0.0000,0.3743,0.000051,0.996369,0.000000,0.000000,0.085143,0.2923,1,0,0,0.008877,-0.012858,-0.016535
1480,1481.000,-0.0644,0.3603,0.0000,0.000468,-0.004075,0.000000,-0.0663,0.3584,-0.0007,0.0000,0.0248,0.0000,0.3701,0.000050,0.996318,0.000000,0.000000,0.085731,0.3256,1,0,0,-0.006074,-0.001760,0.003200
1481,1482.000,-0.0639,0.3562,0.0000,0.000469,-0.004029,0.000000,-0.0638,0.3589,0.0013,0.0053,0.0236,0.0000,0.3660,0.000048,0.996267,0.000000,0.000000,0.086320,0.2975,1,0,0,-0.015079,0.006123,-0.003384
1482,1483.000,-0.0635,0.3522,0.0000,0.000460,-0.003980,0.000000,-0.0605,0.3493,-0.0014,0.0000,0.0249,0.0000,0.3619,0.000050,0.996262,0.000000,0.000000,0.086378,0.2696,1,0,0,0.000776,-0.010630,-0.004469
1483,1484.000,-0.0630,0.3483,0.0000,0.000451,-0.003935,0.000000,-0.0629,0.3492,0.0003,0.0000,0.0230,0.0000,0.3579,0.000046,0.996257,0.000000,0.000000,0.086436,0.3030,1,0,0,0.011604,-0.014398,-0.002706
1484,1485.000,-0.0626,0.3443,0.0000,0.000452,-0.003889,0.000000,-0.0630,0.3422,-0.0003,0.0055,0.0237,0.0000,0.3539,0.000049,0.996205,0.000000,0.000000,0.087037,0.3375,1,0,0,-0.000084,-0.025173,0.008537
1485,1486.000,-0.0621,0.3405,0.0000,0.000443,-0.003844,0.000000,-0.0632,0.3411,0.0002,0.0000,0.0229,0.0000,0.3500,0.000046,0.996152,0.000000,0.000000,0.087637,0.3096,1,0,0,0.012024,0.008037,0.003068
1486,1487.000,-0.0617,0.3367,0.0000,0.000446,-0.003802,0.000000,-0.0588,0.3358,-0.0009,0.0055,0.0216,0.0000,0.3461,0.000045,0.996146,0.000000,0.000000,0.087709,0.2820,1,0,0,-0.007996,0.007351,-0.013378
1487,1488.000,-0.0612,0.3329,0.0000,0.000437,-0.003758,0.000000,-0.0624,0.3341,-0.0015,0.0000,0.0224,0.0000,0.3423,0.000045,0.996140,0.000000,0.000000,0.087781,0.3153,1,0,0,0.006408,-0.018736,-0.001187
1488,1489.000,-0.0608,0.3291,0.0000,0.000428,-0.003710,0.000000,-0.0605,0.3242,0.0012,0.0000,0.0244,0.0000,0.3385,0.000049,0.996086,0.000000,0.000000,0.088395,0.3488,1,0,0,0.006585,0.001995,-0.019491
1489,1490.000,-0.0604,0.3255,0.0000,0.000430,-0.003668,0.000000,-0.0597,0.3277,0.0022,0.0055,0.0214,0.0000,0.3347,0.000044,0.996031,0.000000,0.000000,0.089008,0.3211,1,0,0,-0.005593,-0.002614,-0.002538
1490,1491.000,-0.0599,0.3218,0.0000,0.000422,-0.003626,0.000000,-0.0599,0.3238,-0.0061,0.0000,0.0219,0.0000,0.3310,0.000044,0.996023,0.000000,0.000000,0.089093,0.2935,1,0,0,0.016889,0.012351,-0.000890
1491,1492.000,-0.0595,0.3182,0.0000,0.000424,-0.003586,0.000000,-0.0594,0.3199,-0.0020,0.0053,0.0202,0.0000,0.3273,0.000042,0.996016,0.000000,0.000000,0.089177,0.3268,1,0,0,-0.001255,-0.012140,-0.010501
1492,1493.000,-0.0591,0.3146,0.0000,0.000416,-0.003543,0.000000,-0.0592,0.3109,0.0005,0.0000,0.0218,0.0000,0.3237,0.000044,0.995960,0.000000,0.000000,0.089803,0.3603,1,0,0,0.001298,0.012568,-0.011702
1493,1494.000,-0.0587,0.3111,0.0000,0.000418,-0.003503,0.000000,-0.0589,0.3085,-0.0025,0.0052,0.0204,0.0000,0.3201,0.000042,0.995903,0.000000,0.000000,0.090428,0.3317,1,0,0,-0.010669,-0.004594,-0.019602
1494,1495.000,-0.0583,0.3076,0.0000,0.000410,-0.003462,0.000000,-0.0609,0.3043,-0.0002,0.0000,0.0211,0.0000,0.3166,0.000042,0.995894,0.000000,0.000000,0.090523,0.3033,1,0,0,-0.007212,-0.010012,-0.012673
1495,1496.000,-0.0579,0.3042,0.0000,0.000402,-0.003422,0.000000,-0.0580,0.3008,-0.0015,0.0000,0.0206,0.0000,0.3131,0.000041,0.995886,0.000000,0.000000,0.090619,0.3360,1,0,0,-0.001145,0.003894,-0.008277
1496,1497.000,-0.0574,0.3008,0.0000,0.000404,-0.003381,0.000000,-0.0560,0.2985,-0.0032,0.0050,0.0206,0.0000,0.3096,0.000043,0.995828,0.000000,0.000000,0.091253,0.3697,1,0,0,0.009416,0.005320,0.014165
1497,1498.000,-0.0570,0.2974,0.0000,0.000396,-0.003343,0.000000,-0.0548,0.2986,-0.0012,0.0000,0.0195,0.0000,0.3062,0.000039,0.995769,0.000000,0.000000,0.091888,0.3415,1,0,0,0.006793,0.015452,-0.008500
1498,1499.000,-0.0567,0.2941,0.0000,0.000399,-0.003308,0.000000,-0.0568,0.2971,-0.0011,0.0055,0.0182,0.0000,0.3028,0.000038,0.995759,0.000000,0.000000,0.091995,0.3135,1,0,0,0.002282,0.004459,0.001910
1499,1500.000,-0.0563,0.2908,0.0000,0.000402,-0.003271,0.000000,-0.0550,0.2898,0.0034,0.0053,0.0191,0.0000,0.2995,0.000040,0.995749,0.000000,0.000000,0.092103,0.3463,1,0,0,-0.004040,-0.004102,0.004442
1500,1501.000,-0.0559,0.2876,0.0000,0.000395,-0.003233,0.000000,-0.0589,0.2873,-0.0054,0.0000,0.0190,0.0000,0.2962,0.000038,0.995690,0.000000,0.000000,0.092748,0.3781,1,0,0,-0.008255,0.007760,0.002371
1501,1502.000,-0.0555,0.2843,0.0000,0.000387,-0.003195,0.000000,-0.0537,0.2810,0.0012,0.0000,0.0195,0.0000,0.2929,0.000039,0.995629,0.000000,0.000000,0.093392,0.3482,1,0,0,-0.001104,-0.014770,-0.002549
1502,1503.000,-0.0551,0.2812,0.0000,0.000390,-0.003158,0.000000,-0.0529,0.2789,-0.0010,0.0052,0.0190,0.0000,0.2897,0.000039,0.995619,0.000000,0.000000,0.093504,0.3193,1,0,0,-0.001519,0.003721,0.001140
1503,1504.000,-0.0547,0.2780,0.0000,0.000383,-0.003123,0.000000,-0.0548,0.2828,-0.0013,0.0000,0.0182,0.0000,0.2865,0.000036,0.995608,0.000000,0.000000,0.093616,0.3518,1,0,0,0.001254,0.011299,0.002952
1504,1505.000,-0.0543,0.2749,0.0000,0.000375,-0.003084,0.000000,-0.0528,0.2706,-0.0002,0.0000,0.0200,0.0000,0.2834,0.000040,0.995547,0.000000,0.000000,0.094268,0.3844,1,0,0,0.020001,-0.016998,0.002095
1505,1506.000,-0.0539,0.2719,0.0000,0.000368,-0.003048,0.000000,-0.0552,0.2699,-0.0054,0.0000,0.0180,0.0000,0.2802,0.000036,0.995485,0.000000,0.000000,0.094921,0.3556,1,0,0,-0.003199,0.006314,0.002767
1506,1507.000,-0.0536,0.2688,0.0000,0.000372,-0.003013,0.000000,-0.0518,0.2692,-0.0007,0.0052,0.0179,0.0000,0.2772,0.000037,0.995473,0.000000,0.000000,0.095041,0.3279,1,0,0,0.000948,0.003115,0.003366
1507,1508.000,-0.0532,0.2658,0.0000,0.000365,-0.002978,0.000000,-0.0507,0.2653,-0.0010,0.0000,0.0182,0.0000,0.2741,0.000036,0.995462,0.000000,0.000000,0.095161,0.3616,1,0,0,0.008998,-0.011637,0.007125
1508,1509.000,-0.0528,0.2629,0.0000,0.000358,-0.002940,0.000000,-0.0533,0.2600,-0.0013,0.0000,0.0193,0.0000,0.2711,0.000039,0.995398,0.000000,0.000000,0.095826,0.3952,1,0,0,0.012379,0.004556,-0.007376
1509,1510.000,-0.0525,0.2599,0.0000,0.000361,-0.002906,0.000000,-0.0525,0.2575,-0.0013,0.0052,0.0171,0.0000,0.2681,0.000036,0.995334,0.000000,0.000000,0.096491,0.3670,1,0,0,-0.011372,0.024189,-0.010009
1510,1511.000,-0.0521,0.2571,0.0000,0.000354,-0.002874,0.000000,-0.0516,0.2566,-0.0009,0.0000,0.0166,0.0000,0.2652,0.000033,0.995321,0.000000,0.000000,0.096623,0.3387,1,0,0,0.002947,-0.018667,0.003202
1511,1512.000,-0.0518,0.2542,0.0000,0.000348,-0.002840,0.000000,-0.0491,0.2538,-0.0016,0.0000,0.0174,0.0000,0.2623,0.000035,0.995308,0.000000,0.000000,0.096755,0.3719,1,0,0,-0.011170,0.004702,0.007458
1512,1513.000,-0.0514,0.2514,0.0000,0.000351,-0.002806,0.000000,-0.0507,0.2492,-0.0010,0.0050,0.0174,0.0000,0.2594,0.000036,0.995242,0.000000,0.000000,0.097430,0.4061,1,0,0,0.019796,-0.025977,0.003815
1513,1514.000,-0.0511,0.2486,0.0000,0.000345,-0.002773,0.000000,-0.0498,0.2485,0.0003,0.0000,0.0169,0.0000,0.2566,0.000034,0.995176,0.000000,0.000000,0.098106,0.3776,1,0,0,-0.008967,-0.009478,-0.013596
1514,1515.000,-0.0507,0.2458,0.0000,0.000349,-0.002743,0.000000,-0.0531,0.2485,0.0009,0.0054,0.0154,0.0000,0.2538,0.000033,0.995162,0.000000,0.000000,0.098250,0.3491,1,0,0,-0.014310,0.002978,-0.007336
1515,1516.000,-0.0504,0.2431,0.0000,0.000353,-0.002713,0.000000,-0.0513,0.2436,-0.0003,0.0051,0.0155,0.0000,0.2510,0.000033,0.995147,0.000000,0.000000,0.098394,0.3816,1,0,0,0.008906,-0.002938,-0.020080
1516,1517.000,-0.0500,0.2404,0.0000,0.000346,-0.002682,0.000000,-0.0504,0.2415,-0.0034,0.0000,0.0156,0.0000,0.2483,0.000031,0.995080,0.000000,0.000000,0.099079,0.4129,1,0,0,-0.002812,-0.018181,-0.003307
1517,1518.000,-0.0497,0.2377,0.0000,0.000340,-0.002647,0.000000,-0.0511,0.2306,-0.0003,0.0000,0.0182,0.0000,0.2456,0.000036,0.995011,0.000000,0.000000,0.099763,0.3820,1,0,0,-0.022354,-0.007901,-0.011779
1518,1519.000,-0.0493,0.2351,0.0000,0.000334,-0.002616,0.000000,-0.0493,0.2299,-0.0005,0.0000,0.0159,0.0000,0.2429,0.000032,0.994997,0.000000,0.000000,0.099908,0.3519,1,0,0,-0.011116,-0.005290,-0.003688
1519,1520.000,-0.0490,0.2325,0.0000,0.000328,-0.002585,0.000000,-0.0491,0.2348,-0.0058,0.0000,0.0156,0.0000,0.2402,0.000031,0.994982,0.000000,0.000000,0.100053,0.3849,1,0,0,-0.014096,-0.006095,0.002589
1520,1521.000,-0.0487,0.2299,0.0000,0.000322,-0.002553,0.000000,-0.0490,0.2270,0.0028,0.0000,0.0163,0.0000,0.2376,0.000033,0.994912,0.000000,0.000000,0.100744,0.4189,1,0,0,-0.004941,-0.020605,-0.006734
1521,1522.000,-0.0484,0.2274,0.0000,0.000316,-0.002521,0.000000,-0.0453,0.2228,0.0003,0.0000,0.0167,0.0000,0.2350,0.000033,0.994842,0.000000,0.000000,0.101434,0.3911,1,0,0,-0.000949,-0.008491,-0.014417
1522,1523.000,-0.0480,0.2249,0.0000,0.000321,-0.002492,0.000000,-0.0451,0.2285,-0.0045,0.0053,0.0146,0.0000,0.2325,0.000031,0.994826,0.000000,0.000000,0.101592,0.3641,1,0,0,-0.004801,-0.001736,0.002281
1523,1524.000,-0.0477,0.2224,0.0000,0.000315,-0.002463,0.000000,-0.0469,0.2229,-0.0031,0.0000,0.0149,0.0000,0.2300,0.000030,0.994810,0.000000,0.000000,0.101751,0.3982,1,0,0,0.016957,0.004181,0.012863
1524,1525.000,-0.0474,0.2200,0.0000,0.000320,-0.002434,0.000000,-0.0437,0.2174,0.0004,0.0052,0.0146,0.0000,0.2275,0.000031,0.994737,0.000000,0.000000,0.102457,0.4321,1,0,0,-0.007229,-0.005745,-0.018820
1525,1526.000,-0.0471,0.2175,0.0000,0.000314,-0.002405,0.000000,-0.0475,0.2161,-0.0009,0.0000,0.0150,0.0000,0.2250,0.000030,0.994664,0.000000,0.000000,0.103163,0.4026,1,0,0,0.001575,-0.003973,-0.013595
1526,1527.000,-0.0468,0.2152,0.0000,0.000308,-0.002377,0.000000,-0.0425,0.2113,0.0001,0.0000,0.0144,0.0000,0.2226,0.000029,0.994647,0.000000,0.000000,0.103330,0.3728,1,0,0,-0.007978,-0.004584,-0.012871
1527,1528.000,-0.0465,0.2128,0.0000,0.000303,-0.002346,0.000000,-0.0416,0.2062,-0.0007,0.0000,0.0160,0.0000,0.2202,0.000032,0.994630,0.000000,0.000000,0.103498,0.4061,1,0,0,0.018349,-0.015411,-0.005619
1528,1529.000,-0.0462,0.2105,0.0000,0.000307,-0.002319,0.000000,-0.0470,0.2128,-0.0015,0.0050,0.0135,0.0000,0.2178,0.000029,0.994555,0.000000,0.000000,0.104211,0.4402,1,0,0,0.010970,0.005083,-0.004730
1529,1530.000,-0.0459,0.2082,0.0000,0.000302,-0.002294,0.000000,-0.0466,0.2126,-0.0018,0.0000,0.0130,0.0000,0.2155,0.000026,0.994480,0.000000,0.000000,0.104925,0.4111,1,0,0,-0.003348,0.009850,-0.004663
1530,1531.000,-0.0456,0.2059,0.0000,0.000297,-0.002266,0.000000,-0.0467,0.2038,-0.0014,0.0000,0.0144,0.0000,0.2132,0.000029,0.994461,0.000000,0.000000,0.105103,0.3818,1,0,0,-0.003279,-0.017270,-0.004218
1531,1532.000,-0.0453,0.2036,0.0000,0.000302,-0.002240,0.000000,-0.0456,0.2053,0.0037,0.0052,0.0131,0.0000,0.2109,0.000028,0.994442,0.000000,0.000000,0.105282,0.4152,1,0,0,-0.005369,0.006085,0.011312
1532,1533.000,-0.0450,0.2014,0.0000,0.000296,-0.002213,0.000000,-0.0428,0.2015,-0.0015,0.0000,0.0140,0.0000,0.2086,0.000028,0.994366,0.000000,0.000000,0.106004,0.4481,1,0,0,-0.001772,0.002573,-0.011350
1533,1534.000,-0.0447,0.1992,0.0000,0.000291,-0.002187,0.000000,-0.0476,0.1971,-0.0005,0.0000,0.0135,0.0000,0.2064,0.000027,0.994288,0.000000,0.000000,0.106726,0.4181,1,0,0,-0.000210,-0.000330,0.002952
1534,1535.000,-0.0444,0.1970,0.0000,0.000286,-0.002161,0.000000,-0.0477,0.1901,0.0029,0.0000,0.0134,0.0000,0.2041,0.000027,0.994269,0.000000,0.000000,0.106911,0.3889,1,0,0,0.008463,0.001974,0.000555
1535,1536.000,-0.0441,0.1949,0.0000,0.000281,-0.002135,0.000000,-0.0425,0.1889,-0.0024,0.0000,0.0133,0.0000,0.2020,0.000027,0.994249,0.000000,0.000000,0.107096,0.4227,1,0,0,-0.002715,-0.009796,-0.005506
1536,1537.000,-0.0438,0.1928,0.0000,0.000287,-0.002111,0.000000,-0.0448,0.1934,-0.0012,0.0052,0.0120,0.0000,0.1998,0.000026,0.994170,0.000000,0.000000,0.107828,0.4574,1,0,0,0.004840,0.009421,-0.008124
1537,1538.000,-0.0435,0.1907,0.0000,0.000282,-0.002086,0.000000,-0.0436,0.1868,-0.0024,0.0000,0.0128,0.0000,0.1977,0.000026,0.994090,0.000000,0.000000,0.108560,0.4287,1,0,0,0.016738,-0.002342,-0.001026
1538,1539.000,-0.0433,0.1886,0.0000,0.000277,-0.002062,0.000000,-0.0404,0.1880,0.0013,0.0000,0.0127,0.0000,0.1956,0.000026,0.994068,0.000000,0.000000,0.108758,0.3995,1,0,0,-0.000634,0.003344,0.011888
1539,1540.000,-0.0430,0.1865,0.0000,0.000272,-0.002036,0.000000,-0.0413,0.1846,0.0020,0.0000,0.0129,0.0000,0.1935,0.000026,0.994047,0.000000,0.000000,0.108955,0.4328,1,0,0,0.011591,-0.003677,0.001024
1540,1541.000,-0.0427,0.1845,0.0000,0.000277,-0.002013,0.000000,-0.0414,0.1835,0.0010,0.0051,0.0119,0.0000,0.1914,0.000026,0.993965,0.000000,0.000000,0.109696,0.4671,1,0,0,0.004823,-0.012719,0.002898
1541,1542.000,-0.0424,0.1825,0.0000,0.000273,-0.001992,0.000000,-0.0431,0.1792,-0.0025,0.0000,0.0110,0.0000,0.1894,0.000022,0.993883,0.000000,0.000000,0.110437,0.4383,1,0,0,0.004739,-0.015202,0.010791
1542,1543.000,-0.0422,0.1805,0.0000,0.000268,-0.001970,0.000000,-0.0409,0.1809,-0.0016,0.0000,0.0110,0.0000,0.1874,0.000022,0.993860,0.000000,0.000000,0.110647,0.4091,1,0,0,0.011368,0.024704,-0.010832
1543,1544.000,-0.0419,0.1786,0.0000,0.000273,-0.001949,0.000000,-0.0423,0.1777,-0.0046,0.0050,0.0108,0.0000,0.1854,0.000024,0.993836,0.000000,0.000000,0.110856,0.4422,1,0,0,0.013447,0.003258,-0.020772
1544,1545.000,-0.0416,0.1766,0.0000,0.000269,-0.001926,0.000000,-0.0371,0.1736,0.0000,0.0000,0.0118,0.0000,0.1834,0.000024,0.993753,0.000000,0.000000,0.111605,0.4749,1,0,0,-0.006259,0.003187,0.004615
1545,1546.000,-0.0414,0.1747,0.0000,0.000264,-0.001900,0.000000,-0.0406,0.1684,-0.0016,0.0000,0.0133,0.0000,0.1815,0.000027,0.993668,0.000000,0.000000,0.112354,0.4450,1,0,0,0.010111,0.008278,0.014821
1546,1547.000,-0.0411,0.1728,0.0000,0.000260,-0.001877,0.000000,-0.0411,0.1688,-0.0022,0.0000,0.0122,0.0000,0.1795,0.000025,0.993644,0.000000,0.000000,0.112570,0.4158,1,0,0,-0.010622,0.003897,-0.017699
1547,1548.000,-0.0408,0.1710,0.0000,0.000256,-0.001854,0.000000,-0.0402,0.1660,-0.0029,0.0000,0.0114,0.0000,0.1776,0.000023,0.993619,0.000000,0.000000,0.112786,0.4490,1,0,0,0.000956,-0.003205,0.003392
1548,1549.000,-0.0406,0.1691,0.0000,0.000261,-0.001836,0.000000,-0.0409,0.1695,-0.0011,0.0051,0.0095,0.0000,0.1758,0.000022,0.993533,0.000000,0.000000,0.113543,0.4831,1,0,0,-0.002031,0.008926,0.004763
1549,1550.000,-0.0403,0.1673,0.0000,0.000257,-0.001811,0.000000,-0.0362,0.1610,0.0007,0.0000,0.0126,0.0000,0.1739,0.000025,0.993446,0.000000,0.000000,0.114301,0.4541,1,0,0,-0.007421,-0.014873,-0.006159
1550,1551.000,-0.0401,0.1655,0.0000,0.000253,-0.001791,0.000000,-0.0405,0.1635,-0.0003,0.0000,0.0104,0.0000,0.1721,0.000021,0.993420,0.000000,0.000000,0.114527,0.4244,1,0,0,-0.006269,-0.022010,-0.001692
1551,1552.000,-0.0398,0.1637,0.0000,0.000249,-0.001769,0.000000,-0.0378,0.1554,-0.0012,0.0000,0.0111,0.0000,0.1703,0.000022,0.993394,0.000000,0.000000,0.114754,0.4569,1,0,0,0.005855,-0.004189,0.001849
1552,1553.000,-0.0396,0.1620,0.0000,0.000244,-0.001749,0.000000,-0.0359,0.1630,0.0015,0.0000,0.0104,0.0000,0.1685,0.000021,0.993305,0.000000,0.000000,0.115518,0.4903,1,0,0,-0.005428,0.007726,0.013247
1553,1554.000,-0.0393,0.1602,0.0000,0.000240,-0.001728,0.000000,-0.0359,0.1568,0.0002,0.0000,0.0107,0.0000,0.1667,0.000021,0.993216,0.000000,0.000000,0.116281,0.4628,1,0,0,-0.001033,0.006496,0.005101
1554,1555.000,-0.0391,0.1585,0.0000,0.000236,-0.001709,0.000000,-0.0400,0.1572,-0.0010,0.0000,0.0098,0.0000,0.1650,0.000020,0.993188,0.000000,0.000000,0.116520,0.4362,1,0,0,-0.000505,0.000021,0.010633
1555,1556.000,-0.0388,0.1568,0.0000,0.000243,-0.001691,0.000000,-0.0375,0.1553,-0.0009,0.0052,0.0093,0.0000,0.1632,0.000021,0.993160,0.000000,0.000000,0.116760,0.4711,1,0,0,0.022075,-0.007787,-0.006754
1556,1557.000,-0.0386,0.1551,0.0000,0.000239,-0.001671,0.000000,-0.0370,0.1542,-0.0035,0.0000,0.0099,0.0000,0.1615,0.000020,0.993068,0.000000,0.000000,0.117541,0.5054,1,0,0,0.017307,-0.007868,0.012919
1557,1558.000,-0.0384,0.1535,0.0000,0.000235,-0.001653,0.000000,-0.0337,0.1513,0.0004,0.0000,0.0097,0.0000,0.1598,0.000019,0.992975,0.000000,0.000000,0.118322,0.4763,1,0,0,0.001090,-0.001909,-0.006731
1558,1559.000,-0.0381,0.1518,0.0000,0.000231,-0.001632,0.000000,-0.0368,0.1522,-0.0028,0.0000,0.0105,0.0000,0.1582,0.000021,0.992945,0.000000,0.000000,0.118573,0.4483,1,0,0,0.004611,0.001284,-0.007924
1559,1560.000,-0.0379,0.1502,0.0000,0.000227,-0.001613,0.000000,-0.0383,0.1491,0.0011,0.0000,0.0097,0.0000,0.1565,0.000019,0.992915,0.000000,0.000000,0.118823,0.4825,1,0,0,0.000491,-0.002521,-0.006427
1560,1561.000,-0.0377,0.1486,0.0000,0.000234,-0.001597,0.000000,-0.0385,0.1477,0.0002,0.0052,0.0083,0.0000,0.1549,0.000020,0.992820,0.000000,0.000000,0.119618,0.5177,1,0,0,0.006299,-0.007194,-0.007905
1561,1562.000,-0.0374,0.1470,0.0000,0.000230,-0.001579,0.000000,-0.0390,0.1444,-0.0028,0.0000,0.0096,0.0000,0.1533,0.000019,0.992724,0.000000,0.000000,0.120413,0.4893,1,0,0,0.014556,0.002537,-0.005397
1562,1563.000,-0.0372,0.1454,0.0000,0.000226,-0.001562,0.000000,-0.0419,0.1446,-0.0007,0.0000,0.0087,0.0000,0.1517,0.000017,0.992692,0.000000,0.000000,0.120678,0.4601,1,0,0,-0.016294,0.019085,0.008517
1563,1564.000,-0.0370,0.1439,0.0000,0.000233,-0.001546,0.000000,-0.0382,0.1449,-0.0013,0.0050,0.0081,0.0000,0.1501,0.000019,0.992659,0.000000,0.000000,0.120943,0.4930,1,0,0,-0.006797,-0.024742,-0.009260
1564,1565.000,-0.0368,0.1423,0.0000,0.000229,-0.001528,0.000000,-0.0329,0.1384,0.0011,0.0000,0.0094,0.0000,0.1485,0.000019,0.992561,0.000000,0.000000,0.121745,0.5252,1,0,0,-0.020013,-0.022878,-0.008260
1565,1566.000,-0.0365,0.1408,0.0000,0.000226,-0.001510,0.000000,-0.0315,0.1405,-0.0015,0.0000,0.0090,0.0000,0.1470,0.000018,0.992463,0.000000,0.000000,0.122548,0.4945,1,0,0,-0.013760,0.023120,0.005979
1566,1567.000,-0.0363,0.1393,0.0000,0.000222,-0.001492,0.000000,-0.0347,0.1378,0.0007,0.0000,0.0094,0.0000,0.1455,0.000019,0.992429,0.000000,0.000000,0.122816,0.4648,1,0,0,-0.005864,-0.001978,-0.007522
1567,1568.000,-0.0361,0.1378,0.0000,0.000219,-0.001478,0.000000,-0.0360,0.1380,-0.0028,0.0000,0.0072,0.0000,0.1440,0.000014,0.992396,0.000000,0.000000,0.123085,0.4976,1,0,0,0.009310,-0.005906,-0.018903
1568,1569.000,-0.0359,0.1364,0.0000,0.000215,-0.001460,0.000000,-0.0360,0.1356,0.0006,0.0000,0.0092,0.0000,0.1425,0.000018,0.992296,0.000000,0.000000,0.123894,0.5315,1,0,0,-0.001541,0.008012,-0.007336
1569,1570.000,-0.0357,0.1349,0.0000,0.000212,-0.001442,0.000000,-0.0344,0.1331,-0.0002,0.0000,0.0091,0.0000,0.1410,0.000018,0.992194,0.000000,0.000000,0.124702,0.5041,1,0,0,0.002541,0.000189,0.012133
1570,1571.000,-0.0354,0.1335,0.0000,0.000208,-0.001426,0.000000,-0.0369,0.1312,0.0018,0.0000,0.0083,0.0000,0.1395,0.000017,0.992159,0.000000,0.000000,0.124985,0.4775,1,0,0,-0.011275,0.004684,0.009014
1571,1572.000,-0.0352,0.1321,0.0000,0.000205,-0.001409,0.000000,-0.0373,0.1313,-0.0012,0.0000,0.0086,0.0000,0.1381,0.000017,0.992123,0.000000,0.000000,0.125267,0.5128,1,0,0,-0.004055,0.002312,-0.002873
1572,1573.000,-0.0350,0.1307,0.0000,0.000202,-0.001392,0.000000,-0.0363,0.1273,-0.0015,0.0000,0.0087,0.0000,0.1367,0.000017,0.992018,0.000000,0.000000,0.126094,0.5490,1,0,0,0.013562,-0.009560,-0.002327
1573,1574.000,-0.0348,0.1293,0.0000,0.000208,-0.001376,0.000000,-0.0354,0.1278,-0.0037,0.0050,0.0082,0.0000,0.1353,0.000019,0.991913,0.000000,0.000000,0.126922,0.5233,1,0,0,0.007271,-0.010858,-0.005402
1574,1575.000,-0.0346,0.1279,0.0000,0.000205,-0.001361,0.000000,-0.0309,0.1312,-0.0035,0.0000,0.0079,0.0000,0.1339,0.000016,0.991874,0.000000,0.000000,0.127227,0.4964,1,0,0,0.009609,0.006288,0.009064
1575,1576.000,-0.0344,0.1265,0.0000,0.000202,-0.001346,0.000000,-0.0327,0.1259,-0.0007,0.0000,0.0076,0.0000,0.1325,0.000015,0.991835,0.000000,0.000000,0.127532,0.5289,1,0,0,-0.010956,0.013760,0.011171
1576,1577.000,-0.0342,0.1252,0.0000,0.000199,-0.001330,0.000000,-0.0333,0.1237,0.0001,0.0000,0.0085,0.0000,0.1311,0.000017,0.991726,0.000000,0.000000,0.128371,0.5624,1,0,0,0.005819,0.016186,-0.004710
1577,1578.000,-0.0340,0.1239,0.0000,0.000196,-0.001313,0.000000,-0.0326,0.1204,-0.0020,0.0000,0.0086,0.0000,0.1298,0.000017,0.991617,0.000000,0.000000,0.129211,0.5351,1,0,0,0.007843,-0.012590,0.003588
1578,1579.000,-0.0338,0.1226,0.0000,0.000193,-0.001297,0.000000,-0.0295,0.1210,-0.0003,0.0000,0.0082,0.0000,0.1285,0.000016,0.991576,0.000000,0.000000,0.129529,0.5086,1,0,0,0.000784,-0.005281,0.007543
1579,1580.000,-0.0336,0.1213,0.0000,0.000189,-0.001282,0.000000,-0.0305,0.1197,-0.0038,0.0000,0.0078,0.0000,0.1272,0.000016,0.991534,0.000000,0.000000,0.129847,0.5433,1,0,0,0.010810,0.004651,-0.022630
1580,1581.000,-0.0334,0.1200,0.0000,0.000196,-0.001268,0.000000,-0.0308,0.1199,-0.0013,0.0050,0.0073,0.0000,0.1259,0.000018,0.991421,0.000000,0.000000,0.130704,0.5788,1,0,0,0.001164,-0.004691,0.003889
1581,1582.000,-0.0333,0.1188,0.0000,0.000193,-0.001252,0.000000,-0.0283,0.1169,-0.0039,0.0000,0.0080,0.0000,0.1246,0.000016,0.991308,0.000000,0.000000,0.131561,0.5510,1,0,0,-0.001334,-0.016979,-0.003410
1582,1583.000,-0.0331,0.1175,0.0000,0.000191,-0.001237,0.000000,-0.0338,0.1164,-0.0035,0.0000,0.0079,0.0000,0.1233,0.000016,0.991264,0.000000,0.000000,0.131896,0.5218,1,0,0,-0.013656,0.011237,0.006972
1583,1584.000,-0.0329,0.1163,0.0000,0.000188,-0.001223,0.000000,-0.0301,0.1154,0.0027,0.0000,0.0070,0.0000,0.1221,0.000014,0.991219,0.000000,0.000000,0.132230,0.5538,1,0,0,-0.004458,-0.013302,0.002446
1584,1585.000,-0.0327,0.1151,0.0000,0.000185,-0.001211,0.000000,-0.0298,0.1142,-0.0030,0.0000,0.0064,0.0000,0.1208,0.000013,0.991104,0.000000,0.000000,0.133093,0.5867,1,0,0,-0.012215,0.018433,0.004897
1585,1586.000,-0.0325,0.1139,0.0000,0.000182,-0.001195,0.000000,-0.0346,0.1080,-0.0008,0.0000,0.0080,0.0000,0.1196,0.000016,0.990987,0.000000,0.000000,0.133956,0.5597,1,0,0,-0.001819,-0.001843,-0.004674
1586,1587.000,-0.0323,0.1127,0.0000,0.000179,-0.001181,0.000000,-0.0297,0.1146,-0.0025,0.0000,0.0072,0.0000,0.1184,0.000014,0.990940,0.000000,0.000000,0.134303,0.5337,1,0,0,-0.006196,-0.006769,0.002654
1587,1588.000,-0.0321,0.1115,0.0000,0.000176,-0.001167,0.000000,-0.0291,0.1116,-0.0025,0.0000,0.0073,0.0000,0.1172,0.000015,0.990893,0.000000,0.000000,0.134651,0.5681,1,0,0,0.010468,-0.015159,0.001846
1588,1589.000,-0.0320,0.1103,0.0000,0.000184,-0.001154,0.000000,-0.0334,0.1070,-0.0011,0.0051,0.0065,0.0000,0.1160,0.000017,0.990773,0.000000,0.000000,0.135531,0.6034,1,0,0,-0.001428,0.003965,-0.003202
1589,1590.000,-0.0318,0.1092,0.0000,0.000181,-0.001142,0.000000,-0.0312,0.1114,-0.0003,0.0000,0.0067,0.0000,0.1149,0.000013,0.990652,0.000000,0.000000,0.136412,0.5757,1,0,0,0.008245,0.008066,-0.006103
1590,1591.000,-0.0316,0.1081,0.0000,0.000178,-0.001128,0.000000,-0.0291,0.1089,-0.0031,0.0000,0.0067,0.0000,0.1137,0.000013,0.990602,0.000000,0.000000,0.136776,0.5464,1,0,0,0.006033,-0.012435,0.008364
1591,1592.000,-0.0314,0.1069,0.0000,0.000176,-0.001112,0.000000,-0.0361,0.1029,-0.0014,0.0000,0.0083,0.0000,0.1126,0.000017,0.990552,0.000000,0.000000,0.137139,0.5780,1,0,0,-0.015342,0.005690,0.013053
1592,1593.000,-0.0312,0.1058,0.0000,0.000173,-0.001099,0.000000,-0.0300,0.1041,-0.0001,0.0000,0.0069,0.0000,0.1115,0.000014,0.990429,0.000000,0.000000,0.138025,0.6102,1,0,0,0.011161,0.010664,0.012406
1593,1594.000,-0.0311,0.1047,0.0000,0.000170,-0.001087,0.000000,-0.0285,0.1043,0.0056,0.0000,0.0060,0.0000,0.1103,0.000012,0.990305,0.000000,0.000000,0.138910,0.5827,1,0,0,-0.007849,0.004383,-0.008514
1594,1595.000,-0.0309,0.1037,0.0000,0.000168,-0.001075,0.000000,-0.0322,0.1040,0.0016,0.0000,0.0063,0.0000,0.1093,0.000013,0.990253,0.000000,0.000000,0.139284,0.5562,1,0,0,-0.004403,-0.018872,-0.010064
1595,1596.000,-0.0307,0.1026,0.0000,0.000165,-0.001063,0.000000,-0.0305,0.1022,-0.0025,0.0000,0.0064,0.0000,0.1082,0.000013,0.990200,0.000000,0.000000,0.139657,0.5899,1,0,0,-0.009169,0.011189,-0.005212
1596,1597.000,-0.0306,0.1015,0.0000,0.000173,-0.001052,0.000000,-0.0332,0.1000,-0.0003,0.0052,0.0055,0.0000,0.1071,0.000015,0.990072,0.000000,0.000000,0.140558,0.6246,1,0,0,0.014883,0.001242,-0.009060
1597,1598.000,-0.0304,0.1005,0.0000,0.000171,-0.001040,0.000000,-0.0306,0.1004,-0.0026,0.0000,0.0061,0.0000,0.1060,0.000012,0.989944,0.000000,0.000000,0.141458,0.5968,1,0,0,0.008574,-0.009653,-0.000800
1598,1599.000,-0.0302,0.0995,0.0000,0.000168,-0.001029,0.000000,-0.0302,0.1009,-0.0023,0.0000,0.0060,0.0000,0.1050,0.000012,0.989889,0.000000,0.000000,0.141847,0.5672,1,0,0,0.004522,0.000096,-0.000246
1599,1600.000,-0.0301,0.0984,0.0000,0.000176,-0.001029,0.000000,-0.0296,0.1002,0.0001,0.0051,0.0000,0.0000,0.1039,0.000010,0.989833,0.000000,0.000000,0.142235,0.5979,1,0,0,0.013763,0.010575,0.006922
1600,1601.000,-0.0299,0.0974,0.0000,0.000174,-0.001017,0.000000,-0.0278,0.0980,-0.0003,0.0000,0.0060,0.0000,0.1029,0.000012,0.989703,0.000000,0.000000,0.143138,0.6278,1,0,0,0.003629,-0.000551,-0.022113
1601,1602.000,-0.0297,0.0964,0.0000,0.000171,-0.001008,0.000000,-0.0314,0.0992,0.0023,0.0000,0.0051,0.0000,0.1019,0.000010,0.989572,0.000000,0.000000,0.144041,0.5973,1,0,0,-0.012591,0.007828,-0.018048
1602,1603.000,-0.0295,0.0954,0.0000,0.000169,-0.000995,0.000000,-0.0282,0.0919,0.0005,0.0000,0.0062,0.0000,0.1009,0.000012,0.989515,0.000000,0.000000,0.144428,0.5678,1,0,0,-0.021931,-0.000277,0.019727
1603,1604.000,-0.0294,0.0944,0.0000,0.000166,-0.000984,0.000000,-0.0305,0.0937,0.0006,0.0000,0.0062,0.0000,0.0999,0.000012,0.989459,0.000000,0.000000,0.144815,0.5991,1,0,0,0.000475,-0.006048,-0.010712
1604,1605.000,-0.0292,0.0934,0.0000,0.000164,-0.000972,0.000000,-0.0310,0.0905,-0.0003,0.0000,0.0059,0.0000,0.0989,0.000012,0.989326,0.000000,0.000000,0.145721,0.6311,1,0,0,0.003034,0.005889,-0.030123
1605,1606.000,-0.0290,0.0925,0.0000,0.000162,-0.000961,0.000000,-0.0281,0.0906,-0.0008,0.0000,0.0055,0.0000,0.0979,0.000011,0.989192,0.000000,0.000000,0.146627,0.6038,1,0,0,0.005539,-0.011104,0.004838
1606,1607.000,-0.0289,0.0915,0.0000,0.000160,-0.000952,0.000000,-0.0281,0.0906,-0.0046,0.0000,0.0051,0.0000,0.0969,0.000010,0.989133,0.000000,0.000000,0.147024,0.5774,1,0,0,-0.006776,-0.011745,0.017580
1607,1608.000,-0.0287,0.0905,0.0000,0.000167,-0.000952,0.000000,-0.0271,0.0860,0.0030,0.0050,0.0000,0.0000,0.0959,0.000010,0.989074,0.000000,0.000000,0.147421,0.6111,1,0,0,0.021891,-0.009292,-0.024436
1608,1609.000,-0.0286,0.0896,0.0000,0.000165,-0.000952,0.000000,-0.0250,0.0844,-0.0007,0.0000,0.0000,0.0000,0.0950,0.000000,0.988936,0.000000,0.000000,0.148342,0.6439,1,0,0,0.006791,-0.015551,-0.004119
1609,1610.000,-0.0284,0.0886,0.0000,0.000163,-0.000953,0.000000,-0.0287,0.0888,-0.0037,0.0000,0.0000,0.0000,0.0940,0.000000,0.988797,0.000000,0.000000,0.149264,0.6160,1,0,0,0.005454,0.002980,-0.000254
1610,1611.000,-0.0282,0.0877,0.0000,0.000171,-0.000953,0.000000,-0.0273,0.0818,0.0009,0.0051,0.0000,0.0000,0.0931,0.000010,0.988736,0.000000,0.000000,0.149671,0.5911,1,0,0,-0.007318,-0.007706,-0.018475
1611,1612.000,-0.0281,0.0867,0.0000,0.000169,-0.000954,0.000000,-0.0283,0.0771,-0.0042,0.0000,0.0000,0.0000,0.0921,0.000000,0.988674,0.000000,0.000000,0.150079,0.6259,1,0,0,-0.006305,-0.000801,0.007292
1612,1613.000,-0.0279,0.0858,0.0000,0.000177,-0.000954,0.000000,-0.0285,0.0841,-0.0004,0.0052,0.0000,0.0000,0.0912,0.000010,0.988531,0.000000,0.000000,0.151021,0.6608,1,0,0,0.012530,0.006539,-0.009450
1613,1614.000,-0.0277,0.0848,0.0000,0.000174,-0.000954,0.000000,-0.0241,0.0832,-0.0014,0.0000,0.0000,0.0000,0.0902,0.000000,0.988386,0.000000,0.000000,0.151964,0.6336,1,0,0,0.003552,0.009508,0.011609
1614,1615.000,-0.0275,0.0839,0.0000,0.000172,-0.000955,0.000000,-0.0251,0.0830,0.0005,0.0000,0.0000,0.0000,0.0892,0.000000,0.988321,0.000000,0.000000,0.152388,0.6065,1,0,0,-0.008404,-0.010801,-0.000378
1615,1616.000,-0.0274,0.0829,0.0000,0.000180,-0.000955,0.000000,-0.0292,0.0819,0.0035,0.0051,0.0000,0.0000,0.0883,0.000010,0.988255,0.000000,0.000000,0.152811,0.6428,1,0,0,0.008525,0.007264,-0.012950
1616,1617.000,-0.0272,0.0820,0.0000,0.000178,-0.000945,0.000000,-0.0289,0.0829,-0.0014,0.0000,0.0050,0.0000,0.0873,0.000010,0.988106,0.000000,0.000000,0.153773,0.6792,1,0,0,-0.000837,-0.011817,0.004585
1617,1618.000,-0.0270,0.0810,0.0000,0.000176,-0.000946,0.000000,-0.0262,0.0814,-0.0022,0.0000,0.0000,0.0000,0.0864,0.000000,0.987956,0.000000,0.000000,0.154735,0.6525,1,0,0,0.008941,0.016996,0.024800
1618,1619.000,-0.0268,0.0801,0.0000,0.000184,-0.000946,0.000000,-0.0255,0.0780,-0.0028,0.0051,0.0000,0.0000,0.0854,0.000010,0.987886,0.000000,0.000000,0.155180,0.6282,1,0,0,-0.004169,0.010960,-0.009796
1619,1620.000,-0.0266,0.0791,0.0000,0.000181,-0.000947,0.000000,-0.0278,0.0755,-0.0021,0.0000,0.0000,0.0000,0.0844,0.000000,0.987816,0.000000,0.000000,0.155624,0.6639,1,0,0,-0.000237,-0.004638,0.015261
1620,1621.000,-0.0265,0.0782,0.0000,0.000189,-0.000947,0.000000,-0.0243,0.0816,0.0023,0.0051,0.0000,0.0000,0.0835,0.000010,0.987660,0.000000,0.000000,0.156611,0.7000,1,0,0,-0.007861,0.006638,0.011729
1621,1622.000,-0.0263,0.0772,0.0000,0.000187,-0.000948,0.000000,-0.0258,0.0788,0.0004,0.0000,0.0000,0.0000,0.0825,0.000000,0.987504,0.000000,0.000000,0.157596,0.6734,1,0,0,-0.007751,-0.013904,0.003939
1622,1623.000,-0.0261,0.0763,0.0000,0.000185,-0.000948,0.000000,-0.0232,0.0689,-0.0021,0.0000,0.0000,0.0000,0.0816,0.000000,0.987429,0.000000,0.000000,0.158061,0.6471,1,0,0,0.005345,-0.012858,0.006166
1623,1624.000,-0.0259,0.0753,0.0000,0.000193,-0.000948,0.000000,-0.0249,0.0710,0.0000,0.0051,0.0000,0.0000,0.0806,0.000010,0.987355,0.000000,0.000000,0.158526,0.6849,1,0,0,0.004349,0.003461,-0.005703
1624,1625.000,-0.0257,0.0744,0.0000,0.000190,-0.000949,0.000000,-0.0281,0.0729,0.0009,0.0000,0.0000,0.0000,0.0797,0.000000,0.987192,0.000000,0.000000,0.159537,0.7231,1,0,0,0.005791,-0.000518,-0.000322
1625,1626.000,-0.0255,0.0734,0.0000,0.000198,-0.000949,0.000000,-0.0245,0.0756,-0.0029,0.0051,0.0000,0.0000,0.0787,0.000010,0.987028,0.000000,0.000000,0.160547,0.6984,1,0,0,0.001228,-0.005890,-0.001830
1626,1627.000,-0.0253,0.0725,0.0000,0.000196,-0.000950,0.000000,-0.0264,0.0749,0.0002,0.0000,0.0000,0.0000,0.0777,0.000000,0.986948,0.000000,0.000000,0.161041,0.6742,1,0,0,-0.012000,0.013469,0.013391
1627,1628.000,-0.0251,0.0715,0.0000,0.000194,-0.000940,0.000000,-0.0237,0.0671,0.0037,0.0000,0.0050,0.0000,0.0768,0.000010,0.986867,0.000000,0.000000,0.161535,0.7103,1,0,0,-0.012765,0.001720,0.005347
1628,1629.000,-0.0249,0.0706,0.0000,0.000202,-0.000941,0.000000,-0.0256,0.0674,-0.0001,0.0051,0.0000,0.0000,0.0758,0.000010,0.986697,0.000000,0.000000,0.162570,0.7493,1,0,0,-0.014991,-0.017019,0.011702
1629,1630.000,-0.0247,0.0697,0.0000,0.000200,-0.000941,0.000000,-0.0255,0.0661,0.0016,0.0000,0.0000,0.0000,0.0749,0.000000,0.986526,0.000000,0.000000,0.163605,0.7245,1,0,0,0.006912,0.010097,-0.013603
1630,1631.000,-0.0245,0.0687,0.0000,0.000208,-0.000941,0.000000,-0.0264,0.0727,-0.0017,0.0051,0.0000,0.0000,0.0739,0.000010,0.986439,0.000000,0.000000,0.164129,0.7002,1,0,0,0.009439,-0.019731,-0.004833
1631,1632.000,-0.0243,0.0678,0.0000,0.000205,-0.000942,0.000000,-0.0241,0.0720,-0.0041,0.0000,0.0000,0.0000,0.0730,0.000000,0.986351,0.000000,0.000000,0.164654,0.7358,1,0,0,-0.006046,-0.002421,-0.024595
1632,1633.000,-0.0241,0.0668,0.0000,0.000213,-0.000942,0.000000,-0.0249,0.0672,-0.0004,0.0050,0.0000,0.0000,0.0720,0.000010,0.986174,0.000000,0.000000,0.165713,0.7720,1,0,0,0.000265,0.002766,0.016986
1633,1634.000,-0.0239,0.0659,0.0000,0.000211,-0.000943,0.000000,-0.0257,0.0655,0.0002,0.0000,0.0000,0.0000,0.0710,0.000000,0.985996,0.000000,0.000000,0.166772,0.7465,1,0,0,0.013619,0.012246,-0.009511
1634,1635.000,-0.0237,0.0650,0.0000,0.000209,-0.000943,0.000000,-0.0226,0.0660,0.0020,0.0000,0.0000,0.0000,0.0701,0.000000,0.985903,0.000000,0.000000,0.167319,0.7217,1,0,0,-0.005333,-0.003146,0.009785
1635,1636.000,-0.0235,0.0640,0.0000,0.000217,-0.000944,0.000000,-0.0218,0.0649,-0.0012,0.0051,0.0000,0.0000,0.0691,0.000010,0.985810,0.000000,0.000000,0.167866,0.7610,1,0,0,0.002041,-0.000063,-0.004443
1636,1637.000,-0.0232,0.0631,0.0000,0.000214,-0.000934,0.000000,-0.0231,0.0622,-0.0035,0.0000,0.0050,0.0000,0.0682,0.000010,0.985624,0.000000,0.000000,0.168955,0.8011,1,0,0,0.002091,-0.009516,0.000922
1637,1638.000,-0.0230,0.0621,0.0000,0.000212,-0.000935,0.000000,-0.0223,0.0607,-0.0009,0.0000,0.0000,0.0000,0.0672,0.000000,0.985436,0.000000,0.000000,0.170045,0.7774,1,0,0,0.013005,-0.009555,0.002831
1638,1639.000,-0.0228,0.0612,0.0000,0.000220,-0.000935,0.000000,-0.0228,0.0613,0.0001,0.0052,0.0000,0.0000,0.0663,0.000010,0.985336,0.000000,0.000000,0.170627,0.7570,1,0,0,0.014593,-0.016334,0.001883
1639,1640.000,-0.0226,0.0603,0.0000,0.000218,-0.000936,0.000000,-0.0212,0.0561,-0.0016,0.0000,0.0000,0.0000,0.0653,0.000000,0.985235,0.000000,0.000000,0.171208,0.7965,1,0,0,-0.007463,-0.023051,0.012141
1640,1641.000,-0.0224,0.0593,0.0000,0.000226,-0.000936,0.000000,-0.0207,0.0595,0.0007,0.0050,0.0000,0.0000,0.0644,0.000010,0.985038,0.000000,0.000000,0.172339,0.8368,1,0,0,0.026039,0.013195,-0.014899
1641,1642.000,-0.0221,0.0584,0.0000,0.000224,-0.000937,0.000000,-0.0256,0.0567,-0.0002,0.0000,0.0000,0.0000,0.0634,0.000000,0.984839,0.000000,0.000000,0.173469,0.8142,1,0,0,-0.003204,-0.010407,0.003255
1642,1643.000,-0.0219,0.0575,0.0000,0.000222,-0.000937,0.000000,-0.0179,0.0539,0.0006,0.0000,0.0000,0.0000,0.0625,0.000000,0.984730,0.000000,0.000000,0.174088,0.7927,1,0,0,-0.006739,-0.004792,0.012255
1643,1644.000,-0.0217,0.0565,0.0000,0.000230,-0.000938,0.000000,-0.0229,0.0493,-0.0012,0.0050,0.0000,0.0000,0.0615,0.000010,0.984620,0.000000,0.000000,0.174707,0.8361,1,0,0,0.017135,-0.007152,0.002794
1644,1645.000,-0.0215,0.0556,0.0000,0.000238,-0.000928,0.000000,-0.0177,0.0552,-0.0006,0.0051,0.0050,0.0000,0.0605,0.000014,0.984411,0.000000,0.000000,0.175884,0.8809,1,0,0,-0.000041,-0.012125,0.005098
1645,1646.000,-0.0212,0.0547,0.0000,0.000235,-0.000929,0.000000,-0.0204,0.0521,0.0005,0.0000,0.0000,0.0000,0.0596,0.000000,0.984200,0.000000,0.000000,0.177061,0.8559,1,0,0,-0.004455,0.003641,-0.012898
1646,1647.000,-0.0210,0.0537,0.0000,0.000233,-0.000929,0.000000,-0.0210,0.0525,0.0017,0.0000,0.0000,0.0000,0.0586,0.000000,0.984081,0.000000,0.000000,0.177722,0.8303,1,0,0,0.006794,0.007755,-0.005311
1647,1648.000,-0.0208,0.0528,0.0000,0.000241,-0.000930,0.000000,-0.0163,0.0490,-0.0015,0.0050,0.0000,0.0000,0.0577,0.000010,0.983961,0.000000,0.000000,0.178383,0.8705,1,0,0,-0.000847,0.002768,0.008497
1648,1649.000,-0.0205,0.0519,0.0000,0.000239,-0.000930,0.000000,-0.0177,0.0486,-0.0036,0.0000,0.0000,0.0000,0.0567,0.000000,0.983741,0.000000,0.000000,0.179590,0.9121,1,0,0,0.013234,-0.007598,-0.007639
1649,1650.000,-0.0203,0.0509,0.0000,0.000237,-0.000931,0.000000,-0.0215,0.0495,-0.0024,0.0000,0.0000,0.0000,0.0558,0.000000,0.983520,0.000000,0.000000,0.180797,0.8917,1,0,0,0.008904,-0.001393,-0.005410
1650,1651.000,-0.0200,0.0500,0.0000,0.000245,-0.000931,0.000000,-0.0236,0.0511,0.0005,0.0052,0.0000,0.0000,0.0548,0.000010,0.983390,0.000000,0.000000,0.181504,0.8778,1,0,0,-0.023129,-0.029962,-0.002490
1651,1652.000,-0.0198,0.0491,0.0000,0.000243,-0.000932,0.000000,-0.0203,0.0478,0.0015,0.0000,0.0000,0.0000,0.0539,0.000000,0.983260,0.000000,0.000000,0.182210,0.9239,1,0,0,-0.010205,-0.007065,-0.013893
1652,1653.000,-0.0195,0.0481,0.0000,0.000251,-0.000923,0.000000,-0.0220,0.0491,0.0011,0.0051,0.0050,0.0000,0.0529,0.000014,0.983022,0.000000,0.000000,0.183486,0.9719,1,0,0,0.011247,0.008535,-0.009454
1653,1654.000,-0.0193,0.0472,0.0000,0.000249,-0.000923,0.000000,-0.0179,0.0441,-0.0002,0.0000,0.0000,0.0000,0.0520,0.000000,0.982784,0.000000,0.000000,0.184761,0.9534,1,0,0,-0.017641,0.002740,-0.002891
1654,1655.000,-0.0190,0.0463,0.0000,0.000257,-0.000924,0.000000,-0.0173,0.0482,0.0029,0.0051,0.0000,0.0000,0.0510,0.000010,0.982639,0.000000,0.000000,0.185530,0.9348,1,0,0,0.002963,0.006818,-0.012320
1655,1656.000,-0.0188,0.0454,0.0000,0.000254,-0.000883,0.000000,-0.0166,0.0462,-0.0000,0.0000,0.0207,0.0000,0.0501,0.000041,0.982493,0.000000,0.000000,0.186299,0.9773,1,0,0,0.001123,0.010260,-0.006211
1656,1657.000,-0.0185,0.0445,0.0000,0.000252,-0.000844,0.000000,-0.0183,0.0459,0.0009,0.0000,0.0196,0.0000,0.0491,0.000039,0.982241,0.000000,0.000000,0.187625,1.0128,0,0,0,0.019703,-0.002237,0.001181
1657,1658.000,-0.0183,0.0437,0.0000,0.000250,-0.000808,0.000000,-0.0205,0.0440,-0.0013,0.0000,0.0182,0.0000,0.0482,0.000036,0.981987,0.000000,0.000000,0.188950,0.9723,1,0,0,0.001989,-0.013769,-0.008943
1658,1659.000,-0.0180,0.0429,0.0000,0.000260,-0.000809,0.000000,-0.0182,0.0472,-0.0018,0.0055,0.0000,0.0000,0.0474,0.000011,0.981841,0.000000,0.000000,0.189708,0.9210,1,0,0,0.002487,-0.003398,0.000507
1659,1660.000,-0.0178,0.0421,0.0000,0.000258,-0.000774,0.000000,-0.0220,0.0396,-0.0001,0.0000,0.0178,0.0000,0.0465,0.000036,0.981694,0.000000,0.000000,0.190466,0.9272,1,0,0,-0.004087,-0.006729,0.014023
1660,1661.000,-0.0175,0.0413,0.0000,0.000256,-0.000742,0.000000,-0.0195,0.0406,-0.0037,0.0000,0.0162,0.0000,0.0457,0.000032,0.981547,0.000000,0.000000,0.191223,0.9243,1,0,0,-0.011569,0.013099,0.007817
1661,1662.000,-0.0173,0.0406,0.0000,0.000254,-0.000712,0.000000,-0.0177,0.0375,-0.0025,0.0000,0.0155,0.0000,0.0449,0.000031,0.981399,0.000000,0.000000,0.191981,0.9101,1,0,0,-0.010680,-0.012898,-0.001297
1662,1663.000,-0.0170,0.0399,0.0000,0.000253,-0.000682,0.000000,-0.0158,0.0365,-0.0018,0.0000,0.0151,0.0000,0.0441,0.000030,0.981250,0.000000,0.000000,0.192738,0.8849,1,0,0,0.005762,-0.000948,-0.012876
1663,1664.000,-0.0168,0.0393,0.0000,0.000251,-0.000655,0.000000,-0.0150,0.0390,-0.0015,0.0000,0.0139,0.0000,0.0434,0.000028,0.981101,0.000000,0.000000,0.193496,0.8485,1,0,0,-0.014101,-0.004187,0.001742
1664,1665.000,-0.0165,0.0386,0.0000,0.000249,-0.000627,0.000000,-0.0179,0.0348,-0.0005,0.0000,0.0140,0.0000,0.0427,0.000028,0.980951,0.000000,0.000000,0.194253,0.8008,1,0,0,0.018645,-0.007026,0.010080
1665,1666.000,-0.0163,0.0380,0.0000,0.000248,-0.000607,0.000000,-0.0177,0.0398,0.0016,0.0000,0.0107,0.0000,0.0420,0.000021,0.980801,0.000000,0.000000,0.195010,0.7418,1,0,0,-0.005586,0.007493,0.006496
1666,1667.000,-0.0160,0.0374,0.0000,0.000247,-0.000584,0.000000,-0.0145,0.0354,-0.0020,0.0000,0.0116,0.0000,0.0413,0.000023,0.980650,0.000000,0.000000,0.195767,0.6726,1,0,0,-0.009420,0.003562,0.017460
1667,1668.000,-0.0158,0.0368,0.0000,0.000245,-0.000566,0.000000,-0.0179,0.0387,-0.0012,0.0000,0.0095,0.0000,0.0407,0.000019,0.980499,0.000000,0.000000,0.196524,0.5938,1,0,0,0.002656,-0.003396,0.006011
1668,1669.000,-0.0155,0.0363,0.0000,0.000244,-0.000547,0.000000,-0.0174,0.0374,0.0016,0.0000,0.0094,0.0000,0.0401,0.000019,0.980347,0.000000,0.000000,0.197281,0.5055,1,0,0,0.003828,0.005216,-0.006529
1669,1670.000,-0.0153,0.0357,0.0000,0.000243,-0.000526,0.000000,-0.0102,0.0340,-0.0023,0.0000,0.0108,0.0000,0.0395,0.000022,0.980194,0.000000,0.000000,0.198037,0.4086,1,0,0,0.013122,0.004096,-0.011410
1670,1671.000,-0.0150,0.0352,0.0000,0.000241,-0.000509,0.000000,-0.0137,0.0327,0.0011,0.0000,0.0088,0.0000,0.0389,0.000018,0.980171,0.000000,0.000000,0.198154,0.3018,1,0,0,0.001769,-0.006761,-0.010863
1671,1672.000,-0.0148,0.0347,0.0000,0.000240,-0.000493,0.000000,-0.0122,0.0346,-0.0035,0.0000,0.0086,0.0000,0.0383,0.000017,0.980147,0.000000,0.000000,0.198272,0.2597,1,0,0,0.008815,0.016932,0.000382
1672,1673.000,-0.0146,0.0342,0.0000,0.000239,-0.000474,0.000000,-0.0121,0.0347,0.0006,0.0000,0.0097,0.0000,0.0377,0.000019,0.980123,0.000000,0.000000,0.198389,0.2084,1,0,0,0.012939,0.011524,0.022040
1673,1674.000,-0.0143,0.0338,0.0000,0.000238,-0.000461,0.000000,-0.0128,0.0353,0.0008,0.0000,0.0067,0.0000,0.0372,0.000013,0.980100,0.000000,0.000000,0.198506,0.1469,1,0,0,0.000798,0.002291,0.009724
1674,1675.000,-0.0141,0.0333,0.0000,0.000237,-0.000451,0.000000,-0.0152,0.0355,-0.0045,0.0000,0.0053,0.0000,0.0367,0.000011,0.980076,0.000000,0.000000,0.198623,0.0759,1,0,0,-0.003239,-0.026235,-0.002974
1675,1676.000,-0.0138,0.0329,0.0000,0.000236,-0.000438,0.000000,-0.0150,0.0317,-0.0022,0.0000,0.0069,0.0000,0.0362,0.000014,0.980052,0.000000,0.000000,0.198740,0.0022,1,0,0,0.002595,-0.000340,0.012807
1676,1677.000,-0.0136,0.0324,0.0000,0.000235,-0.000422,0.000000,-0.0130,0.0271,-0.0000,0.0000,0.0080,0.0000,0.0357,0.000016,0.980028,0.000000,0.000000,0.198858,0.0878,1,0,0,-0.010369,-0.012504,-0.000972
1677,1678.000,-0.0134,0.0320,0.0000,0.000234,-0.000412,0.000000,-0.0164,0.0362,-0.0019,0.0000,0.0055,0.0000,0.0352,0.000011,0.980005,0.000000,0.000000,0.198975,0.1829,1,0,0,-0.012862,0.007951,-0.008497
1678,1679.000,-0.0131,0.0316,0.0000,0.000233,-0.000399,0.000000,-0.0122,0.0275,0.0015,0.0000,0.0065,0.0000,0.0347,0.000013,0.980108,0.000000,0.000000,0.198467,0.2870,1,0,0,-0.018312,-0.010773,0.007817
1679,1680.000,-0.0129,0.0312,0.0000,0.000232,-0.000386,0.000000,-0.0127,0.0246,-0.0011,0.0000,0.0066,0.0000,0.0342,0.000013,0.980210,0.000000,0.000000,0.197958,0.3264,1,0,0,-0.000876,-0.002109,-0.004331
1680,1681.000,-0.0127,0.0308,0.0000,0.000231,-0.000375,0.000000,-0.0106,0.0313,-0.0040,0.0000,0.0058,0.0000,0.0338,0.000012,0.980313,0.000000,0.000000,0.197450,0.3752,1,0,0,-0.011382,-0.019487,-0.010446
1681,1682.000,-0.0124,0.0305,0.0000,0.000230,-0.000376,0.000000,-0.0122,0.0294,0.0012,0.0000,0.0000,0.0000,0.0333,0.000000,0.980415,0.000000,0.000000,0.196942,0.4331,1,0,0,0.002810,0.008128,0.006926
1682,1683.000,-0.0122,0.0301,0.0000,0.000229,-0.000376,0.000000,-0.0127,0.0322,-0.0043,0.0000,0.0000,0.0000,0.0329,0.000000,0.980517,0.000000,0.000000,0.196433,0.4963,1,0,0,-0.003124,-0.003178,0.011058
1683,1684.000,-0.0120,0.0297,0.0000,0.000228,-0.000363,0.000000,-0.0091,0.0234,0.0014,0.0000,0.0071,0.0000,0.0325,0.000014,0.980619,0.000000,0.000000,0.195925,0.5609,1,0,0,0.003497,0.001107,-0.011154
1684,1685.000,-0.0118,0.0294,0.0000,0.000227,-0.000350,0.000000,-0.0087,0.0266,-0.0005,0.0000,0.0067,0.0000,0.0320,0.000013,0.980720,0.000000,0.000000,0.195416,0.6318,1,0,0,0.011014,-0.001828,-0.003184
1685,1686.000,-0.0115,0.0290,0.0000,0.000227,-0.000350,0.000000,-0.0104,0.0289,-0.0045,0.0000,0.0000,0.0000,0.0316,0.000000,0.980822,0.000000,0.000000,0.194907,0.7137,1,0,0,0.008397,0.019440,0.001825
